Ran migration: 01_init.sql #1
Ran migration: 01_init.sql #2
Ran migration: 01_init.sql #3
Ran migration: 01_init.sql #4
Ran migration: 01_init.sql #5
Ran migration: 01_init.sql #6
Ran migration: 01_init.sql #7
Ran migration: 01_init.sql #8
Ran migration: 01_init.sql #9
Ran migration: 01_init.sql #10
Ran migration: 01_init.sql #11
Ran migration: 01_init.sql #12
Ran migration: 01_init.sql #13
Ran migration: 01_init.sql #14
Ran migration: 01_init.sql #15
Ran migration: 01_init.sql #16
Ran migration: 01_init.sql #17
Ran migration: 01_init.sql #18
Skip (already exists): 02_add_default_model.sql
Ran migration: 03_add_props_episode_id.sql
Skip (already exists): 04_async_tasks_columns.sql #1
Skip (already exists): 04_async_tasks_columns.sql #2
Skip (already exists): 04_async_tasks_columns.sql #3
Skip (already exists): 05_add_image_generations_completed_at.sql #1
Skip (already exists): 05_add_image_generations_completed_at.sql #2
Skip (already exists): 06_add_characters_local_path.sql
Skip (already exists): 07_add_scenes_image_columns.sql #1
Skip (already exists): 07_add_scenes_image_columns.sql #2
Skip (already exists): 08_add_video_generations_completed_at.sql #1
Skip (already exists): 08_add_video_generations_completed_at.sql #2
Ran migration: 09_scene_prop_libraries.sql #1
Ran migration: 09_scene_prop_libraries.sql #2
Ran migration: 10_prompt_overrides.sql
Ran migration: 11_add_api_protocol.sql
Ran migration: 12_image_proxy_cache.sql
Ran migration: 13_character_identity_anchors.sql #1
Ran migration: 13_character_identity_anchors.sql #2
Ran migration: 13_character_identity_anchors.sql #3
Ran migration: 13_character_identity_anchors.sql #4
Ran migration: 13_character_identity_anchors.sql #5
Ran migration: 13_character_identity_anchors.sql #6
Ran migration: 13_character_identity_anchors.sql #7
Ran migration: 13_character_identity_anchors.sql #8
Ran migration: 13_character_identity_anchors.sql #9
Ran migration: 14_storyboard_segments_and_model_map.sql #1
Ran migration: 14_storyboard_segments_and_model_map.sql #2
Ran migration: 14_storyboard_segments_and_model_map.sql #3
Ran migration: 15_storyboard_angle_structured.sql #1
Ran migration: 15_storyboard_angle_structured.sql #2
Ran migration: 15_storyboard_angle_structured.sql #3
Ran migration: 16_character_polished_prompt.sql
Ran migration: 17_character_stages.sql
Ran migration: 18_storyboard_narration.sql
Ran migration: 19_storyboard_universal_mode.sql #1
Ran migration: 19_storyboard_universal_mode.sql #2
Ran migration: 20_character_seedance2_asset.sql
Ran migration: 21_asset_negative_prompt.sql #1
Ran migration: 21_asset_negative_prompt.sql #2
Ran migration: 21_asset_negative_prompt.sql #3
Skip (already exists): 22_library_source_id.sql #1
Skip (already exists): 22_library_source_id.sql #2
Skip (already exists): 22_library_source_id.sql #3
Skip (already exists): 22_library_source_id.sql #4
Skip (already exists): 22_library_source_id.sql #5
Skip (already exists): 22_library_source_id.sql #6
Ran migration: 22_library_source_id.sql #7
Ran migration: 22_library_source_id.sql #8
Ran migration: 22_library_source_id.sql #9
Ran migration: 23_omni_video_workbench.sql #1
Ran migration: 23_omni_video_workbench.sql #2
Ran migration: 23_omni_video_workbench.sql #3
Ran migration: 23_omni_video_workbench.sql #4
Ran migration: 23_omni_video_workbench.sql #5
Ran migration: 23_omni_video_workbench.sql #6
Ran migration: 23_omni_video_workbench.sql #7
Ran migration: 23_omni_video_workbench.sql #8
Ran migration: 23_omni_video_workbench.sql #9
Ran migration: 23_omni_video_workbench.sql #10
Ran migration: 23_omni_video_workbench.sql #11
Ran migration: 23_omni_video_workbench.sql #12
Ran migration: 24_asset_seedance2_certification.sql
Ran migration: 25_omni_sequences.sql #1
Ran migration: 25_omni_sequences.sql #2
Ran migration: 25_omni_sequences.sql #3
Ran migration: 25_omni_sequences.sql #4
Ran migration: 25_omni_sequences.sql #5
Ran migration: 26_omni_workbench_improvements.sql #1
Ran migration: 26_omni_workbench_improvements.sql #2
Ran migration: 27_ai_toolbox.sql #1
Ran migration: 27_ai_toolbox.sql #2
Ran migration: 27_ai_toolbox.sql #3
Ran migration: 27_ai_toolbox.sql #4
Ran migration: 27_ai_toolbox.sql #5
Ran migration: 27_ai_toolbox.sql #6
Ran migration: 27_ai_toolbox.sql #7
Ran migration: 28_storyboard_generation_settings.sql #1
Ran migration: 28_storyboard_generation_settings.sql #2
Ran migration: 28_storyboard_generation_settings.sql #3
Ran migration: 28_storyboard_generation_settings.sql #4
Ran migration: 29_resource_seedance2_asset.sql #1
Ran migration: 29_resource_seedance2_asset.sql #2
Ran migration: 30_storyboard_omni_assets.sql #1
Ran migration: 30_storyboard_omni_assets.sql #2
Ran migration: 30_storyboard_omni_assets.sql #3
Ran migration: 30_storyboard_omni_assets.sql #4
Ran migration: 30_storyboard_omni_assets.sql #5
Ran migration: 30_storyboard_omni_assets.sql #6
Ran migration: 30_storyboard_omni_assets.sql #7
Ran migration: 30_storyboard_omni_assets.sql #8
Ran migration: 30_storyboard_omni_assets.sql #9
Ran migration: 31_storyboard_sort_order.sql
Ran migration: 32_asset_favorites.sql
Ran migration: 33_auth_billing_admin.sql #1
Ran migration: 33_auth_billing_admin.sql #2
Ran migration: 33_auth_billing_admin.sql #3
Ran migration: 33_auth_billing_admin.sql #4
Ran migration: 33_auth_billing_admin.sql #5
Ran migration: 33_auth_billing_admin.sql #6
Ran migration: 33_auth_billing_admin.sql #7
Ran migration: 33_auth_billing_admin.sql #8
Ran migration: 33_auth_billing_admin.sql #9
Ran migration: 33_auth_billing_admin.sql #10
Ran migration: 33_auth_billing_admin.sql #11
Ran migration: 33_auth_billing_admin.sql #12
Ran migration: 33_auth_billing_admin.sql #13
Ran migration: 33_auth_billing_admin.sql #14
Ran migration: 33_auth_billing_admin.sql #15
Ran migration: 33_auth_billing_admin.sql #16
Ran migration: 33_auth_billing_admin.sql #17
Ran migration: 33_auth_billing_admin.sql #18
Ran migration: 33_auth_billing_admin.sql #19
Ran migration: 33_auth_billing_admin.sql #20
Ran migration: 33_auth_billing_admin.sql #21
Ran migration: 34_workflow_ownership.sql #1
Ran migration: 34_workflow_ownership.sql #2
Ran migration: 34_workflow_ownership.sql #3
Ran migration: 34_workflow_ownership.sql #4
Ran migration: 34_workflow_ownership.sql #5
Ran migration: 34_workflow_ownership.sql #6
Ran migration: 34_workflow_ownership.sql #7
Ran migration: 35_runtime_auth_settings.sql
Ran migration: 36_volcengine_seedream_official_prices.sql #1
Ran migration: 36_volcengine_seedream_official_prices.sql #2
Ran migration: 36_volcengine_seedream_official_prices.sql #3
Ran migration: 37_points_ratio_and_volcengine_video_prices.sql #1
Ran migration: 37_points_ratio_and_volcengine_video_prices.sql #2
Ran migration: 37_points_ratio_and_volcengine_video_prices.sql #3
Ran migration: 37_points_ratio_and_volcengine_video_prices.sql #4
Ran migration: 37_points_ratio_and_volcengine_video_prices.sql #5
Ran migration: 37_points_ratio_and_volcengine_video_prices.sql #6
Ran migration: 37_points_ratio_and_volcengine_video_prices.sql #7
Ran migration: 37_points_ratio_and_volcengine_video_prices.sql #8
Ran migration: 38_seedance_video_rate_contexts.sql #1
Ran migration: 38_seedance_video_rate_contexts.sql #2
Ran migration: 39_billing_key_for_custom_providers.sql #1
Ran migration: 39_billing_key_for_custom_providers.sql #2
Ran migration: 40_volcengine_text_tts_official_prices.sql #1
Ran migration: 40_volcengine_text_tts_official_prices.sql #2
Ran migration: 40_volcengine_text_tts_official_prices.sql #3
Ran migration: 40_volcengine_text_tts_official_prices.sql #4
Ran migration: 40_volcengine_text_tts_official_prices.sql #5
Ran migration: 41_billing_reconciliation.sql #1
Ran migration: 41_billing_reconciliation.sql #2
Ran migration: 41_billing_reconciliation.sql #3
Ran migration: 42_volcengine_seed_2_lite_prices.sql #1
Ran migration: 42_volcengine_seed_2_lite_prices.sql #2
Ran migration: 43_video_usage_output_meter_and_snapshot.sql #1
Ran migration: 43_video_usage_output_meter_and_snapshot.sql #2
Ran migration: 43_video_usage_output_meter_and_snapshot.sql #3
Ran migration: 44_deduplicate_video_output_meters.sql #1
Ran migration: 44_deduplicate_video_output_meters.sql #2
Ran migration: 45_remove_legacy_model_permissions.sql
Ran migration: 46_seed_2_lite_context_tier.sql #1
Ran migration: 46_seed_2_lite_context_tier.sql #2
Ran migration: 46_seed_2_lite_context_tier.sql #3
Ran migration: 47_seedance_2_mini_price.sql #1
Ran migration: 47_seedance_2_mini_price.sql #2
Ran migration: 48_media_archive_records.sql #1
Ran migration: 48_media_archive_records.sql #2
Ran migration: 49_seedance_2_5_price.sql #1
Ran migration: 49_seedance_2_5_price.sql #2
Ran migration: 50_storyboard_generation_inheritance.sql #1
Ran migration: 50_storyboard_generation_inheritance.sql #2
Ran migration: 51_video_poster_path.sql
Ran migration: 52_asset_links_video_interpolation.sql #1
Ran migration: 52_asset_links_video_interpolation.sql #2
Ran migration: 52_asset_links_video_interpolation.sql #3
Ran migration: 52_asset_links_video_interpolation.sql #4
Ran migration: 52_asset_links_video_interpolation.sql #5
Ran migration: 52_asset_links_video_interpolation.sql #6
Ran migration: 52_asset_links_video_interpolation.sql #7
Ran migration: 52_asset_links_video_interpolation.sql #8
Ran migration: 52_asset_links_video_interpolation.sql #9
Ran migration: 52_asset_links_video_interpolation.sql #10
Ran migration: 52_asset_links_video_interpolation.sql #11
Ran migration: 52_asset_links_video_interpolation.sql #12
Ran migration: 52_asset_links_video_interpolation.sql #13
Ran migration: 52_asset_links_video_interpolation.sql #14
Ran migration: 52_asset_links_video_interpolation.sql #15
Ran migration: 52_asset_links_video_interpolation.sql #16
Ran migration: 52_asset_links_video_interpolation.sql #17
Ran migration: 53_video_upscale_and_billing_reaudit.sql #1
Ran migration: 53_video_upscale_and_billing_reaudit.sql #2
Ran migration: 53_video_upscale_and_billing_reaudit.sql #3
Ran migration: 53_video_upscale_and_billing_reaudit.sql #4
Ran migration: 53_video_upscale_and_billing_reaudit.sql #5
Ran migration: 53_video_upscale_and_billing_reaudit.sql #6
Ran migration: 53_video_upscale_and_billing_reaudit.sql #7
Ran migration: 53_video_upscale_and_billing_reaudit.sql #9
Ran migration: 53_video_upscale_and_billing_reaudit.sql #10
Ran migration: 54_storyboard_optional_video_postprocess.sql #1
Ran migration: 54_storyboard_optional_video_postprocess.sql #2
Ran migration: 54_storyboard_optional_video_postprocess.sql #3
Ran migration: 55_video_intermediate_cleanup_opt_in.sql
Ran migration: 56_fix_mediakit_postprocess_display_fallback_prices.sql #1
Ran migration: 56_fix_mediakit_postprocess_display_fallback_prices.sql #2
Ran migration: 57_mediakit_shared_connection_defaults.sql
Ran migration: 58_storyboard_active_video_version.sql
Ran migration: 59_operations_alert_settings.sql #1
Ran migration: 59_operations_alert_settings.sql #2
Ran migration: 60_operations_report_snapshots.sql
Ran migration: 61_tenant_billing_and_console_isolation.sql #1
Ran migration: 61_tenant_billing_and_console_isolation.sql #2
Ran migration: 61_tenant_billing_and_console_isolation.sql #3
Ran migration: 61_tenant_billing_and_console_isolation.sql #4
Ran migration: 61_tenant_billing_and_console_isolation.sql #5
Ran migration: 61_tenant_billing_and_console_isolation.sql #6
Ran migration: 61_tenant_billing_and_console_isolation.sql #7
Ran migration: 61_tenant_billing_and_console_isolation.sql #8
Ran migration: 61_tenant_billing_and_console_isolation.sql #9
Ran migration: 61_tenant_billing_and_console_isolation.sql #10
Ran migration: 61_tenant_billing_and_console_isolation.sql #11
Ran migration: 61_tenant_billing_and_console_isolation.sql #12
Ran migration: 61_tenant_billing_and_console_isolation.sql #13
Ran migration: 61_tenant_billing_and_console_isolation.sql #14
Ran migration: 61_tenant_billing_and_console_isolation.sql #15
Ran migration: 61_tenant_billing_and_console_isolation.sql #16
Ran migration: 62_migrate_existing_users_to_default_tenant.sql #1
Ran migration: 62_migrate_existing_users_to_default_tenant.sql #2
Ran migration: 62_migrate_existing_users_to_default_tenant.sql #3
Ran migration: 62_migrate_existing_users_to_default_tenant.sql #4
Ran migration: 62_migrate_existing_users_to_default_tenant.sql #5
Ran migration: 63_geeknow_gpt_image_2_price.sql #1
Ran migration: 63_geeknow_gpt_image_2_price.sql #2
Ran migration: 64_default_tenant_price_book_compatibility.sql
Ran migration: 65_tool_run_tenant_scope.sql #1
Ran migration: 65_tool_run_tenant_scope.sql #2
Ran migration: 66_tenant_config_defaults.sql #1
Ran migration: 66_tenant_config_defaults.sql #2
Ran migration: 66_tenant_config_defaults.sql #3
Ran migration: 66_tenant_config_defaults.sql #4
Ran migration: 66_tenant_config_defaults.sql #5
Ran migration: 67_tenant_owned_ai_configs.sql #1
Ran migration: 67_tenant_owned_ai_configs.sql #2
Ran migration: 68_preserve_legacy_default_tenant.sql #1
Ran migration: 68_preserve_legacy_default_tenant.sql #2
Ran migration: 70_billing_project_usage_snapshots.sql #1
Ran migration: 70_billing_project_usage_snapshots.sql #2
Ran migration: 70_billing_project_usage_snapshots.sql #3
Ran migration: 70_billing_project_usage_snapshots.sql #4
Ran migration: 70_billing_project_usage_snapshots.sql #5
Ran migration: 70_billing_project_usage_snapshots.sql #6
Ran migration: 70_billing_project_usage_snapshots.sql #7
Ran migration: 70_billing_project_usage_snapshots.sql #8
Ran migration: 70_billing_project_usage_snapshots.sql #9
Ran migration: 70_billing_project_usage_snapshots.sql #10
Ran migration: 70_billing_project_usage_snapshots.sql #11
Ran migration: 70_billing_project_usage_snapshots.sql #12
Ran migration: 70_billing_project_usage_snapshots.sql #13
Ran migration: 70_billing_project_usage_snapshots.sql #14
Ran migration: 71_billable_project_context.sql #1
Ran migration: 71_billable_project_context.sql #2
Ran migration: 71_billable_project_context.sql #3
Ran migration: 71_billable_project_context.sql #4
Migrated billing ledger to micro-points: [33m10000[39m
ensureColumns: added storyboards.layout_description (TEXT)
ensureColumns: added storyboards.image_url (TEXT)
ensureColumns: added storyboards.local_path (TEXT)
ensureColumns: added storyboards.main_panel_idx (INTEGER)
ensureColumns: added storyboards.composed_image (TEXT)
ensureColumns: added storyboards.result (TEXT)
ensureColumns: added storyboards.emotion (TEXT)
ensureColumns: added storyboards.emotion_intensity (INTEGER)
ensureColumns: added storyboards.error_msg (TEXT)
ensureColumns: added storyboards.lighting_style (TEXT)
ensureColumns: added storyboards.depth_of_field (TEXT)
ensureColumns: added storyboards.polished_prompt (TEXT)
ensureColumns: added storyboards.continuity_snapshot (TEXT)
ensureColumns: added storyboards.audio_local_path (TEXT)
ensureColumns: added storyboards.narration_audio_local_path (TEXT)
ensureColumns: added storyboards.omni_prompt_document_json (TEXT)
ensureColumns: added storyboards.first_frame_image_id (INTEGER)
ensureColumns: added storyboards.last_frame_image_id (INTEGER)
ensureColumns: added storyboards.last_frame_image_url (TEXT)
ensureColumns: added storyboards.last_frame_local_path (TEXT)
ensureColumns: added characters.extra_images (TEXT)
ensureColumns: added characters.error_msg (TEXT)
ensureColumns: added characters.ref_image (TEXT)
ensureColumns: added characters.seedance2_voice_asset (TEXT)
ensureColumns: added scenes.polished_prompt (TEXT)
ensureColumns: added scenes.extra_images (TEXT)
ensureColumns: added scenes.ref_image (TEXT)
ensureColumns: added scenes.error_msg (TEXT)
ensureColumns: added props.extra_images (TEXT)
ensureColumns: added props.ref_image (TEXT)
ensureColumns: added props.error_msg (TEXT)
ensureColumns: added tenants.is_new_user_default (INTEGER DEFAULT 0)
ensureColumns: added image_generations.episode_id (INTEGER)
ensureColumns: added image_generations.use_first_frame_layout_lock (INTEGER)
ensureColumns: added image_generations.width (INTEGER)
ensureColumns: added image_generations.height (INTEGER)
ensureColumns: added video_generations.resolution (TEXT)
ensureColumns: added video_generations.seed (INTEGER)
ensureColumns: added video_generations.camera_fixed (INTEGER)
ensureColumns: added video_generations.watermark (INTEGER)
ensureColumns: added video_generations.provider_task_id (TEXT)
ensureColumns: added video_generations.archive_status (TEXT)
ensureColumns: added video_generations.archive_error (TEXT)
ensureColumns: added video_generations.archive_attempts (INTEGER NOT NULL DEFAULT 0)
ensureColumns: added video_generations.archived_at (TEXT)
ensureColumns: added video_merges.merge_options (TEXT)
ensureColumns: added video_merges.merged_url (TEXT)
ensureColumns: added video_merges.duration (INTEGER)
ensureColumns: added video_merges.completed_at (TEXT)
ensureColumns: added video_merges.error_msg (TEXT)
ensureColumns: added assets.reference_alias (TEXT)
ensureColumns: added assets.archived_at (TEXT)
ensureColumns: added omni_video_jobs.storyboard_id (INTEGER)
Ran migration: 01_init.sql #1
Ran migration: 01_init.sql #2
Ran migration: 01_init.sql #3
Ran migration: 01_init.sql #4
Ran migration: 01_init.sql #5
Ran migration: 01_init.sql #6
Ran migration: 01_init.sql #7
Ran migration: 01_init.sql #8
Ran migration: 01_init.sql #9
Ran migration: 01_init.sql #10
Ran migration: 01_init.sql #11
Ran migration: 01_init.sql #12
Ran migration: 01_init.sql #13
Ran migration: 01_init.sql #14
Ran migration: 01_init.sql #15
Ran migration: 01_init.sql #16
Ran migration: 01_init.sql #17
Ran migration: 01_init.sql #18
Skip (already exists): 02_add_default_model.sql
Ran migration: 03_add_props_episode_id.sql
Skip (already exists): 04_async_tasks_columns.sql #1
Skip (already exists): 04_async_tasks_columns.sql #2
Skip (already exists): 04_async_tasks_columns.sql #3
Skip (already exists): 05_add_image_generations_completed_at.sql #1
Skip (already exists): 05_add_image_generations_completed_at.sql #2
Skip (already exists): 06_add_characters_local_path.sql
Skip (already exists): 07_add_scenes_image_columns.sql #1
Skip (already exists): 07_add_scenes_image_columns.sql #2
Skip (already exists): 08_add_video_generations_completed_at.sql #1
Skip (already exists): 08_add_video_generations_completed_at.sql #2
Ran migration: 09_scene_prop_libraries.sql #1
Ran migration: 09_scene_prop_libraries.sql #2
Ran migration: 10_prompt_overrides.sql
Ran migration: 11_add_api_protocol.sql
Ran migration: 12_image_proxy_cache.sql
Ran migration: 13_character_identity_anchors.sql #1
Ran migration: 13_character_identity_anchors.sql #2
Ran migration: 13_character_identity_anchors.sql #3
Ran migration: 13_character_identity_anchors.sql #4
Ran migration: 13_character_identity_anchors.sql #5
Ran migration: 13_character_identity_anchors.sql #6
Ran migration: 13_character_identity_anchors.sql #7
Ran migration: 13_character_identity_anchors.sql #8
Ran migration: 13_character_identity_anchors.sql #9
Ran migration: 14_storyboard_segments_and_model_map.sql #1
Ran migration: 14_storyboard_segments_and_model_map.sql #2
Ran migration: 14_storyboard_segments_and_model_map.sql #3
Ran migration: 15_storyboard_angle_structured.sql #1
Ran migration: 15_storyboard_angle_structured.sql #2
Ran migration: 15_storyboard_angle_structured.sql #3
Ran migration: 16_character_polished_prompt.sql
Ran migration: 17_character_stages.sql
Ran migration: 18_storyboard_narration.sql
Ran migration: 19_storyboard_universal_mode.sql #1
Ran migration: 19_storyboard_universal_mode.sql #2
Ran migration: 20_character_seedance2_asset.sql
Ran migration: 21_asset_negative_prompt.sql #1
Ran migration: 21_asset_negative_prompt.sql #2
Ran migration: 21_asset_negative_prompt.sql #3
Skip (already exists): 22_library_source_id.sql #1
Skip (already exists): 22_library_source_id.sql #2
Skip (already exists): 22_library_source_id.sql #3
Skip (already exists): 22_library_source_id.sql #4
Skip (already exists): 22_library_source_id.sql #5
Skip (already exists): 22_library_source_id.sql #6
Ran migration: 22_library_source_id.sql #7
Ran migration: 22_library_source_id.sql #8
Ran migration: 22_library_source_id.sql #9
Ran migration: 23_omni_video_workbench.sql #1
Ran migration: 23_omni_video_workbench.sql #2
Ran migration: 23_omni_video_workbench.sql #3
Ran migration: 23_omni_video_workbench.sql #4
Ran migration: 23_omni_video_workbench.sql #5
Ran migration: 23_omni_video_workbench.sql #6
Ran migration: 23_omni_video_workbench.sql #7
Ran migration: 23_omni_video_workbench.sql #8
Ran migration: 23_omni_video_workbench.sql #9
Ran migration: 23_omni_video_workbench.sql #10
Ran migration: 23_omni_video_workbench.sql #11
Ran migration: 23_omni_video_workbench.sql #12
Ran migration: 24_asset_seedance2_certification.sql
Ran migration: 25_omni_sequences.sql #1
Ran migration: 25_omni_sequences.sql #2
Ran migration: 25_omni_sequences.sql #3
Ran migration: 25_omni_sequences.sql #4
Ran migration: 25_omni_sequences.sql #5
Ran migration: 26_omni_workbench_improvements.sql #1
Ran migration: 26_omni_workbench_improvements.sql #2
Ran migration: 27_ai_toolbox.sql #1
Ran migration: 27_ai_toolbox.sql #2
Ran migration: 27_ai_toolbox.sql #3
Ran migration: 27_ai_toolbox.sql #4
Ran migration: 27_ai_toolbox.sql #5
Ran migration: 27_ai_toolbox.sql #6
Ran migration: 27_ai_toolbox.sql #7
Ran migration: 28_storyboard_generation_settings.sql #1
Ran migration: 28_storyboard_generation_settings.sql #2
Ran migration: 28_storyboard_generation_settings.sql #3
Ran migration: 28_storyboard_generation_settings.sql #4
Ran migration: 29_resource_seedance2_asset.sql #1
Ran migration: 29_resource_seedance2_asset.sql #2
Ran migration: 30_storyboard_omni_assets.sql #1
Ran migration: 30_storyboard_omni_assets.sql #2
Ran migration: 30_storyboard_omni_assets.sql #3
Ran migration: 30_storyboard_omni_assets.sql #4
Ran migration: 30_storyboard_omni_assets.sql #5
Ran migration: 30_storyboard_omni_assets.sql #6
Ran migration: 30_storyboard_omni_assets.sql #7
Ran migration: 30_storyboard_omni_assets.sql #8
Ran migration: 30_storyboard_omni_assets.sql #9
Ran migration: 31_storyboard_sort_order.sql
Ran migration: 32_asset_favorites.sql
Ran migration: 33_auth_billing_admin.sql #1
Ran migration: 33_auth_billing_admin.sql #2
Ran migration: 33_auth_billing_admin.sql #3
Ran migration: 33_auth_billing_admin.sql #4
Ran migration: 33_auth_billing_admin.sql #5
Ran migration: 33_auth_billing_admin.sql #6
Ran migration: 33_auth_billing_admin.sql #7
Ran migration: 33_auth_billing_admin.sql #8
Ran migration: 33_auth_billing_admin.sql #9
Ran migration: 33_auth_billing_admin.sql #10
Ran migration: 33_auth_billing_admin.sql #11
Ran migration: 33_auth_billing_admin.sql #12
Ran migration: 33_auth_billing_admin.sql #13
Ran migration: 33_auth_billing_admin.sql #14
Ran migration: 33_auth_billing_admin.sql #15
Ran migration: 33_auth_billing_admin.sql #16
Ran migration: 33_auth_billing_admin.sql #17
Ran migration: 33_auth_billing_admin.sql #18
Ran migration: 33_auth_billing_admin.sql #19
Ran migration: 33_auth_billing_admin.sql #20
Ran migration: 33_auth_billing_admin.sql #21
Ran migration: 34_workflow_ownership.sql #1
Ran migration: 34_workflow_ownership.sql #2
Ran migration: 34_workflow_ownership.sql #3
Ran migration: 34_workflow_ownership.sql #4
Ran migration: 34_workflow_ownership.sql #5
Ran migration: 34_workflow_ownership.sql #6
Ran migration: 34_workflow_ownership.sql #7
Ran migration: 35_runtime_auth_settings.sql
Ran migration: 36_volcengine_seedream_official_prices.sql #1
Ran migration: 36_volcengine_seedream_official_prices.sql #2
Ran migration: 36_volcengine_seedream_official_prices.sql #3
Ran migration: 37_points_ratio_and_volcengine_video_prices.sql #1
Ran migration: 37_points_ratio_and_volcengine_video_prices.sql #2
Ran migration: 37_points_ratio_and_volcengine_video_prices.sql #3
Ran migration: 37_points_ratio_and_volcengine_video_prices.sql #4
Ran migration: 37_points_ratio_and_volcengine_video_prices.sql #5
Ran migration: 37_points_ratio_and_volcengine_video_prices.sql #6
Ran migration: 37_points_ratio_and_volcengine_video_prices.sql #7
Ran migration: 37_points_ratio_and_volcengine_video_prices.sql #8
Ran migration: 38_seedance_video_rate_contexts.sql #1
Ran migration: 38_seedance_video_rate_contexts.sql #2
Ran migration: 39_billing_key_for_custom_providers.sql #1
Ran migration: 39_billing_key_for_custom_providers.sql #2
Ran migration: 40_volcengine_text_tts_official_prices.sql #1
Ran migration: 40_volcengine_text_tts_official_prices.sql #2
Ran migration: 40_volcengine_text_tts_official_prices.sql #3
Ran migration: 40_volcengine_text_tts_official_prices.sql #4
Ran migration: 40_volcengine_text_tts_official_prices.sql #5
Ran migration: 41_billing_reconciliation.sql #1
Ran migration: 41_billing_reconciliation.sql #2
Ran migration: 41_billing_reconciliation.sql #3
Ran migration: 42_volcengine_seed_2_lite_prices.sql #1
Ran migration: 42_volcengine_seed_2_lite_prices.sql #2
Ran migration: 43_video_usage_output_meter_and_snapshot.sql #1
Ran migration: 43_video_usage_output_meter_and_snapshot.sql #2
Ran migration: 43_video_usage_output_meter_and_snapshot.sql #3
Ran migration: 44_deduplicate_video_output_meters.sql #1
Ran migration: 44_deduplicate_video_output_meters.sql #2
Ran migration: 45_remove_legacy_model_permissions.sql
Ran migration: 46_seed_2_lite_context_tier.sql #1
Ran migration: 46_seed_2_lite_context_tier.sql #2
Ran migration: 46_seed_2_lite_context_tier.sql #3
Ran migration: 47_seedance_2_mini_price.sql #1
Ran migration: 47_seedance_2_mini_price.sql #2
Ran migration: 48_media_archive_records.sql #1
Ran migration: 48_media_archive_records.sql #2
Ran migration: 49_seedance_2_5_price.sql #1
Ran migration: 49_seedance_2_5_price.sql #2
Ran migration: 50_storyboard_generation_inheritance.sql #1
Ran migration: 50_storyboard_generation_inheritance.sql #2
Ran migration: 51_video_poster_path.sql
Ran migration: 52_asset_links_video_interpolation.sql #1
Ran migration: 52_asset_links_video_interpolation.sql #2
Ran migration: 52_asset_links_video_interpolation.sql #3
Ran migration: 52_asset_links_video_interpolation.sql #4
Ran migration: 52_asset_links_video_interpolation.sql #5
Ran migration: 52_asset_links_video_interpolation.sql #6
Ran migration: 52_asset_links_video_interpolation.sql #7
Ran migration: 52_asset_links_video_interpolation.sql #8
Ran migration: 52_asset_links_video_interpolation.sql #9
Ran migration: 52_asset_links_video_interpolation.sql #10
Ran migration: 52_asset_links_video_interpolation.sql #11
Ran migration: 52_asset_links_video_interpolation.sql #12
Ran migration: 52_asset_links_video_interpolation.sql #13
Ran migration: 52_asset_links_video_interpolation.sql #14
Ran migration: 52_asset_links_video_interpolation.sql #15
Ran migration: 52_asset_links_video_interpolation.sql #16
Ran migration: 52_asset_links_video_interpolation.sql #17
Ran migration: 53_video_upscale_and_billing_reaudit.sql #1
Ran migration: 53_video_upscale_and_billing_reaudit.sql #2
Ran migration: 53_video_upscale_and_billing_reaudit.sql #3
Ran migration: 53_video_upscale_and_billing_reaudit.sql #4
Ran migration: 53_video_upscale_and_billing_reaudit.sql #5
Ran migration: 53_video_upscale_and_billing_reaudit.sql #6
Ran migration: 53_video_upscale_and_billing_reaudit.sql #7
Ran migration: 53_video_upscale_and_billing_reaudit.sql #9
Ran migration: 53_video_upscale_and_billing_reaudit.sql #10
Ran migration: 54_storyboard_optional_video_postprocess.sql #1
Ran migration: 54_storyboard_optional_video_postprocess.sql #2
Ran migration: 54_storyboard_optional_video_postprocess.sql #3
Ran migration: 55_video_intermediate_cleanup_opt_in.sql
Ran migration: 56_fix_mediakit_postprocess_display_fallback_prices.sql #1
Ran migration: 56_fix_mediakit_postprocess_display_fallback_prices.sql #2
Ran migration: 57_mediakit_shared_connection_defaults.sql
Ran migration: 58_storyboard_active_video_version.sql
Ran migration: 59_operations_alert_settings.sql #1
Ran migration: 59_operations_alert_settings.sql #2
Ran migration: 60_operations_report_snapshots.sql
Ran migration: 61_tenant_billing_and_console_isolation.sql #1
Ran migration: 61_tenant_billing_and_console_isolation.sql #2
Ran migration: 61_tenant_billing_and_console_isolation.sql #3
Ran migration: 61_tenant_billing_and_console_isolation.sql #4
Ran migration: 61_tenant_billing_and_console_isolation.sql #5
Ran migration: 61_tenant_billing_and_console_isolation.sql #6
Ran migration: 61_tenant_billing_and_console_isolation.sql #7
Ran migration: 61_tenant_billing_and_console_isolation.sql #8
Ran migration: 61_tenant_billing_and_console_isolation.sql #9
Ran migration: 61_tenant_billing_and_console_isolation.sql #10
Ran migration: 61_tenant_billing_and_console_isolation.sql #11
Ran migration: 61_tenant_billing_and_console_isolation.sql #12
Ran migration: 61_tenant_billing_and_console_isolation.sql #13
Ran migration: 61_tenant_billing_and_console_isolation.sql #14
Ran migration: 61_tenant_billing_and_console_isolation.sql #15
Ran migration: 61_tenant_billing_and_console_isolation.sql #16
Ran migration: 62_migrate_existing_users_to_default_tenant.sql #1
Ran migration: 62_migrate_existing_users_to_default_tenant.sql #2
Ran migration: 62_migrate_existing_users_to_default_tenant.sql #3
Ran migration: 62_migrate_existing_users_to_default_tenant.sql #4
Ran migration: 62_migrate_existing_users_to_default_tenant.sql #5
Ran migration: 63_geeknow_gpt_image_2_price.sql #1
Ran migration: 63_geeknow_gpt_image_2_price.sql #2
Ran migration: 64_default_tenant_price_book_compatibility.sql
Ran migration: 65_tool_run_tenant_scope.sql #1
Ran migration: 65_tool_run_tenant_scope.sql #2
Ran migration: 66_tenant_config_defaults.sql #1
Ran migration: 66_tenant_config_defaults.sql #2
Ran migration: 66_tenant_config_defaults.sql #3
Ran migration: 66_tenant_config_defaults.sql #4
Ran migration: 66_tenant_config_defaults.sql #5
Ran migration: 67_tenant_owned_ai_configs.sql #1
Ran migration: 67_tenant_owned_ai_configs.sql #2
Ran migration: 68_preserve_legacy_default_tenant.sql #1
Ran migration: 68_preserve_legacy_default_tenant.sql #2
Ran migration: 70_billing_project_usage_snapshots.sql #1
Ran migration: 70_billing_project_usage_snapshots.sql #2
Ran migration: 70_billing_project_usage_snapshots.sql #3
Ran migration: 70_billing_project_usage_snapshots.sql #4
Ran migration: 70_billing_project_usage_snapshots.sql #5
Ran migration: 70_billing_project_usage_snapshots.sql #6
Ran migration: 70_billing_project_usage_snapshots.sql #7
Ran migration: 70_billing_project_usage_snapshots.sql #8
Ran migration: 70_billing_project_usage_snapshots.sql #9
Ran migration: 70_billing_project_usage_snapshots.sql #10
Ran migration: 70_billing_project_usage_snapshots.sql #11
Ran migration: 70_billing_project_usage_snapshots.sql #12
Ran migration: 70_billing_project_usage_snapshots.sql #13
Ran migration: 70_billing_project_usage_snapshots.sql #14
Ran migration: 71_billable_project_context.sql #1
Ran migration: 71_billable_project_context.sql #2
Ran migration: 71_billable_project_context.sql #3
Ran migration: 71_billable_project_context.sql #4
Migrated billing ledger to micro-points: [33m10000[39m
ensureColumns: added storyboards.layout_description (TEXT)
ensureColumns: added storyboards.image_url (TEXT)
ensureColumns: added storyboards.local_path (TEXT)
ensureColumns: added storyboards.main_panel_idx (INTEGER)
ensureColumns: added storyboards.composed_image (TEXT)
ensureColumns: added storyboards.result (TEXT)
ensureColumns: added storyboards.emotion (TEXT)
ensureColumns: added storyboards.emotion_intensity (INTEGER)
ensureColumns: added storyboards.error_msg (TEXT)
ensureColumns: added storyboards.lighting_style (TEXT)
ensureColumns: added storyboards.depth_of_field (TEXT)
ensureColumns: added storyboards.polished_prompt (TEXT)
ensureColumns: added storyboards.continuity_snapshot (TEXT)
ensureColumns: added storyboards.audio_local_path (TEXT)
ensureColumns: added storyboards.narration_audio_local_path (TEXT)
ensureColumns: added storyboards.omni_prompt_document_json (TEXT)
ensureColumns: added storyboards.first_frame_image_id (INTEGER)
ensureColumns: added storyboards.last_frame_image_id (INTEGER)
ensureColumns: added storyboards.last_frame_image_url (TEXT)
ensureColumns: added storyboards.last_frame_local_path (TEXT)
ensureColumns: added characters.extra_images (TEXT)
ensureColumns: added characters.error_msg (TEXT)
ensureColumns: added characters.ref_image (TEXT)
ensureColumns: added characters.seedance2_voice_asset (TEXT)
Skip migration (table not found, will be ensured later): 69_homepage_default_video_resources.sql - no such table: global_settings
Skip migration (table not found, will be ensured later): 69_homepage_default_video_resources.sql - no such table: global_settings
ensureColumns: added scenes.polished_prompt (TEXT)
ensureColumns: added scenes.extra_images (TEXT)
ensureColumns: added scenes.ref_image (TEXT)
ensureColumns: added scenes.error_msg (TEXT)
ensureColumns: added props.extra_images (TEXT)
ensureColumns: added props.ref_image (TEXT)
ensureColumns: added props.error_msg (TEXT)
ensureColumns: added tenants.is_new_user_default (INTEGER DEFAULT 0)
ensureColumns: added image_generations.episode_id (INTEGER)
ensureColumns: added image_generations.use_first_frame_layout_lock (INTEGER)
ensureColumns: added image_generations.width (INTEGER)
ensureColumns: added image_generations.height (INTEGER)
ensureColumns: added video_generations.resolution (TEXT)
ensureColumns: added video_generations.seed (INTEGER)
ensureColumns: added video_generations.camera_fixed (INTEGER)
ensureColumns: added video_generations.watermark (INTEGER)
ensureColumns: added video_generations.provider_task_id (TEXT)
ensureColumns: added video_generations.archive_status (TEXT)
ensureColumns: added video_generations.archive_error (TEXT)
ensureColumns: added video_generations.archive_attempts (INTEGER NOT NULL DEFAULT 0)
ensureColumns: added video_generations.archived_at (TEXT)
ensureColumns: added video_merges.merge_options (TEXT)
ensureColumns: added video_merges.merged_url (TEXT)
ensureColumns: added video_merges.duration (INTEGER)
ensureColumns: added video_merges.completed_at (TEXT)
ensureColumns: added video_merges.error_msg (TEXT)
ensureColumns: added assets.reference_alias (TEXT)
ensureColumns: added assets.archived_at (TEXT)
ensureColumns: added omni_video_jobs.storyboard_id (INTEGER)
Ran migration: 01_init.sql #1
Ran migration: 01_init.sql #2
Ran migration: 01_init.sql #3
Ran migration: 01_init.sql #4
Ran migration: 01_init.sql #5
Ran migration: 01_init.sql #6
Ran migration: 01_init.sql #7
Ran migration: 01_init.sql #8
Ran migration: 01_init.sql #9
Ran migration: 01_init.sql #10
Ran migration: 01_init.sql #11
Ran migration: 01_init.sql #12
Ran migration: 01_init.sql #13
Ran migration: 01_init.sql #14
Ran migration: 01_init.sql #15
Ran migration: 01_init.sql #16
Ran migration: 01_init.sql #17
Ran migration: 01_init.sql #18
Skip (already exists): 02_add_default_model.sql
Ran migration: 03_add_props_episode_id.sql
Skip (already exists): 04_async_tasks_columns.sql #1
Skip (already exists): 04_async_tasks_columns.sql #2
Skip (already exists): 04_async_tasks_columns.sql #3
Skip (already exists): 05_add_image_generations_completed_at.sql #1
Skip (already exists): 05_add_image_generations_completed_at.sql #2
Skip (already exists): 06_add_characters_local_path.sql
Skip (already exists): 07_add_scenes_image_columns.sql #1
Skip (already exists): 07_add_scenes_image_columns.sql #2
Skip (already exists): 08_add_video_generations_completed_at.sql #1
Skip (already exists): 08_add_video_generations_completed_at.sql #2
Ran migration: 09_scene_prop_libraries.sql #1
Ran migration: 09_scene_prop_libraries.sql #2
Ran migration: 10_prompt_overrides.sql
Ran migration: 11_add_api_protocol.sql
Ran migration: 12_image_proxy_cache.sql
Ran migration: 13_character_identity_anchors.sql #1
Ran migration: 13_character_identity_anchors.sql #2
Ran migration: 13_character_identity_anchors.sql #3
Ran migration: 13_character_identity_anchors.sql #4
Ran migration: 13_character_identity_anchors.sql #5
Ran migration: 13_character_identity_anchors.sql #6
Ran migration: 13_character_identity_anchors.sql #7
Ran migration: 13_character_identity_anchors.sql #8
Ran migration: 13_character_identity_anchors.sql #9
Ran migration: 14_storyboard_segments_and_model_map.sql #1
Ran migration: 14_storyboard_segments_and_model_map.sql #2
Ran migration: 14_storyboard_segments_and_model_map.sql #3
Ran migration: 15_storyboard_angle_structured.sql #1
Ran migration: 15_storyboard_angle_structured.sql #2
Ran migration: 15_storyboard_angle_structured.sql #3
Ran migration: 16_character_polished_prompt.sql
Ran migration: 17_character_stages.sql
Ran migration: 18_storyboard_narration.sql
Ran migration: 19_storyboard_universal_mode.sql #1
Ran migration: 19_storyboard_universal_mode.sql #2
Ran migration: 20_character_seedance2_asset.sql
Ran migration: 21_asset_negative_prompt.sql #1
Ran migration: 21_asset_negative_prompt.sql #2
Ran migration: 21_asset_negative_prompt.sql #3
Skip (already exists): 22_library_source_id.sql #1
Skip (already exists): 22_library_source_id.sql #2
Skip (already exists): 22_library_source_id.sql #3
Skip (already exists): 22_library_source_id.sql #4
Skip (already exists): 22_library_source_id.sql #5
Skip (already exists): 22_library_source_id.sql #6
Ran migration: 22_library_source_id.sql #7
Ran migration: 22_library_source_id.sql #8
Ran migration: 22_library_source_id.sql #9
Ran migration: 23_omni_video_workbench.sql #1
Ran migration: 23_omni_video_workbench.sql #2
Ran migration: 23_omni_video_workbench.sql #3
Ran migration: 23_omni_video_workbench.sql #4
Ran migration: 23_omni_video_workbench.sql #5
Ran migration: 23_omni_video_workbench.sql #6
Ran migration: 23_omni_video_workbench.sql #7
Ran migration: 23_omni_video_workbench.sql #8
Ran migration: 23_omni_video_workbench.sql #9
Ran migration: 23_omni_video_workbench.sql #10
Ran migration: 23_omni_video_workbench.sql #11
Ran migration: 23_omni_video_workbench.sql #12
Ran migration: 24_asset_seedance2_certification.sql
Ran migration: 25_omni_sequences.sql #1
Ran migration: 25_omni_sequences.sql #2
Ran migration: 25_omni_sequences.sql #3
Ran migration: 25_omni_sequences.sql #4
Ran migration: 25_omni_sequences.sql #5
Ran migration: 26_omni_workbench_improvements.sql #1
Ran migration: 26_omni_workbench_improvements.sql #2
Ran migration: 27_ai_toolbox.sql #1
Ran migration: 27_ai_toolbox.sql #2
Ran migration: 27_ai_toolbox.sql #3
Ran migration: 27_ai_toolbox.sql #4
Ran migration: 27_ai_toolbox.sql #5
Ran migration: 27_ai_toolbox.sql #6
Ran migration: 27_ai_toolbox.sql #7
Ran migration: 28_storyboard_generation_settings.sql #1
Ran migration: 28_storyboard_generation_settings.sql #2
Ran migration: 28_storyboard_generation_settings.sql #3
Ran migration: 28_storyboard_generation_settings.sql #4
Ran migration: 29_resource_seedance2_asset.sql #1
Ran migration: 29_resource_seedance2_asset.sql #2
Ran migration: 30_storyboard_omni_assets.sql #1
Ran migration: 30_storyboard_omni_assets.sql #2
Ran migration: 30_storyboard_omni_assets.sql #3
Ran migration: 30_storyboard_omni_assets.sql #4
Ran migration: 30_storyboard_omni_assets.sql #5
Ran migration: 30_storyboard_omni_assets.sql #6
Ran migration: 30_storyboard_omni_assets.sql #7
Ran migration: 30_storyboard_omni_assets.sql #8
Ran migration: 30_storyboard_omni_assets.sql #9
Ran migration: 31_storyboard_sort_order.sql
Ran migration: 32_asset_favorites.sql
Ran migration: 33_auth_billing_admin.sql #1
Ran migration: 33_auth_billing_admin.sql #2
Ran migration: 33_auth_billing_admin.sql #3
Ran migration: 33_auth_billing_admin.sql #4
Ran migration: 33_auth_billing_admin.sql #5
Ran migration: 33_auth_billing_admin.sql #6
Ran migration: 33_auth_billing_admin.sql #7
Ran migration: 33_auth_billing_admin.sql #8
Ran migration: 33_auth_billing_admin.sql #9
Ran migration: 33_auth_billing_admin.sql #10
Ran migration: 33_auth_billing_admin.sql #11
Ran migration: 33_auth_billing_admin.sql #12
Ran migration: 33_auth_billing_admin.sql #13
Ran migration: 33_auth_billing_admin.sql #14
Ran migration: 33_auth_billing_admin.sql #15
Ran migration: 33_auth_billing_admin.sql #16
Ran migration: 33_auth_billing_admin.sql #17
Ran migration: 33_auth_billing_admin.sql #18
Ran migration: 33_auth_billing_admin.sql #19
Ran migration: 33_auth_billing_admin.sql #20
Ran migration: 33_auth_billing_admin.sql #21
Ran migration: 34_workflow_ownership.sql #1
Ran migration: 34_workflow_ownership.sql #2
Ran migration: 34_workflow_ownership.sql #3
Ran migration: 34_workflow_ownership.sql #4
Ran migration: 34_workflow_ownership.sql #5
Ran migration: 34_workflow_ownership.sql #6
Ran migration: 34_workflow_ownership.sql #7
Ran migration: 35_runtime_auth_settings.sql
Ran migration: 36_volcengine_seedream_official_prices.sql #1
Ran migration: 36_volcengine_seedream_official_prices.sql #2
Ran migration: 36_volcengine_seedream_official_prices.sql #3
Ran migration: 37_points_ratio_and_volcengine_video_prices.sql #1
Ran migration: 37_points_ratio_and_volcengine_video_prices.sql #2
Ran migration: 37_points_ratio_and_volcengine_video_prices.sql #3
Ran migration: 37_points_ratio_and_volcengine_video_prices.sql #4
Ran migration: 37_points_ratio_and_volcengine_video_prices.sql #5
Ran migration: 37_points_ratio_and_volcengine_video_prices.sql #6
Ran migration: 37_points_ratio_and_volcengine_video_prices.sql #7
Ran migration: 37_points_ratio_and_volcengine_video_prices.sql #8
Ran migration: 38_seedance_video_rate_contexts.sql #1
Ran migration: 38_seedance_video_rate_contexts.sql #2
Ran migration: 39_billing_key_for_custom_providers.sql #1
Ran migration: 39_billing_key_for_custom_providers.sql #2
Ran migration: 40_volcengine_text_tts_official_prices.sql #1
Ran migration: 40_volcengine_text_tts_official_prices.sql #2
Ran migration: 40_volcengine_text_tts_official_prices.sql #3
Ran migration: 40_volcengine_text_tts_official_prices.sql #4
Ran migration: 40_volcengine_text_tts_official_prices.sql #5
Ran migration: 41_billing_reconciliation.sql #1
Ran migration: 41_billing_reconciliation.sql #2
Ran migration: 41_billing_reconciliation.sql #3
Ran migration: 42_volcengine_seed_2_lite_prices.sql #1
Ran migration: 42_volcengine_seed_2_lite_prices.sql #2
Ran migration: 43_video_usage_output_meter_and_snapshot.sql #1
Ran migration: 43_video_usage_output_meter_and_snapshot.sql #2
Ran migration: 43_video_usage_output_meter_and_snapshot.sql #3
Ran migration: 44_deduplicate_video_output_meters.sql #1
Ran migration: 44_deduplicate_video_output_meters.sql #2
Ran migration: 45_remove_legacy_model_permissions.sql
Ran migration: 46_seed_2_lite_context_tier.sql #1
Ran migration: 46_seed_2_lite_context_tier.sql #2
Ran migration: 46_seed_2_lite_context_tier.sql #3
Ran migration: 47_seedance_2_mini_price.sql #1
Ran migration: 47_seedance_2_mini_price.sql #2
Ran migration: 48_media_archive_records.sql #1
Ran migration: 48_media_archive_records.sql #2
Ran migration: 49_seedance_2_5_price.sql #1
Ran migration: 49_seedance_2_5_price.sql #2
Ran migration: 50_storyboard_generation_inheritance.sql #1
Ran migration: 50_storyboard_generation_inheritance.sql #2
Ran migration: 51_video_poster_path.sql
Ran migration: 52_asset_links_video_interpolation.sql #1
Ran migration: 52_asset_links_video_interpolation.sql #2
Ran migration: 52_asset_links_video_interpolation.sql #3
Ran migration: 52_asset_links_video_interpolation.sql #4
Ran migration: 52_asset_links_video_interpolation.sql #5
Ran migration: 52_asset_links_video_interpolation.sql #6
Ran migration: 52_asset_links_video_interpolation.sql #7
Ran migration: 52_asset_links_video_interpolation.sql #8
Ran migration: 52_asset_links_video_interpolation.sql #9
Ran migration: 52_asset_links_video_interpolation.sql #10
Ran migration: 52_asset_links_video_interpolation.sql #11
Ran migration: 52_asset_links_video_interpolation.sql #12
Ran migration: 52_asset_links_video_interpolation.sql #13
Ran migration: 52_asset_links_video_interpolation.sql #14
Ran migration: 52_asset_links_video_interpolation.sql #15
Ran migration: 52_asset_links_video_interpolation.sql #16
Ran migration: 52_asset_links_video_interpolation.sql #17
Ran migration: 53_video_upscale_and_billing_reaudit.sql #1
Ran migration: 53_video_upscale_and_billing_reaudit.sql #2
Ran migration: 53_video_upscale_and_billing_reaudit.sql #3
Ran migration: 53_video_upscale_and_billing_reaudit.sql #4
Ran migration: 53_video_upscale_and_billing_reaudit.sql #5
Ran migration: 53_video_upscale_and_billing_reaudit.sql #6
Ran migration: 53_video_upscale_and_billing_reaudit.sql #7
Ran migration: 53_video_upscale_and_billing_reaudit.sql #9
Ran migration: 53_video_upscale_and_billing_reaudit.sql #10
Ran migration: 54_storyboard_optional_video_postprocess.sql #1
Ran migration: 54_storyboard_optional_video_postprocess.sql #2
Ran migration: 54_storyboard_optional_video_postprocess.sql #3
Ran migration: 55_video_intermediate_cleanup_opt_in.sql
Ran migration: 56_fix_mediakit_postprocess_display_fallback_prices.sql #1
Ran migration: 56_fix_mediakit_postprocess_display_fallback_prices.sql #2
Ran migration: 57_mediakit_shared_connection_defaults.sql
Ran migration: 58_storyboard_active_video_version.sql
Ran migration: 59_operations_alert_settings.sql #1
Ran migration: 59_operations_alert_settings.sql #2
Ran migration: 60_operations_report_snapshots.sql
Ran migration: 61_tenant_billing_and_console_isolation.sql #1
Ran migration: 61_tenant_billing_and_console_isolation.sql #2
Ran migration: 61_tenant_billing_and_console_isolation.sql #3
Ran migration: 61_tenant_billing_and_console_isolation.sql #4
Ran migration: 61_tenant_billing_and_console_isolation.sql #5
Ran migration: 61_tenant_billing_and_console_isolation.sql #6
Ran migration: 61_tenant_billing_and_console_isolation.sql #7
Ran migration: 61_tenant_billing_and_console_isolation.sql #8
Ran migration: 61_tenant_billing_and_console_isolation.sql #9
Ran migration: 61_tenant_billing_and_console_isolation.sql #10
Ran migration: 61_tenant_billing_and_console_isolation.sql #11
Ran migration: 61_tenant_billing_and_console_isolation.sql #12
Ran migration: 61_tenant_billing_and_console_isolation.sql #13
Ran migration: 61_tenant_billing_and_console_isolation.sql #14
Ran migration: 61_tenant_billing_and_console_isolation.sql #15
Ran migration: 61_tenant_billing_and_console_isolation.sql #16
Ran migration: 62_migrate_existing_users_to_default_tenant.sql #1
Ran migration: 62_migrate_existing_users_to_default_tenant.sql #2
Ran migration: 62_migrate_existing_users_to_default_tenant.sql #3
Ran migration: 62_migrate_existing_users_to_default_tenant.sql #4
Ran migration: 62_migrate_existing_users_to_default_tenant.sql #5
Ran migration: 63_geeknow_gpt_image_2_price.sql #1
Ran migration: 63_geeknow_gpt_image_2_price.sql #2
Ran migration: 64_default_tenant_price_book_compatibility.sql
Ran migration: 65_tool_run_tenant_scope.sql #1
Ran migration: 65_tool_run_tenant_scope.sql #2
Ran migration: 66_tenant_config_defaults.sql #1
Ran migration: 66_tenant_config_defaults.sql #2
Ran migration: 66_tenant_config_defaults.sql #3
Ran migration: 66_tenant_config_defaults.sql #4
Ran migration: 66_tenant_config_defaults.sql #5
Ran migration: 67_tenant_owned_ai_configs.sql #1
Ran migration: 67_tenant_owned_ai_configs.sql #2
Ran migration: 68_preserve_legacy_default_tenant.sql #1
Ran migration: 68_preserve_legacy_default_tenant.sql #2
Ran migration: 70_billing_project_usage_snapshots.sql #1
Ran migration: 70_billing_project_usage_snapshots.sql #2
Ran migration: 70_billing_project_usage_snapshots.sql #3
Ran migration: 70_billing_project_usage_snapshots.sql #4
Ran migration: 70_billing_project_usage_snapshots.sql #5
Ran migration: 70_billing_project_usage_snapshots.sql #6
Ran migration: 70_billing_project_usage_snapshots.sql #7
Ran migration: 70_billing_project_usage_snapshots.sql #8
Ran migration: 70_billing_project_usage_snapshots.sql #9
Ran migration: 70_billing_project_usage_snapshots.sql #10
Ran migration: 70_billing_project_usage_snapshots.sql #11
Ran migration: 70_billing_project_usage_snapshots.sql #12
Ran migration: 70_billing_project_usage_snapshots.sql #13
Ran migration: 70_billing_project_usage_snapshots.sql #14
Ran migration: 71_billable_project_context.sql #1
Ran migration: 71_billable_project_context.sql #2
Ran migration: 71_billable_project_context.sql #3
Ran migration: 71_billable_project_context.sql #4
Migrated billing ledger to micro-points: [33m10000[39m
ensureColumns: added storyboards.layout_description (TEXT)
ensureColumns: added storyboards.image_url (TEXT)
ensureColumns: added storyboards.local_path (TEXT)
ensureColumns: added storyboards.main_panel_idx (INTEGER)
ensureColumns: added storyboards.composed_image (TEXT)
ensureColumns: added storyboards.result (TEXT)
ensureColumns: added storyboards.emotion (TEXT)
ensureColumns: added storyboards.emotion_intensity (INTEGER)
ensureColumns: added storyboards.error_msg (TEXT)
ensureColumns: added storyboards.lighting_style (TEXT)
ensureColumns: added storyboards.depth_of_field (TEXT)
ensureColumns: added storyboards.polished_prompt (TEXT)
ensureColumns: added storyboards.continuity_snapshot (TEXT)
ensureColumns: added storyboards.audio_local_path (TEXT)
ensureColumns: added storyboards.narration_audio_local_path (TEXT)
ensureColumns: added storyboards.omni_prompt_document_json (TEXT)
ensureColumns: added storyboards.first_frame_image_id (INTEGER)
ensureColumns: added storyboards.last_frame_image_id (INTEGER)
ensureColumns: added storyboards.last_frame_image_url (TEXT)
ensureColumns: added storyboards.last_frame_local_path (TEXT)
ensureColumns: added characters.extra_images (TEXT)
ensureColumns: added characters.error_msg (TEXT)
ensureColumns: added characters.ref_image (TEXT)
ensureColumns: added characters.seedance2_voice_asset (TEXT)
ensureColumns: added scenes.polished_prompt (TEXT)
ensureColumns: added scenes.extra_images (TEXT)
ensureColumns: added scenes.ref_image (TEXT)
ensureColumns: added scenes.error_msg (TEXT)
ensureColumns: added props.extra_images (TEXT)
ensureColumns: added props.ref_image (TEXT)
ensureColumns: added props.error_msg (TEXT)
ensureColumns: added tenants.is_new_user_default (INTEGER DEFAULT 0)
ensureColumns: added image_generations.episode_id (INTEGER)
ensureColumns: added image_generations.use_first_frame_layout_lock (INTEGER)
ensureColumns: added image_generations.width (INTEGER)
ensureColumns: added image_generations.height (INTEGER)
ensureColumns: added video_generations.resolution (TEXT)
ensureColumns: added video_generations.seed (INTEGER)
ensureColumns: added video_generations.camera_fixed (INTEGER)
ensureColumns: added video_generations.watermark (INTEGER)
ensureColumns: added video_generations.provider_task_id (TEXT)
ensureColumns: added video_generations.archive_status (TEXT)
ensureColumns: added video_generations.archive_error (TEXT)
ensureColumns: added video_generations.archive_attempts (INTEGER NOT NULL DEFAULT 0)
ensureColumns: added video_generations.archived_at (TEXT)
ensureColumns: added video_merges.merge_options (TEXT)
ensureColumns: added video_merges.merged_url (TEXT)
ensureColumns: added video_merges.duration (INTEGER)
ensureColumns: added video_merges.completed_at (TEXT)
ensureColumns: added video_merges.error_msg (TEXT)
ensureColumns: added assets.reference_alias (TEXT)
ensureColumns: added assets.archived_at (TEXT)
ensureColumns: added omni_video_jobs.storyboard_id (INTEGER)
Skip migration (table not found, will be ensured later): 69_homepage_default_video_resources.sql - no such table: global_settings
[32m✔ admin high-impact production actions reject requests without confirmation metadata before querying a job [90m(3.0075ms)[39m[39m
[32m✔ operations projections paginate video production and keep optional stages distinct from failures [90m(399.4962ms)[39m[39m
[32m✔ billing ledgers filter by Shanghai calendar day and user role without changing user scope [90m(359.4057ms)[39m[39m
[32m✔ historical unassigned usage provides a filter-scoped owner and source overview [90m(348.2879ms)[39m[39m
▶ fixAgnesImageSize
  [32m✔ maps 9:16 project size to Agnes portrait preset [90m(2.4321ms)[39m[39m
  [32m✔ maps 16:9 project size to Agnes landscape preset [90m(0.6766ms)[39m[39m
  [32m✔ maps 1:1 project size to Agnes square preset [90m(0.5699ms)[39m[39m
[32m✔ fixAgnesImageSize [90m(6.3672ms)[39m[39m
▶ isAgnesImageConfig
  [32m✔ detects agnes provider even when api_protocol is openai [90m(0.5718ms)[39m[39m
[32m✔ isAgnesImageConfig [90m(0.9594ms)[39m[39m
▶ formatVideoPostBodyForLog
  [32m✔ keeps full http URLs and labels extra_body images with index [90m(4.1143ms)[39m[39m
  [32m✔ summarizes base64 image fields [90m(1.5405ms)[39m[39m
[32m✔ formatVideoPostBodyForLog [90m(8.241ms)[39m[39m
▶ buildAgnesVideoImagePayload
  [32m✔ uses extra_body.image array for omni multi-reference without keyframes mode [90m(0.7303ms)[39m[39m
  [32m✔ uses single top-level image string for one omni reference [90m(0.2838ms)[39m[39m
  [32m✔ uses extra_body keyframes only for classic first/last (not omni) [90m(0.3472ms)[39m[39m
  [32m✔ does not use keyframes mode when omni refs exist [90m(0.4267ms)[39m[39m
[32m✔ buildAgnesVideoImagePayload [90m(2.3879ms)[39m[39m
▶ extractAgnesVideoUrl (align new-api)
  [32m✔ reads MP4 from remixed_from_video_id like new-api ExtractVideoURLFromJSON [90m(2.3312ms)[39m[39m
  [32m✔ prefers video_url when present [90m(0.7098ms)[39m[39m
  [32m✔ reads nested data.url [90m(0.3782ms)[39m[39m
  [32m✔ reads metadata.url from current Agnes completed response [90m(0.7628ms)[39m[39m
[32m✔ extractAgnesVideoUrl (align new-api) [90m(6.5439ms)[39m[39m
▶ pickProxyVideoUrl Agnes completed task
  [32m✔ reads MP4 from remixed_from_video_id when video_url is absent [90m(1.2799ms)[39m[39m
[32m✔ pickProxyVideoUrl Agnes completed task [90m(1.6264ms)[39m[39m
▶ buildAgnesPollUrl (align new-api FetchTask)
  [32m✔ builds GET {origin}/v1/videos/{task_id} and strips trailing /v1 from base [90m(1.1203ms)[39m[39m
  [32m✔ also works when base already has no /v1 [90m(0.3029ms)[39m[39m
  [32m✔ getAgnesApiRoot matches new-api apiOrigin [90m(0.2555ms)[39m[39m
[32m✔ buildAgnesPollUrl (align new-api FetchTask) [90m(2.1032ms)[39m[39m
Ran migration: 01_init.sql #1
Ran migration: 01_init.sql #2
Ran migration: 01_init.sql #3
Ran migration: 01_init.sql #4
Ran migration: 01_init.sql #5
Ran migration: 01_init.sql #6
Ran migration: 01_init.sql #7
Ran migration: 01_init.sql #8
Ran migration: 01_init.sql #9
Ran migration: 01_init.sql #10
Ran migration: 01_init.sql #11
Ran migration: 01_init.sql #12
Ran migration: 01_init.sql #13
Ran migration: 01_init.sql #14
Ran migration: 01_init.sql #15
Ran migration: 01_init.sql #16
Ran migration: 01_init.sql #17
Ran migration: 01_init.sql #18
Skip (already exists): 02_add_default_model.sql
Ran migration: 03_add_props_episode_id.sql
Skip (already exists): 04_async_tasks_columns.sql #1
Skip (already exists): 04_async_tasks_columns.sql #2
Skip (already exists): 04_async_tasks_columns.sql #3
Skip (already exists): 05_add_image_generations_completed_at.sql #1
Skip (already exists): 05_add_image_generations_completed_at.sql #2
Skip (already exists): 06_add_characters_local_path.sql
Skip (already exists): 07_add_scenes_image_columns.sql #1
Skip (already exists): 07_add_scenes_image_columns.sql #2
Skip (already exists): 08_add_video_generations_completed_at.sql #1
Skip (already exists): 08_add_video_generations_completed_at.sql #2
Ran migration: 09_scene_prop_libraries.sql #1
Ran migration: 09_scene_prop_libraries.sql #2
Ran migration: 10_prompt_overrides.sql
Ran migration: 11_add_api_protocol.sql
Ran migration: 12_image_proxy_cache.sql
Ran migration: 13_character_identity_anchors.sql #1
Ran migration: 13_character_identity_anchors.sql #2
Ran migration: 13_character_identity_anchors.sql #3
Ran migration: 13_character_identity_anchors.sql #4
Ran migration: 13_character_identity_anchors.sql #5
Ran migration: 13_character_identity_anchors.sql #6
Ran migration: 13_character_identity_anchors.sql #7
Ran migration: 13_character_identity_anchors.sql #8
Ran migration: 13_character_identity_anchors.sql #9
Ran migration: 14_storyboard_segments_and_model_map.sql #1
Ran migration: 14_storyboard_segments_and_model_map.sql #2
Ran migration: 14_storyboard_segments_and_model_map.sql #3
Ran migration: 15_storyboard_angle_structured.sql #1
Ran migration: 15_storyboard_angle_structured.sql #2
Ran migration: 15_storyboard_angle_structured.sql #3
Ran migration: 16_character_polished_prompt.sql
Ran migration: 17_character_stages.sql
Ran migration: 18_storyboard_narration.sql
Ran migration: 19_storyboard_universal_mode.sql #1
Ran migration: 19_storyboard_universal_mode.sql #2
Ran migration: 20_character_seedance2_asset.sql
Ran migration: 21_asset_negative_prompt.sql #1
Ran migration: 21_asset_negative_prompt.sql #2
Ran migration: 21_asset_negative_prompt.sql #3
Skip (already exists): 22_library_source_id.sql #1
Skip (already exists): 22_library_source_id.sql #2
Skip (already exists): 22_library_source_id.sql #3
Skip (already exists): 22_library_source_id.sql #4
Skip (already exists): 22_library_source_id.sql #5
Skip (already exists): 22_library_source_id.sql #6
Ran migration: 22_library_source_id.sql #7
Ran migration: 22_library_source_id.sql #8
Ran migration: 22_library_source_id.sql #9
Ran migration: 23_omni_video_workbench.sql #1
Ran migration: 23_omni_video_workbench.sql #2
Ran migration: 23_omni_video_workbench.sql #3
Ran migration: 23_omni_video_workbench.sql #4
Ran migration: 23_omni_video_workbench.sql #5
Ran migration: 23_omni_video_workbench.sql #6
Ran migration: 23_omni_video_workbench.sql #7
Ran migration: 23_omni_video_workbench.sql #8
Ran migration: 23_omni_video_workbench.sql #9
Ran migration: 23_omni_video_workbench.sql #10
Ran migration: 23_omni_video_workbench.sql #11
Ran migration: 23_omni_video_workbench.sql #12
Ran migration: 24_asset_seedance2_certification.sql
Ran migration: 25_omni_sequences.sql #1
Ran migration: 25_omni_sequences.sql #2
Ran migration: 25_omni_sequences.sql #3
Ran migration: 25_omni_sequences.sql #4
Ran migration: 25_omni_sequences.sql #5
Ran migration: 26_omni_workbench_improvements.sql #1
Ran migration: 26_omni_workbench_improvements.sql #2
Ran migration: 27_ai_toolbox.sql #1
Ran migration: 27_ai_toolbox.sql #2
Ran migration: 27_ai_toolbox.sql #3
Ran migration: 27_ai_toolbox.sql #4
Ran migration: 27_ai_toolbox.sql #5
Ran migration: 27_ai_toolbox.sql #6
Ran migration: 27_ai_toolbox.sql #7
Ran migration: 28_storyboard_generation_settings.sql #1
Ran migration: 28_storyboard_generation_settings.sql #2
Ran migration: 28_storyboard_generation_settings.sql #3
Ran migration: 28_storyboard_generation_settings.sql #4
Ran migration: 29_resource_seedance2_asset.sql #1
Ran migration: 29_resource_seedance2_asset.sql #2
Ran migration: 30_storyboard_omni_assets.sql #1
Ran migration: 30_storyboard_omni_assets.sql #2
Ran migration: 30_storyboard_omni_assets.sql #3
Ran migration: 30_storyboard_omni_assets.sql #4
Ran migration: 30_storyboard_omni_assets.sql #5
Ran migration: 30_storyboard_omni_assets.sql #6
Ran migration: 30_storyboard_omni_assets.sql #7
Ran migration: 30_storyboard_omni_assets.sql #8
Ran migration: 30_storyboard_omni_assets.sql #9
Ran migration: 31_storyboard_sort_order.sql
Ran migration: 32_asset_favorites.sql
Ran migration: 33_auth_billing_admin.sql #1
Ran migration: 33_auth_billing_admin.sql #2
Ran migration: 33_auth_billing_admin.sql #3
Ran migration: 33_auth_billing_admin.sql #4
Ran migration: 33_auth_billing_admin.sql #5
Ran migration: 33_auth_billing_admin.sql #6
Ran migration: 33_auth_billing_admin.sql #7
Ran migration: 33_auth_billing_admin.sql #8
Ran migration: 33_auth_billing_admin.sql #9
Ran migration: 33_auth_billing_admin.sql #10
Ran migration: 33_auth_billing_admin.sql #11
Ran migration: 33_auth_billing_admin.sql #12
Ran migration: 33_auth_billing_admin.sql #13
Ran migration: 33_auth_billing_admin.sql #14
Ran migration: 33_auth_billing_admin.sql #15
Ran migration: 33_auth_billing_admin.sql #16
Ran migration: 33_auth_billing_admin.sql #17
Ran migration: 33_auth_billing_admin.sql #18
Ran migration: 33_auth_billing_admin.sql #19
Ran migration: 33_auth_billing_admin.sql #20
Ran migration: 33_auth_billing_admin.sql #21
Ran migration: 34_workflow_ownership.sql #1
Ran migration: 34_workflow_ownership.sql #2
Ran migration: 34_workflow_ownership.sql #3
Ran migration: 34_workflow_ownership.sql #4
Ran migration: 34_workflow_ownership.sql #5
Ran migration: 34_workflow_ownership.sql #6
Ran migration: 34_workflow_ownership.sql #7
Ran migration: 35_runtime_auth_settings.sql
Ran migration: 36_volcengine_seedream_official_prices.sql #1
Ran migration: 36_volcengine_seedream_official_prices.sql #2
Ran migration: 36_volcengine_seedream_official_prices.sql #3
Ran migration: 37_points_ratio_and_volcengine_video_prices.sql #1
Ran migration: 37_points_ratio_and_volcengine_video_prices.sql #2
Ran migration: 37_points_ratio_and_volcengine_video_prices.sql #3
Ran migration: 37_points_ratio_and_volcengine_video_prices.sql #4
Ran migration: 37_points_ratio_and_volcengine_video_prices.sql #5
Ran migration: 37_points_ratio_and_volcengine_video_prices.sql #6
Ran migration: 37_points_ratio_and_volcengine_video_prices.sql #7
Ran migration: 37_points_ratio_and_volcengine_video_prices.sql #8
Ran migration: 38_seedance_video_rate_contexts.sql #1
Ran migration: 38_seedance_video_rate_contexts.sql #2
Ran migration: 39_billing_key_for_custom_providers.sql #1
Ran migration: 39_billing_key_for_custom_providers.sql #2
Ran migration: 40_volcengine_text_tts_official_prices.sql #1
Ran migration: 40_volcengine_text_tts_official_prices.sql #2
Ran migration: 40_volcengine_text_tts_official_prices.sql #3
Ran migration: 40_volcengine_text_tts_official_prices.sql #4
Ran migration: 40_volcengine_text_tts_official_prices.sql #5
Ran migration: 41_billing_reconciliation.sql #1
Ran migration: 41_billing_reconciliation.sql #2
Ran migration: 41_billing_reconciliation.sql #3
Ran migration: 42_volcengine_seed_2_lite_prices.sql #1
Ran migration: 42_volcengine_seed_2_lite_prices.sql #2
Ran migration: 43_video_usage_output_meter_and_snapshot.sql #1
Ran migration: 43_video_usage_output_meter_and_snapshot.sql #2
Ran migration: 43_video_usage_output_meter_and_snapshot.sql #3
Ran migration: 44_deduplicate_video_output_meters.sql #1
Ran migration: 44_deduplicate_video_output_meters.sql #2
Ran migration: 45_remove_legacy_model_permissions.sql
Ran migration: 46_seed_2_lite_context_tier.sql #1
Ran migration: 46_seed_2_lite_context_tier.sql #2
Ran migration: 46_seed_2_lite_context_tier.sql #3
Ran migration: 47_seedance_2_mini_price.sql #1
Ran migration: 47_seedance_2_mini_price.sql #2
Ran migration: 48_media_archive_records.sql #1
Ran migration: 48_media_archive_records.sql #2
Ran migration: 49_seedance_2_5_price.sql #1
Ran migration: 49_seedance_2_5_price.sql #2
Ran migration: 50_storyboard_generation_inheritance.sql #1
Ran migration: 50_storyboard_generation_inheritance.sql #2
Ran migration: 51_video_poster_path.sql
Ran migration: 52_asset_links_video_interpolation.sql #1
Ran migration: 52_asset_links_video_interpolation.sql #2
Ran migration: 52_asset_links_video_interpolation.sql #3
Ran migration: 52_asset_links_video_interpolation.sql #4
Ran migration: 52_asset_links_video_interpolation.sql #5
Ran migration: 52_asset_links_video_interpolation.sql #6
Ran migration: 52_asset_links_video_interpolation.sql #7
Ran migration: 52_asset_links_video_interpolation.sql #8
Ran migration: 52_asset_links_video_interpolation.sql #9
Ran migration: 52_asset_links_video_interpolation.sql #10
Ran migration: 52_asset_links_video_interpolation.sql #11
Ran migration: 52_asset_links_video_interpolation.sql #12
Ran migration: 52_asset_links_video_interpolation.sql #13
Ran migration: 52_asset_links_video_interpolation.sql #14
Ran migration: 52_asset_links_video_interpolation.sql #15
Ran migration: 52_asset_links_video_interpolation.sql #16
Ran migration: 52_asset_links_video_interpolation.sql #17
Ran migration: 53_video_upscale_and_billing_reaudit.sql #1
Ran migration: 53_video_upscale_and_billing_reaudit.sql #2
Ran migration: 53_video_upscale_and_billing_reaudit.sql #3
Ran migration: 53_video_upscale_and_billing_reaudit.sql #4
Ran migration: 53_video_upscale_and_billing_reaudit.sql #5
Ran migration: 53_video_upscale_and_billing_reaudit.sql #6
Ran migration: 53_video_upscale_and_billing_reaudit.sql #7
Ran migration: 53_video_upscale_and_billing_reaudit.sql #9
Ran migration: 53_video_upscale_and_billing_reaudit.sql #10
Ran migration: 54_storyboard_optional_video_postprocess.sql #1
Ran migration: 54_storyboard_optional_video_postprocess.sql #2
Ran migration: 54_storyboard_optional_video_postprocess.sql #3
Ran migration: 55_video_intermediate_cleanup_opt_in.sql
Ran migration: 56_fix_mediakit_postprocess_display_fallback_prices.sql #1
Ran migration: 56_fix_mediakit_postprocess_display_fallback_prices.sql #2
Ran migration: 57_mediakit_shared_connection_defaults.sql
Ran migration: 58_storyboard_active_video_version.sql
Ran migration: 59_operations_alert_settings.sql #1
Ran migration: 59_operations_alert_settings.sql #2
Ran migration: 60_operations_report_snapshots.sql
Ran migration: 61_tenant_billing_and_console_isolation.sql #1
Ran migration: 61_tenant_billing_and_console_isolation.sql #2
Ran migration: 61_tenant_billing_and_console_isolation.sql #3
Ran migration: 61_tenant_billing_and_console_isolation.sql #4
Ran migration: 61_tenant_billing_and_console_isolation.sql #5
Ran migration: 61_tenant_billing_and_console_isolation.sql #6
Ran migration: 61_tenant_billing_and_console_isolation.sql #7
Ran migration: 61_tenant_billing_and_console_isolation.sql #8
Ran migration: 61_tenant_billing_and_console_isolation.sql #9
Ran migration: 61_tenant_billing_and_console_isolation.sql #10
Ran migration: 61_tenant_billing_and_console_isolation.sql #11
Ran migration: 61_tenant_billing_and_console_isolation.sql #12
Ran migration: 61_tenant_billing_and_console_isolation.sql #13
Ran migration: 61_tenant_billing_and_console_isolation.sql #14
Ran migration: 61_tenant_billing_and_console_isolation.sql #15
Ran migration: 61_tenant_billing_and_console_isolation.sql #16
Ran migration: 62_migrate_existing_users_to_default_tenant.sql #1
Ran migration: 62_migrate_existing_users_to_default_tenant.sql #2
Ran migration: 62_migrate_existing_users_to_default_tenant.sql #3
Ran migration: 62_migrate_existing_users_to_default_tenant.sql #4
Ran migration: 62_migrate_existing_users_to_default_tenant.sql #5
Ran migration: 63_geeknow_gpt_image_2_price.sql #1
Ran migration: 63_geeknow_gpt_image_2_price.sql #2
Ran migration: 64_default_tenant_price_book_compatibility.sql
Ran migration: 65_tool_run_tenant_scope.sql #1
Ran migration: 65_tool_run_tenant_scope.sql #2
Ran migration: 66_tenant_config_defaults.sql #1
Ran migration: 66_tenant_config_defaults.sql #2
Ran migration: 66_tenant_config_defaults.sql #3
Ran migration: 66_tenant_config_defaults.sql #4
Ran migration: 66_tenant_config_defaults.sql #5
Ran migration: 67_tenant_owned_ai_configs.sql #1
Ran migration: 67_tenant_owned_ai_configs.sql #2
Ran migration: 68_preserve_legacy_default_tenant.sql #1
Ran migration: 68_preserve_legacy_default_tenant.sql #2
Ran migration: 70_billing_project_usage_snapshots.sql #1
Ran migration: 70_billing_project_usage_snapshots.sql #2
Ran migration: 70_billing_project_usage_snapshots.sql #3
Ran migration: 70_billing_project_usage_snapshots.sql #4
Ran migration: 70_billing_project_usage_snapshots.sql #5
Ran migration: 70_billing_project_usage_snapshots.sql #6
Ran migration: 70_billing_project_usage_snapshots.sql #7
Ran migration: 70_billing_project_usage_snapshots.sql #8
Ran migration: 70_billing_project_usage_snapshots.sql #9
Ran migration: 70_billing_project_usage_snapshots.sql #10
Ran migration: 70_billing_project_usage_snapshots.sql #11
Ran migration: 70_billing_project_usage_snapshots.sql #12
Ran migration: 70_billing_project_usage_snapshots.sql #13
Ran migration: 70_billing_project_usage_snapshots.sql #14
Ran migration: 71_billable_project_context.sql #1
Ran migration: 71_billable_project_context.sql #2
Ran migration: 71_billable_project_context.sql #3
Ran migration: 71_billable_project_context.sql #4
Migrated billing ledger to micro-points: [33m10000[39m
ensureColumns: added storyboards.layout_description (TEXT)
ensureColumns: added storyboards.image_url (TEXT)
ensureColumns: added storyboards.local_path (TEXT)
ensureColumns: added storyboards.main_panel_idx (INTEGER)
ensureColumns: added storyboards.composed_image (TEXT)
ensureColumns: added storyboards.result (TEXT)
ensureColumns: added storyboards.emotion (TEXT)
ensureColumns: added storyboards.emotion_intensity (INTEGER)
ensureColumns: added storyboards.error_msg (TEXT)
ensureColumns: added storyboards.lighting_style (TEXT)
ensureColumns: added storyboards.depth_of_field (TEXT)
ensureColumns: added storyboards.polished_prompt (TEXT)
ensureColumns: added storyboards.continuity_snapshot (TEXT)
ensureColumns: added storyboards.audio_local_path (TEXT)
ensureColumns: added storyboards.narration_audio_local_path (TEXT)
ensureColumns: added storyboards.omni_prompt_document_json (TEXT)
ensureColumns: added storyboards.first_frame_image_id (INTEGER)
ensureColumns: added storyboards.last_frame_image_id (INTEGER)
ensureColumns: added storyboards.last_frame_image_url (TEXT)
ensureColumns: added storyboards.last_frame_local_path (TEXT)
ensureColumns: added characters.extra_images (TEXT)
ensureColumns: added characters.error_msg (TEXT)
ensureColumns: added characters.ref_image (TEXT)
ensureColumns: added characters.seedance2_voice_asset (TEXT)
ensureColumns: added scenes.polished_prompt (TEXT)
ensureColumns: added scenes.extra_images (TEXT)
ensureColumns: added scenes.ref_image (TEXT)
ensureColumns: added scenes.error_msg (TEXT)
ensureColumns: added props.extra_images (TEXT)
ensureColumns: added props.ref_image (TEXT)
ensureColumns: added props.error_msg (TEXT)
ensureColumns: added tenants.is_new_user_default (INTEGER DEFAULT 0)
ensureColumns: added image_generations.episode_id (INTEGER)
ensureColumns: added image_generations.use_first_frame_layout_lock (INTEGER)
ensureColumns: added image_generations.width (INTEGER)
ensureColumns: added image_generations.height (INTEGER)
ensureColumns: added video_generations.resolution (TEXT)
ensureColumns: added video_generations.seed (INTEGER)
ensureColumns: added video_generations.camera_fixed (INTEGER)
ensureColumns: added video_generations.watermark (INTEGER)
ensureColumns: added video_generations.provider_task_id (TEXT)
ensureColumns: added video_generations.archive_status (TEXT)
ensureColumns: added video_generations.archive_error (TEXT)
ensureColumns: added video_generations.archive_attempts (INTEGER NOT NULL DEFAULT 0)
ensureColumns: added video_generations.archived_at (TEXT)
ensureColumns: added video_merges.merge_options (TEXT)
ensureColumns: added video_merges.merged_url (TEXT)
ensureColumns: added video_merges.duration (INTEGER)
ensureColumns: added video_merges.completed_at (TEXT)
ensureColumns: added video_merges.error_msg (TEXT)
ensureColumns: added assets.reference_alias (TEXT)
ensureColumns: added assets.archived_at (TEXT)
ensureColumns: added omni_video_jobs.storyboard_id (INTEGER)
Skip migration (table not found, will be ensured later): 69_homepage_default_video_resources.sql - no such table: global_settings
Ran migration: 01_init.sql #1
Ran migration: 01_init.sql #2
Ran migration: 01_init.sql #3
Ran migration: 01_init.sql #4
Ran migration: 01_init.sql #5
Ran migration: 01_init.sql #6
Ran migration: 01_init.sql #7
Ran migration: 01_init.sql #8
Ran migration: 01_init.sql #9
Ran migration: 01_init.sql #10
Ran migration: 01_init.sql #11
Ran migration: 01_init.sql #12
Ran migration: 01_init.sql #13
Ran migration: 01_init.sql #14
Ran migration: 01_init.sql #15
Ran migration: 01_init.sql #16
Ran migration: 01_init.sql #17
Ran migration: 01_init.sql #18
Skip (already exists): 02_add_default_model.sql
Ran migration: 03_add_props_episode_id.sql
Skip (already exists): 04_async_tasks_columns.sql #1
Skip (already exists): 04_async_tasks_columns.sql #2
Skip (already exists): 04_async_tasks_columns.sql #3
Skip (already exists): 05_add_image_generations_completed_at.sql #1
Skip (already exists): 05_add_image_generations_completed_at.sql #2
Skip (already exists): 06_add_characters_local_path.sql
Skip (already exists): 07_add_scenes_image_columns.sql #1
Skip (already exists): 07_add_scenes_image_columns.sql #2
Skip (already exists): 08_add_video_generations_completed_at.sql #1
Skip (already exists): 08_add_video_generations_completed_at.sql #2
Ran migration: 09_scene_prop_libraries.sql #1
Ran migration: 09_scene_prop_libraries.sql #2
Ran migration: 10_prompt_overrides.sql
Ran migration: 11_add_api_protocol.sql
Ran migration: 12_image_proxy_cache.sql
Ran migration: 13_character_identity_anchors.sql #1
Ran migration: 13_character_identity_anchors.sql #2
Ran migration: 13_character_identity_anchors.sql #3
Ran migration: 13_character_identity_anchors.sql #4
Ran migration: 13_character_identity_anchors.sql #5
Ran migration: 13_character_identity_anchors.sql #6
Ran migration: 13_character_identity_anchors.sql #7
Ran migration: 13_character_identity_anchors.sql #8
Ran migration: 13_character_identity_anchors.sql #9
Ran migration: 14_storyboard_segments_and_model_map.sql #1
Ran migration: 14_storyboard_segments_and_model_map.sql #2
Ran migration: 14_storyboard_segments_and_model_map.sql #3
Ran migration: 15_storyboard_angle_structured.sql #1
Ran migration: 15_storyboard_angle_structured.sql #2
Ran migration: 15_storyboard_angle_structured.sql #3
Ran migration: 16_character_polished_prompt.sql
Ran migration: 17_character_stages.sql
Ran migration: 18_storyboard_narration.sql
Ran migration: 19_storyboard_universal_mode.sql #1
Ran migration: 19_storyboard_universal_mode.sql #2
Ran migration: 20_character_seedance2_asset.sql
Ran migration: 21_asset_negative_prompt.sql #1
Ran migration: 21_asset_negative_prompt.sql #2
Ran migration: 21_asset_negative_prompt.sql #3
Skip (already exists): 22_library_source_id.sql #1
Skip (already exists): 22_library_source_id.sql #2
Skip (already exists): 22_library_source_id.sql #3
Skip (already exists): 22_library_source_id.sql #4
Skip (already exists): 22_library_source_id.sql #5
Skip (already exists): 22_library_source_id.sql #6
Ran migration: 22_library_source_id.sql #7
Ran migration: 22_library_source_id.sql #8
Ran migration: 22_library_source_id.sql #9
Ran migration: 23_omni_video_workbench.sql #1
Ran migration: 23_omni_video_workbench.sql #2
Ran migration: 23_omni_video_workbench.sql #3
Ran migration: 23_omni_video_workbench.sql #4
Ran migration: 23_omni_video_workbench.sql #5
Ran migration: 23_omni_video_workbench.sql #6
Ran migration: 23_omni_video_workbench.sql #7
Ran migration: 23_omni_video_workbench.sql #8
Ran migration: 23_omni_video_workbench.sql #9
Ran migration: 23_omni_video_workbench.sql #10
Ran migration: 23_omni_video_workbench.sql #11
Ran migration: 23_omni_video_workbench.sql #12
Ran migration: 24_asset_seedance2_certification.sql
Ran migration: 25_omni_sequences.sql #1
Ran migration: 25_omni_sequences.sql #2
Ran migration: 25_omni_sequences.sql #3
Ran migration: 25_omni_sequences.sql #4
Ran migration: 25_omni_sequences.sql #5
Ran migration: 26_omni_workbench_improvements.sql #1
Ran migration: 26_omni_workbench_improvements.sql #2
Ran migration: 27_ai_toolbox.sql #1
Ran migration: 27_ai_toolbox.sql #2
Ran migration: 27_ai_toolbox.sql #3
Ran migration: 27_ai_toolbox.sql #4
Ran migration: 27_ai_toolbox.sql #5
Ran migration: 27_ai_toolbox.sql #6
Ran migration: 27_ai_toolbox.sql #7
Ran migration: 28_storyboard_generation_settings.sql #1
Ran migration: 28_storyboard_generation_settings.sql #2
Ran migration: 28_storyboard_generation_settings.sql #3
Ran migration: 28_storyboard_generation_settings.sql #4
Ran migration: 29_resource_seedance2_asset.sql #1
Ran migration: 29_resource_seedance2_asset.sql #2
Ran migration: 30_storyboard_omni_assets.sql #1
Ran migration: 30_storyboard_omni_assets.sql #2
Ran migration: 30_storyboard_omni_assets.sql #3
Ran migration: 30_storyboard_omni_assets.sql #4
Ran migration: 30_storyboard_omni_assets.sql #5
Ran migration: 30_storyboard_omni_assets.sql #6
Ran migration: 30_storyboard_omni_assets.sql #7
Ran migration: 30_storyboard_omni_assets.sql #8
Ran migration: 30_storyboard_omni_assets.sql #9
Ran migration: 31_storyboard_sort_order.sql
Ran migration: 32_asset_favorites.sql
Ran migration: 33_auth_billing_admin.sql #1
Ran migration: 33_auth_billing_admin.sql #2
Ran migration: 33_auth_billing_admin.sql #3
Ran migration: 33_auth_billing_admin.sql #4
Ran migration: 33_auth_billing_admin.sql #5
Ran migration: 33_auth_billing_admin.sql #6
Ran migration: 33_auth_billing_admin.sql #7
Ran migration: 33_auth_billing_admin.sql #8
Ran migration: 33_auth_billing_admin.sql #9
Ran migration: 33_auth_billing_admin.sql #10
Ran migration: 33_auth_billing_admin.sql #11
Ran migration: 33_auth_billing_admin.sql #12
Ran migration: 33_auth_billing_admin.sql #13
Ran migration: 33_auth_billing_admin.sql #14
Ran migration: 33_auth_billing_admin.sql #15
Ran migration: 33_auth_billing_admin.sql #16
Ran migration: 33_auth_billing_admin.sql #17
Ran migration: 33_auth_billing_admin.sql #18
Ran migration: 33_auth_billing_admin.sql #19
Ran migration: 33_auth_billing_admin.sql #20
Ran migration: 33_auth_billing_admin.sql #21
Ran migration: 34_workflow_ownership.sql #1
Ran migration: 34_workflow_ownership.sql #2
Ran migration: 34_workflow_ownership.sql #3
Ran migration: 34_workflow_ownership.sql #4
Ran migration: 34_workflow_ownership.sql #5
Ran migration: 34_workflow_ownership.sql #6
Ran migration: 34_workflow_ownership.sql #7
Ran migration: 35_runtime_auth_settings.sql
Ran migration: 36_volcengine_seedream_official_prices.sql #1
Ran migration: 36_volcengine_seedream_official_prices.sql #2
Ran migration: 36_volcengine_seedream_official_prices.sql #3
Ran migration: 37_points_ratio_and_volcengine_video_prices.sql #1
Ran migration: 37_points_ratio_and_volcengine_video_prices.sql #2
Ran migration: 37_points_ratio_and_volcengine_video_prices.sql #3
Ran migration: 37_points_ratio_and_volcengine_video_prices.sql #4
Ran migration: 37_points_ratio_and_volcengine_video_prices.sql #5
Ran migration: 37_points_ratio_and_volcengine_video_prices.sql #6
Ran migration: 37_points_ratio_and_volcengine_video_prices.sql #7
Ran migration: 37_points_ratio_and_volcengine_video_prices.sql #8
Ran migration: 38_seedance_video_rate_contexts.sql #1
Ran migration: 38_seedance_video_rate_contexts.sql #2
Ran migration: 39_billing_key_for_custom_providers.sql #1
Ran migration: 39_billing_key_for_custom_providers.sql #2
Ran migration: 40_volcengine_text_tts_official_prices.sql #1
Ran migration: 40_volcengine_text_tts_official_prices.sql #2
Ran migration: 40_volcengine_text_tts_official_prices.sql #3
Ran migration: 40_volcengine_text_tts_official_prices.sql #4
Ran migration: 40_volcengine_text_tts_official_prices.sql #5
Ran migration: 41_billing_reconciliation.sql #1
Ran migration: 41_billing_reconciliation.sql #2
Ran migration: 41_billing_reconciliation.sql #3
Ran migration: 42_volcengine_seed_2_lite_prices.sql #1
Ran migration: 42_volcengine_seed_2_lite_prices.sql #2
Ran migration: 43_video_usage_output_meter_and_snapshot.sql #1
Ran migration: 43_video_usage_output_meter_and_snapshot.sql #2
Ran migration: 43_video_usage_output_meter_and_snapshot.sql #3
Ran migration: 44_deduplicate_video_output_meters.sql #1
Ran migration: 44_deduplicate_video_output_meters.sql #2
Ran migration: 45_remove_legacy_model_permissions.sql
Ran migration: 46_seed_2_lite_context_tier.sql #1
Ran migration: 46_seed_2_lite_context_tier.sql #2
Ran migration: 46_seed_2_lite_context_tier.sql #3
Ran migration: 47_seedance_2_mini_price.sql #1
Ran migration: 47_seedance_2_mini_price.sql #2
Ran migration: 48_media_archive_records.sql #1
Ran migration: 48_media_archive_records.sql #2
Ran migration: 49_seedance_2_5_price.sql #1
Ran migration: 49_seedance_2_5_price.sql #2
Ran migration: 50_storyboard_generation_inheritance.sql #1
Ran migration: 50_storyboard_generation_inheritance.sql #2
Ran migration: 51_video_poster_path.sql
Ran migration: 52_asset_links_video_interpolation.sql #1
Ran migration: 52_asset_links_video_interpolation.sql #2
Ran migration: 52_asset_links_video_interpolation.sql #3
Ran migration: 52_asset_links_video_interpolation.sql #4
Ran migration: 52_asset_links_video_interpolation.sql #5
Ran migration: 52_asset_links_video_interpolation.sql #6
Ran migration: 52_asset_links_video_interpolation.sql #7
Ran migration: 52_asset_links_video_interpolation.sql #8
Ran migration: 52_asset_links_video_interpolation.sql #9
Ran migration: 52_asset_links_video_interpolation.sql #10
Ran migration: 52_asset_links_video_interpolation.sql #11
Ran migration: 52_asset_links_video_interpolation.sql #12
Ran migration: 52_asset_links_video_interpolation.sql #13
Ran migration: 52_asset_links_video_interpolation.sql #14
Ran migration: 52_asset_links_video_interpolation.sql #15
Ran migration: 52_asset_links_video_interpolation.sql #16
Ran migration: 52_asset_links_video_interpolation.sql #17
Ran migration: 53_video_upscale_and_billing_reaudit.sql #1
Ran migration: 53_video_upscale_and_billing_reaudit.sql #2
Ran migration: 53_video_upscale_and_billing_reaudit.sql #3
Ran migration: 53_video_upscale_and_billing_reaudit.sql #4
Ran migration: 53_video_upscale_and_billing_reaudit.sql #5
Ran migration: 53_video_upscale_and_billing_reaudit.sql #6
Ran migration: 53_video_upscale_and_billing_reaudit.sql #7
Ran migration: 53_video_upscale_and_billing_reaudit.sql #9
Ran migration: 53_video_upscale_and_billing_reaudit.sql #10
Ran migration: 54_storyboard_optional_video_postprocess.sql #1
Ran migration: 54_storyboard_optional_video_postprocess.sql #2
Ran migration: 54_storyboard_optional_video_postprocess.sql #3
Ran migration: 55_video_intermediate_cleanup_opt_in.sql
Ran migration: 56_fix_mediakit_postprocess_display_fallback_prices.sql #1
Ran migration: 56_fix_mediakit_postprocess_display_fallback_prices.sql #2
Ran migration: 57_mediakit_shared_connection_defaults.sql
Ran migration: 58_storyboard_active_video_version.sql
Ran migration: 59_operations_alert_settings.sql #1
Ran migration: 59_operations_alert_settings.sql #2
Ran migration: 60_operations_report_snapshots.sql
Ran migration: 61_tenant_billing_and_console_isolation.sql #1
Ran migration: 61_tenant_billing_and_console_isolation.sql #2
Ran migration: 61_tenant_billing_and_console_isolation.sql #3
Ran migration: 61_tenant_billing_and_console_isolation.sql #4
Ran migration: 61_tenant_billing_and_console_isolation.sql #5
Ran migration: 61_tenant_billing_and_console_isolation.sql #6
Ran migration: 61_tenant_billing_and_console_isolation.sql #7
Ran migration: 61_tenant_billing_and_console_isolation.sql #8
Ran migration: 61_tenant_billing_and_console_isolation.sql #9
Ran migration: 61_tenant_billing_and_console_isolation.sql #10
Ran migration: 61_tenant_billing_and_console_isolation.sql #11
Ran migration: 61_tenant_billing_and_console_isolation.sql #12
Ran migration: 61_tenant_billing_and_console_isolation.sql #13
Ran migration: 61_tenant_billing_and_console_isolation.sql #14
Ran migration: 61_tenant_billing_and_console_isolation.sql #15
Ran migration: 61_tenant_billing_and_console_isolation.sql #16
Ran migration: 62_migrate_existing_users_to_default_tenant.sql #1
Ran migration: 62_migrate_existing_users_to_default_tenant.sql #2
Ran migration: 62_migrate_existing_users_to_default_tenant.sql #3
Ran migration: 62_migrate_existing_users_to_default_tenant.sql #4
Ran migration: 62_migrate_existing_users_to_default_tenant.sql #5
Ran migration: 63_geeknow_gpt_image_2_price.sql #1
Ran migration: 63_geeknow_gpt_image_2_price.sql #2
Ran migration: 64_default_tenant_price_book_compatibility.sql
Ran migration: 65_tool_run_tenant_scope.sql #1
Ran migration: 65_tool_run_tenant_scope.sql #2
Ran migration: 66_tenant_config_defaults.sql #1
Ran migration: 66_tenant_config_defaults.sql #2
Ran migration: 66_tenant_config_defaults.sql #3
Ran migration: 66_tenant_config_defaults.sql #4
Ran migration: 66_tenant_config_defaults.sql #5
Ran migration: 67_tenant_owned_ai_configs.sql #1
Ran migration: 67_tenant_owned_ai_configs.sql #2
Ran migration: 68_preserve_legacy_default_tenant.sql #1
Ran migration: 68_preserve_legacy_default_tenant.sql #2
Ran migration: 70_billing_project_usage_snapshots.sql #1
Ran migration: 70_billing_project_usage_snapshots.sql #2
Ran migration: 70_billing_project_usage_snapshots.sql #3
Ran migration: 70_billing_project_usage_snapshots.sql #4
Ran migration: 70_billing_project_usage_snapshots.sql #5
Ran migration: 70_billing_project_usage_snapshots.sql #6
Ran migration: 70_billing_project_usage_snapshots.sql #7
Ran migration: 70_billing_project_usage_snapshots.sql #8
Ran migration: 70_billing_project_usage_snapshots.sql #9
Ran migration: 70_billing_project_usage_snapshots.sql #10
Ran migration: 70_billing_project_usage_snapshots.sql #11
Ran migration: 70_billing_project_usage_snapshots.sql #12
Ran migration: 70_billing_project_usage_snapshots.sql #13
Ran migration: 70_billing_project_usage_snapshots.sql #14
Ran migration: 71_billable_project_context.sql #1
Ran migration: 71_billable_project_context.sql #2
Ran migration: 71_billable_project_context.sql #3
Ran migration: 71_billable_project_context.sql #4
Migrated billing ledger to micro-points: [33m10000[39m
ensureColumns: added storyboards.layout_description (TEXT)
ensureColumns: added storyboards.image_url (TEXT)
ensureColumns: added storyboards.local_path (TEXT)
ensureColumns: added storyboards.main_panel_idx (INTEGER)
ensureColumns: added storyboards.composed_image (TEXT)
ensureColumns: added storyboards.result (TEXT)
ensureColumns: added storyboards.emotion (TEXT)
ensureColumns: added storyboards.emotion_intensity (INTEGER)
ensureColumns: added storyboards.error_msg (TEXT)
ensureColumns: added storyboards.lighting_style (TEXT)
ensureColumns: added storyboards.depth_of_field (TEXT)
ensureColumns: added storyboards.polished_prompt (TEXT)
ensureColumns: added storyboards.continuity_snapshot (TEXT)
ensureColumns: added storyboards.audio_local_path (TEXT)
ensureColumns: added storyboards.narration_audio_local_path (TEXT)
ensureColumns: added storyboards.omni_prompt_document_json (TEXT)
ensureColumns: added storyboards.first_frame_image_id (INTEGER)
ensureColumns: added storyboards.last_frame_image_id (INTEGER)
ensureColumns: added storyboards.last_frame_image_url (TEXT)
ensureColumns: added storyboards.last_frame_local_path (TEXT)
ensureColumns: added characters.extra_images (TEXT)
ensureColumns: added characters.error_msg (TEXT)
ensureColumns: added characters.ref_image (TEXT)
ensureColumns: added characters.seedance2_voice_asset (TEXT)
ensureColumns: added scenes.polished_prompt (TEXT)
ensureColumns: added scenes.extra_images (TEXT)
ensureColumns: added scenes.ref_image (TEXT)
ensureColumns: added scenes.error_msg (TEXT)
ensureColumns: added props.extra_images (TEXT)
ensureColumns: added props.ref_image (TEXT)
ensureColumns: added props.error_msg (TEXT)
ensureColumns: added tenants.is_new_user_default (INTEGER DEFAULT 0)
ensureColumns: added image_generations.episode_id (INTEGER)
ensureColumns: added image_generations.use_first_frame_layout_lock (INTEGER)
ensureColumns: added image_generations.width (INTEGER)
ensureColumns: added image_generations.height (INTEGER)
ensureColumns: added video_generations.resolution (TEXT)
ensureColumns: added video_generations.seed (INTEGER)
ensureColumns: added video_generations.camera_fixed (INTEGER)
ensureColumns: added video_generations.watermark (INTEGER)
ensureColumns: added video_generations.provider_task_id (TEXT)
ensureColumns: added video_generations.archive_status (TEXT)
ensureColumns: added video_generations.archive_error (TEXT)
ensureColumns: added video_generations.archive_attempts (INTEGER NOT NULL DEFAULT 0)
ensureColumns: added video_generations.archived_at (TEXT)
ensureColumns: added video_merges.merge_options (TEXT)
ensureColumns: added video_merges.merged_url (TEXT)
ensureColumns: added video_merges.duration (INTEGER)
ensureColumns: added video_merges.completed_at (TEXT)
ensureColumns: added video_merges.error_msg (TEXT)
ensureColumns: added assets.reference_alias (TEXT)
ensureColumns: added assets.archived_at (TEXT)
ensureColumns: added omni_video_jobs.storyboard_id (INTEGER)
Skip migration (table not found, will be ensured later): 69_homepage_default_video_resources.sql - no such table: global_settings
Ran migration: 01_init.sql #1
Ran migration: 01_init.sql #2
Ran migration: 01_init.sql #3
Ran migration: 01_init.sql #4
Ran migration: 01_init.sql #5
Ran migration: 01_init.sql #6
Ran migration: 01_init.sql #7
Ran migration: 01_init.sql #8
Ran migration: 01_init.sql #9
Ran migration: 01_init.sql #10
Ran migration: 01_init.sql #11
Ran migration: 01_init.sql #12
Ran migration: 01_init.sql #13
Ran migration: 01_init.sql #14
Ran migration: 01_init.sql #15
Ran migration: 01_init.sql #16
Ran migration: 01_init.sql #17
Ran migration: 01_init.sql #18
Skip (already exists): 02_add_default_model.sql
Ran migration: 03_add_props_episode_id.sql
Skip (already exists): 04_async_tasks_columns.sql #1
Skip (already exists): 04_async_tasks_columns.sql #2
Skip (already exists): 04_async_tasks_columns.sql #3
Skip (already exists): 05_add_image_generations_completed_at.sql #1
Skip (already exists): 05_add_image_generations_completed_at.sql #2
Skip (already exists): 06_add_characters_local_path.sql
Skip (already exists): 07_add_scenes_image_columns.sql #1
Skip (already exists): 07_add_scenes_image_columns.sql #2
Skip (already exists): 08_add_video_generations_completed_at.sql #1
Skip (already exists): 08_add_video_generations_completed_at.sql #2
Ran migration: 09_scene_prop_libraries.sql #1
Ran migration: 09_scene_prop_libraries.sql #2
Ran migration: 10_prompt_overrides.sql
Ran migration: 11_add_api_protocol.sql
Ran migration: 12_image_proxy_cache.sql
Ran migration: 13_character_identity_anchors.sql #1
Ran migration: 13_character_identity_anchors.sql #2
Ran migration: 13_character_identity_anchors.sql #3
Ran migration: 13_character_identity_anchors.sql #4
Ran migration: 13_character_identity_anchors.sql #5
Ran migration: 13_character_identity_anchors.sql #6
Ran migration: 13_character_identity_anchors.sql #7
Ran migration: 13_character_identity_anchors.sql #8
Ran migration: 13_character_identity_anchors.sql #9
Ran migration: 14_storyboard_segments_and_model_map.sql #1
Ran migration: 14_storyboard_segments_and_model_map.sql #2
Ran migration: 14_storyboard_segments_and_model_map.sql #3
Ran migration: 15_storyboard_angle_structured.sql #1
Ran migration: 15_storyboard_angle_structured.sql #2
Ran migration: 15_storyboard_angle_structured.sql #3
Ran migration: 16_character_polished_prompt.sql
Ran migration: 17_character_stages.sql
Ran migration: 18_storyboard_narration.sql
Ran migration: 19_storyboard_universal_mode.sql #1
Ran migration: 19_storyboard_universal_mode.sql #2
Ran migration: 20_character_seedance2_asset.sql
Ran migration: 21_asset_negative_prompt.sql #1
Ran migration: 21_asset_negative_prompt.sql #2
Ran migration: 21_asset_negative_prompt.sql #3
Skip (already exists): 22_library_source_id.sql #1
Skip (already exists): 22_library_source_id.sql #2
Skip (already exists): 22_library_source_id.sql #3
Skip (already exists): 22_library_source_id.sql #4
Skip (already exists): 22_library_source_id.sql #5
Skip (already exists): 22_library_source_id.sql #6
Ran migration: 22_library_source_id.sql #7
Ran migration: 22_library_source_id.sql #8
Ran migration: 22_library_source_id.sql #9
Ran migration: 23_omni_video_workbench.sql #1
Ran migration: 23_omni_video_workbench.sql #2
Ran migration: 23_omni_video_workbench.sql #3
Ran migration: 23_omni_video_workbench.sql #4
Ran migration: 23_omni_video_workbench.sql #5
Ran migration: 23_omni_video_workbench.sql #6
Ran migration: 23_omni_video_workbench.sql #7
Ran migration: 23_omni_video_workbench.sql #8
Ran migration: 23_omni_video_workbench.sql #9
Ran migration: 23_omni_video_workbench.sql #10
Ran migration: 23_omni_video_workbench.sql #11
Ran migration: 23_omni_video_workbench.sql #12
Ran migration: 24_asset_seedance2_certification.sql
Ran migration: 25_omni_sequences.sql #1
Ran migration: 25_omni_sequences.sql #2
Ran migration: 25_omni_sequences.sql #3
Ran migration: 25_omni_sequences.sql #4
Ran migration: 25_omni_sequences.sql #5
Ran migration: 26_omni_workbench_improvements.sql #1
Ran migration: 26_omni_workbench_improvements.sql #2
Ran migration: 27_ai_toolbox.sql #1
Ran migration: 27_ai_toolbox.sql #2
Ran migration: 27_ai_toolbox.sql #3
Ran migration: 27_ai_toolbox.sql #4
Ran migration: 27_ai_toolbox.sql #5
Ran migration: 27_ai_toolbox.sql #6
Ran migration: 27_ai_toolbox.sql #7
Ran migration: 28_storyboard_generation_settings.sql #1
Ran migration: 28_storyboard_generation_settings.sql #2
Ran migration: 28_storyboard_generation_settings.sql #3
Ran migration: 28_storyboard_generation_settings.sql #4
Ran migration: 29_resource_seedance2_asset.sql #1
Ran migration: 29_resource_seedance2_asset.sql #2
Ran migration: 30_storyboard_omni_assets.sql #1
Ran migration: 30_storyboard_omni_assets.sql #2
Ran migration: 30_storyboard_omni_assets.sql #3
Ran migration: 30_storyboard_omni_assets.sql #4
Ran migration: 30_storyboard_omni_assets.sql #5
Ran migration: 30_storyboard_omni_assets.sql #6
Ran migration: 30_storyboard_omni_assets.sql #7
Ran migration: 30_storyboard_omni_assets.sql #8
Ran migration: 30_storyboard_omni_assets.sql #9
Ran migration: 31_storyboard_sort_order.sql
Ran migration: 32_asset_favorites.sql
Ran migration: 33_auth_billing_admin.sql #1
Ran migration: 33_auth_billing_admin.sql #2
Ran migration: 33_auth_billing_admin.sql #3
Ran migration: 33_auth_billing_admin.sql #4
Ran migration: 33_auth_billing_admin.sql #5
Ran migration: 33_auth_billing_admin.sql #6
Ran migration: 33_auth_billing_admin.sql #7
Ran migration: 33_auth_billing_admin.sql #8
Ran migration: 33_auth_billing_admin.sql #9
Ran migration: 33_auth_billing_admin.sql #10
Ran migration: 33_auth_billing_admin.sql #11
Ran migration: 33_auth_billing_admin.sql #12
Ran migration: 33_auth_billing_admin.sql #13
Ran migration: 33_auth_billing_admin.sql #14
Ran migration: 33_auth_billing_admin.sql #15
Ran migration: 33_auth_billing_admin.sql #16
Ran migration: 33_auth_billing_admin.sql #17
Ran migration: 33_auth_billing_admin.sql #18
Ran migration: 33_auth_billing_admin.sql #19
Ran migration: 33_auth_billing_admin.sql #20
Ran migration: 33_auth_billing_admin.sql #21
Ran migration: 34_workflow_ownership.sql #1
Ran migration: 34_workflow_ownership.sql #2
Ran migration: 34_workflow_ownership.sql #3
Ran migration: 34_workflow_ownership.sql #4
Ran migration: 34_workflow_ownership.sql #5
Ran migration: 34_workflow_ownership.sql #6
Ran migration: 34_workflow_ownership.sql #7
Ran migration: 35_runtime_auth_settings.sql
Ran migration: 36_volcengine_seedream_official_prices.sql #1
Ran migration: 36_volcengine_seedream_official_prices.sql #2
Ran migration: 36_volcengine_seedream_official_prices.sql #3
Ran migration: 37_points_ratio_and_volcengine_video_prices.sql #1
Ran migration: 37_points_ratio_and_volcengine_video_prices.sql #2
Ran migration: 37_points_ratio_and_volcengine_video_prices.sql #3
Ran migration: 37_points_ratio_and_volcengine_video_prices.sql #4
Ran migration: 37_points_ratio_and_volcengine_video_prices.sql #5
Ran migration: 37_points_ratio_and_volcengine_video_prices.sql #6
Ran migration: 37_points_ratio_and_volcengine_video_prices.sql #7
Ran migration: 37_points_ratio_and_volcengine_video_prices.sql #8
Ran migration: 38_seedance_video_rate_contexts.sql #1
Ran migration: 38_seedance_video_rate_contexts.sql #2
Ran migration: 39_billing_key_for_custom_providers.sql #1
Ran migration: 39_billing_key_for_custom_providers.sql #2
Ran migration: 40_volcengine_text_tts_official_prices.sql #1
Ran migration: 40_volcengine_text_tts_official_prices.sql #2
Ran migration: 40_volcengine_text_tts_official_prices.sql #3
Ran migration: 40_volcengine_text_tts_official_prices.sql #4
Ran migration: 40_volcengine_text_tts_official_prices.sql #5
Ran migration: 41_billing_reconciliation.sql #1
Ran migration: 41_billing_reconciliation.sql #2
Ran migration: 41_billing_reconciliation.sql #3
Ran migration: 42_volcengine_seed_2_lite_prices.sql #1
Ran migration: 42_volcengine_seed_2_lite_prices.sql #2
Ran migration: 43_video_usage_output_meter_and_snapshot.sql #1
Ran migration: 43_video_usage_output_meter_and_snapshot.sql #2
Ran migration: 43_video_usage_output_meter_and_snapshot.sql #3
Ran migration: 44_deduplicate_video_output_meters.sql #1
Ran migration: 44_deduplicate_video_output_meters.sql #2
Ran migration: 45_remove_legacy_model_permissions.sql
Ran migration: 46_seed_2_lite_context_tier.sql #1
Ran migration: 46_seed_2_lite_context_tier.sql #2
Ran migration: 46_seed_2_lite_context_tier.sql #3
Ran migration: 47_seedance_2_mini_price.sql #1
Ran migration: 47_seedance_2_mini_price.sql #2
Ran migration: 48_media_archive_records.sql #1
Ran migration: 48_media_archive_records.sql #2
Ran migration: 49_seedance_2_5_price.sql #1
Ran migration: 49_seedance_2_5_price.sql #2
Ran migration: 50_storyboard_generation_inheritance.sql #1
Ran migration: 50_storyboard_generation_inheritance.sql #2
Ran migration: 51_video_poster_path.sql
Ran migration: 52_asset_links_video_interpolation.sql #1
Ran migration: 52_asset_links_video_interpolation.sql #2
Ran migration: 52_asset_links_video_interpolation.sql #3
Ran migration: 52_asset_links_video_interpolation.sql #4
Ran migration: 52_asset_links_video_interpolation.sql #5
Ran migration: 52_asset_links_video_interpolation.sql #6
Ran migration: 52_asset_links_video_interpolation.sql #7
Ran migration: 52_asset_links_video_interpolation.sql #8
Ran migration: 52_asset_links_video_interpolation.sql #9
Ran migration: 52_asset_links_video_interpolation.sql #10
Ran migration: 52_asset_links_video_interpolation.sql #11
Ran migration: 52_asset_links_video_interpolation.sql #12
Ran migration: 52_asset_links_video_interpolation.sql #13
Ran migration: 52_asset_links_video_interpolation.sql #14
Ran migration: 52_asset_links_video_interpolation.sql #15
Ran migration: 52_asset_links_video_interpolation.sql #16
Ran migration: 52_asset_links_video_interpolation.sql #17
Ran migration: 53_video_upscale_and_billing_reaudit.sql #1
Ran migration: 53_video_upscale_and_billing_reaudit.sql #2
Ran migration: 53_video_upscale_and_billing_reaudit.sql #3
Ran migration: 53_video_upscale_and_billing_reaudit.sql #4
Ran migration: 53_video_upscale_and_billing_reaudit.sql #5
Ran migration: 53_video_upscale_and_billing_reaudit.sql #6
Ran migration: 53_video_upscale_and_billing_reaudit.sql #7
Ran migration: 53_video_upscale_and_billing_reaudit.sql #9
Ran migration: 53_video_upscale_and_billing_reaudit.sql #10
Ran migration: 54_storyboard_optional_video_postprocess.sql #1
Ran migration: 54_storyboard_optional_video_postprocess.sql #2
Ran migration: 54_storyboard_optional_video_postprocess.sql #3
Ran migration: 55_video_intermediate_cleanup_opt_in.sql
Ran migration: 56_fix_mediakit_postprocess_display_fallback_prices.sql #1
Ran migration: 56_fix_mediakit_postprocess_display_fallback_prices.sql #2
Ran migration: 57_mediakit_shared_connection_defaults.sql
Ran migration: 58_storyboard_active_video_version.sql
Ran migration: 59_operations_alert_settings.sql #1
Ran migration: 59_operations_alert_settings.sql #2
Ran migration: 60_operations_report_snapshots.sql
Ran migration: 61_tenant_billing_and_console_isolation.sql #1
Ran migration: 61_tenant_billing_and_console_isolation.sql #2
Ran migration: 61_tenant_billing_and_console_isolation.sql #3
Ran migration: 61_tenant_billing_and_console_isolation.sql #4
Ran migration: 61_tenant_billing_and_console_isolation.sql #5
Ran migration: 61_tenant_billing_and_console_isolation.sql #6
Ran migration: 61_tenant_billing_and_console_isolation.sql #7
Ran migration: 61_tenant_billing_and_console_isolation.sql #8
Ran migration: 61_tenant_billing_and_console_isolation.sql #9
Ran migration: 61_tenant_billing_and_console_isolation.sql #10
Ran migration: 61_tenant_billing_and_console_isolation.sql #11
Ran migration: 61_tenant_billing_and_console_isolation.sql #12
Ran migration: 61_tenant_billing_and_console_isolation.sql #13
Ran migration: 61_tenant_billing_and_console_isolation.sql #14
Ran migration: 61_tenant_billing_and_console_isolation.sql #15
Ran migration: 61_tenant_billing_and_console_isolation.sql #16
Ran migration: 62_migrate_existing_users_to_default_tenant.sql #1
Ran migration: 62_migrate_existing_users_to_default_tenant.sql #2
Ran migration: 62_migrate_existing_users_to_default_tenant.sql #3
Ran migration: 62_migrate_existing_users_to_default_tenant.sql #4
Ran migration: 62_migrate_existing_users_to_default_tenant.sql #5
Ran migration: 63_geeknow_gpt_image_2_price.sql #1
Ran migration: 63_geeknow_gpt_image_2_price.sql #2
Ran migration: 64_default_tenant_price_book_compatibility.sql
Ran migration: 65_tool_run_tenant_scope.sql #1
Ran migration: 65_tool_run_tenant_scope.sql #2
Ran migration: 66_tenant_config_defaults.sql #1
Ran migration: 66_tenant_config_defaults.sql #2
Ran migration: 66_tenant_config_defaults.sql #3
Ran migration: 66_tenant_config_defaults.sql #4
Ran migration: 66_tenant_config_defaults.sql #5
Ran migration: 67_tenant_owned_ai_configs.sql #1
Ran migration: 67_tenant_owned_ai_configs.sql #2
Ran migration: 68_preserve_legacy_default_tenant.sql #1
Ran migration: 68_preserve_legacy_default_tenant.sql #2
Skip migration (table not found, will be ensured later): 69_homepage_default_video_resources.sql - no such table: global_settings
Ran migration: 70_billing_project_usage_snapshots.sql #1
Ran migration: 70_billing_project_usage_snapshots.sql #2
Ran migration: 70_billing_project_usage_snapshots.sql #3
Ran migration: 70_billing_project_usage_snapshots.sql #4
Ran migration: 70_billing_project_usage_snapshots.sql #5
Ran migration: 70_billing_project_usage_snapshots.sql #6
Ran migration: 70_billing_project_usage_snapshots.sql #7
Ran migration: 70_billing_project_usage_snapshots.sql #8
Ran migration: 70_billing_project_usage_snapshots.sql #9
Ran migration: 70_billing_project_usage_snapshots.sql #10
Ran migration: 70_billing_project_usage_snapshots.sql #11
Ran migration: 70_billing_project_usage_snapshots.sql #12
Ran migration: 70_billing_project_usage_snapshots.sql #13
Ran migration: 70_billing_project_usage_snapshots.sql #14
Ran migration: 71_billable_project_context.sql #1
Ran migration: 71_billable_project_context.sql #2
Ran migration: 71_billable_project_context.sql #3
Ran migration: 71_billable_project_context.sql #4
Migrated billing ledger to micro-points: [33m10000[39m
ensureColumns: added storyboards.layout_description (TEXT)
ensureColumns: added storyboards.image_url (TEXT)
ensureColumns: added storyboards.local_path (TEXT)
ensureColumns: added storyboards.main_panel_idx (INTEGER)
ensureColumns: added storyboards.composed_image (TEXT)
ensureColumns: added storyboards.result (TEXT)
ensureColumns: added storyboards.emotion (TEXT)
ensureColumns: added storyboards.emotion_intensity (INTEGER)
ensureColumns: added storyboards.error_msg (TEXT)
ensureColumns: added storyboards.lighting_style (TEXT)
ensureColumns: added storyboards.depth_of_field (TEXT)
ensureColumns: added storyboards.polished_prompt (TEXT)
ensureColumns: added storyboards.continuity_snapshot (TEXT)
ensureColumns: added storyboards.audio_local_path (TEXT)
ensureColumns: added storyboards.narration_audio_local_path (TEXT)
ensureColumns: added storyboards.omni_prompt_document_json (TEXT)
ensureColumns: added storyboards.first_frame_image_id (INTEGER)
ensureColumns: added storyboards.last_frame_image_id (INTEGER)
ensureColumns: added storyboards.last_frame_image_url (TEXT)
ensureColumns: added storyboards.last_frame_local_path (TEXT)
ensureColumns: added characters.extra_images (TEXT)
ensureColumns: added characters.error_msg (TEXT)
ensureColumns: added characters.ref_image (TEXT)
ensureColumns: added characters.seedance2_voice_asset (TEXT)
ensureColumns: added scenes.polished_prompt (TEXT)
ensureColumns: added scenes.extra_images (TEXT)
ensureColumns: added scenes.ref_image (TEXT)
ensureColumns: added scenes.error_msg (TEXT)
ensureColumns: added props.extra_images (TEXT)
ensureColumns: added props.ref_image (TEXT)
ensureColumns: added props.error_msg (TEXT)
ensureColumns: added tenants.is_new_user_default (INTEGER DEFAULT 0)
ensureColumns: added image_generations.episode_id (INTEGER)
ensureColumns: added image_generations.use_first_frame_layout_lock (INTEGER)
ensureColumns: added image_generations.width (INTEGER)
ensureColumns: added image_generations.height (INTEGER)
ensureColumns: added video_generations.resolution (TEXT)
ensureColumns: added video_generations.seed (INTEGER)
ensureColumns: added video_generations.camera_fixed (INTEGER)
ensureColumns: added video_generations.watermark (INTEGER)
ensureColumns: added video_generations.provider_task_id (TEXT)
ensureColumns: added video_generations.archive_status (TEXT)
ensureColumns: added video_generations.archive_error (TEXT)
ensureColumns: added video_generations.archive_attempts (INTEGER NOT NULL DEFAULT 0)
ensureColumns: added video_generations.archived_at (TEXT)
ensureColumns: added video_merges.merge_options (TEXT)
ensureColumns: added video_merges.merged_url (TEXT)
ensureColumns: added video_merges.duration (INTEGER)
ensureColumns: added video_merges.completed_at (TEXT)
ensureColumns: added video_merges.error_msg (TEXT)
ensureColumns: added assets.reference_alias (TEXT)
ensureColumns: added assets.archived_at (TEXT)
ensureColumns: added omni_video_jobs.storyboard_id (INTEGER)
[32m✔ asset batch deletion is scope-bound and never clears project assets from the global library action [90m(649.7128ms)[39m[39m
[32m✔ asset lineage is owner-scoped and cannot reveal another user current or descendants [90m(703.3685ms)[39m[39m
[32m✔ legacy unmapped project-resource asset archiving remains available without detaching its existing references [90m(531.2006ms)[39m[39m
[32m✔ mapped project resource exposes the canonical character certification [90m(28.1853ms)[39m[39m
[32m✔ sync never clears a mapped certification when the legacy resource has none [90m(5.0163ms)[39m[39m
[32m✔ sync keeps a mapped asset when its project resource no longer has an image [90m(5.078ms)[39m[39m
[32m✔ a deliberately deleted mapped asset is not recreated by later resource sync [90m(3.64ms)[39m[39m
[32m✔ a deleted project-resource tombstone wins over a legacy duplicate and blocks storyboard relinking [90m(2.9286ms)[39m[39m
[32m✔ explicit project-resource detach survives sync and can be explicitly restored [90m(5.6042ms)[39m[39m
[32m✔ SD2 certificate creation reports a missing provider asset instead of dereferencing null [90m(0.9706ms)[39m[39m
[32m✔ SD2 settlement is scheduled after the request-visible processing state is saved [90m(52.0311ms)[39m[39m
[32m✔ SD2 processing certifications resume after a backend restart [90m(5.1217ms)[39m[39m
[32m✔ a queued SD2 certification with a permanent submission error becomes failed instead of retrying forever [90m(2.42ms)[39m[39m
[32m✔ asset update stores SD2 identity declaration as a SQLite integer and returns a boolean [90m(23.0349ms)[39m[39m
[32m✔ asset update serializes metadata and tags before binding them to SQLite [90m(6.3247ms)[39m[39m
[32m✔ asset checksum lookup deduplicates only within the same asset scope [90m(2.6503ms)[39m[39m
[32m✔ personal media checksum lookup never returns another user's asset [90m(2.1415ms)[39m[39m
[32m✔ asset lineage retains ancestors and derived versions, including soft-deleted entries [90m(3.4778ms)[39m[39m
[32m✔ locally archived media never exposes a supplier signed URL [90m(1.6394ms)[39m[39m
[32m✔ asset lookup by id uses the same personal/project scope as the library [90m(4.6595ms)[39m[39m
[32m✔ project owner retains CRUD access when a legacy asset has a stale direct owner [90m(5.2809ms)[39m[39m
[32m✔ new assets receive a stable type-prefixed reference alias while retaining the original file name [90m(1.6434ms)[39m[39m
[32m✔ deleting an asset automatically removes editable storyboard and free-create references [90m(3.9661ms)[39m[39m
[32m✔ archiving a project asset hides it from new library selection without changing editable shot references [90m(6.4514ms)[39m[39m
[32m✔ bulk asset deletion is scoped to the current user and includes their project assets [90m(2.9132ms)[39m[39m
[32m✔ SD2 batch queue only marks the caller-owned image assets [90m(4.2739ms)[39m[39m
[32m✔ omni video rejects material counts above the per-shot media limits [90m(4.2937ms)[39m[39m
[32m✔ global and project asset scopes are isolated for the same owner [90m(2.381ms)[39m[39m
[32m✔ Seedance 2.5 applies its model-specific reference limits instead of the legacy 12-asset limit [90m(0.694ms)[39m[39m
[32m✔ first-last-frame mode accepts a first frame without an optional tail frame [90m(0.978ms)[39m[39m
[32m✔ Seedance rejects declared real-person material without an active certification [90m(1.2189ms)[39m[39m
[32m✔ Seedance treats a declared real-person certification in processing as a wait state, not a generation rejection [90m(0.5368ms)[39m[39m
[32m✔ omni job API snapshot masks local and remote source URLs [90m(0.5792ms)[39m[39m
[32m✔ video capabilities only advertise native media modes with an adapter [90m(0.6226ms)[39m[39m
Ran migration: 01_init.sql #1
Ran migration: 01_init.sql #2
Ran migration: 01_init.sql #3
Ran migration: 01_init.sql #4
Ran migration: 01_init.sql #5
Ran migration: 01_init.sql #6
Ran migration: 01_init.sql #7
Ran migration: 01_init.sql #8
Ran migration: 01_init.sql #9
Ran migration: 01_init.sql #10
Ran migration: 01_init.sql #11
Ran migration: 01_init.sql #12
Ran migration: 01_init.sql #13
Ran migration: 01_init.sql #14
Ran migration: 01_init.sql #15
Ran migration: 01_init.sql #16
Ran migration: 01_init.sql #17
Ran migration: 01_init.sql #18
Skip (already exists): 02_add_default_model.sql
Ran migration: 03_add_props_episode_id.sql
Skip (already exists): 04_async_tasks_columns.sql #1
Skip (already exists): 04_async_tasks_columns.sql #2
Skip (already exists): 04_async_tasks_columns.sql #3
Skip (already exists): 05_add_image_generations_completed_at.sql #1
Skip (already exists): 05_add_image_generations_completed_at.sql #2
Skip (already exists): 06_add_characters_local_path.sql
Skip (already exists): 07_add_scenes_image_columns.sql #1
Skip (already exists): 07_add_scenes_image_columns.sql #2
Skip (already exists): 08_add_video_generations_completed_at.sql #1
Skip (already exists): 08_add_video_generations_completed_at.sql #2
Ran migration: 09_scene_prop_libraries.sql #1
Ran migration: 09_scene_prop_libraries.sql #2
Ran migration: 10_prompt_overrides.sql
Ran migration: 11_add_api_protocol.sql
Ran migration: 12_image_proxy_cache.sql
Ran migration: 13_character_identity_anchors.sql #1
Ran migration: 13_character_identity_anchors.sql #2
Ran migration: 13_character_identity_anchors.sql #3
Ran migration: 13_character_identity_anchors.sql #4
Ran migration: 13_character_identity_anchors.sql #5
Ran migration: 13_character_identity_anchors.sql #6
Ran migration: 13_character_identity_anchors.sql #7
Ran migration: 13_character_identity_anchors.sql #8
Ran migration: 13_character_identity_anchors.sql #9
Ran migration: 14_storyboard_segments_and_model_map.sql #1
Ran migration: 14_storyboard_segments_and_model_map.sql #2
Ran migration: 14_storyboard_segments_and_model_map.sql #3
Ran migration: 15_storyboard_angle_structured.sql #1
Ran migration: 15_storyboard_angle_structured.sql #2
Ran migration: 15_storyboard_angle_structured.sql #3
Ran migration: 16_character_polished_prompt.sql
Ran migration: 17_character_stages.sql
Ran migration: 18_storyboard_narration.sql
Ran migration: 19_storyboard_universal_mode.sql #1
Ran migration: 19_storyboard_universal_mode.sql #2
Ran migration: 20_character_seedance2_asset.sql
Ran migration: 21_asset_negative_prompt.sql #1
Ran migration: 21_asset_negative_prompt.sql #2
Ran migration: 21_asset_negative_prompt.sql #3
Skip (already exists): 22_library_source_id.sql #1
Skip (already exists): 22_library_source_id.sql #2
Skip (already exists): 22_library_source_id.sql #3
Skip (already exists): 22_library_source_id.sql #4
Skip (already exists): 22_library_source_id.sql #5
Skip (already exists): 22_library_source_id.sql #6
Ran migration: 22_library_source_id.sql #7
Ran migration: 22_library_source_id.sql #8
Ran migration: 22_library_source_id.sql #9
Ran migration: 23_omni_video_workbench.sql #1
Ran migration: 23_omni_video_workbench.sql #2
Ran migration: 23_omni_video_workbench.sql #3
Ran migration: 23_omni_video_workbench.sql #4
Ran migration: 23_omni_video_workbench.sql #5
Ran migration: 23_omni_video_workbench.sql #6
Ran migration: 23_omni_video_workbench.sql #7
Ran migration: 23_omni_video_workbench.sql #8
Ran migration: 23_omni_video_workbench.sql #9
Ran migration: 23_omni_video_workbench.sql #10
Ran migration: 23_omni_video_workbench.sql #11
Ran migration: 23_omni_video_workbench.sql #12
Ran migration: 24_asset_seedance2_certification.sql
Ran migration: 25_omni_sequences.sql #1
Ran migration: 25_omni_sequences.sql #2
Ran migration: 25_omni_sequences.sql #3
Ran migration: 25_omni_sequences.sql #4
Ran migration: 25_omni_sequences.sql #5
Ran migration: 26_omni_workbench_improvements.sql #1
Ran migration: 26_omni_workbench_improvements.sql #2
Ran migration: 27_ai_toolbox.sql #1
Ran migration: 27_ai_toolbox.sql #2
Ran migration: 27_ai_toolbox.sql #3
Ran migration: 27_ai_toolbox.sql #4
Ran migration: 27_ai_toolbox.sql #5
Ran migration: 27_ai_toolbox.sql #6
Ran migration: 27_ai_toolbox.sql #7
Ran migration: 28_storyboard_generation_settings.sql #1
Ran migration: 28_storyboard_generation_settings.sql #2
Ran migration: 28_storyboard_generation_settings.sql #3
Ran migration: 28_storyboard_generation_settings.sql #4
Ran migration: 29_resource_seedance2_asset.sql #1
Ran migration: 29_resource_seedance2_asset.sql #2
Ran migration: 30_storyboard_omni_assets.sql #1
Ran migration: 30_storyboard_omni_assets.sql #2
Ran migration: 30_storyboard_omni_assets.sql #3
Ran migration: 30_storyboard_omni_assets.sql #4
Ran migration: 30_storyboard_omni_assets.sql #5
Ran migration: 30_storyboard_omni_assets.sql #6
Ran migration: 30_storyboard_omni_assets.sql #7
Ran migration: 30_storyboard_omni_assets.sql #8
Ran migration: 30_storyboard_omni_assets.sql #9
Ran migration: 31_storyboard_sort_order.sql
Ran migration: 32_asset_favorites.sql
Ran migration: 33_auth_billing_admin.sql #1
Ran migration: 33_auth_billing_admin.sql #2
Ran migration: 33_auth_billing_admin.sql #3
Ran migration: 33_auth_billing_admin.sql #4
Ran migration: 33_auth_billing_admin.sql #5
Ran migration: 33_auth_billing_admin.sql #6
Ran migration: 33_auth_billing_admin.sql #7
Ran migration: 33_auth_billing_admin.sql #8
Ran migration: 33_auth_billing_admin.sql #9
Ran migration: 33_auth_billing_admin.sql #10
Ran migration: 33_auth_billing_admin.sql #11
Ran migration: 33_auth_billing_admin.sql #12
Ran migration: 33_auth_billing_admin.sql #13
Ran migration: 33_auth_billing_admin.sql #14
Ran migration: 33_auth_billing_admin.sql #15
Ran migration: 33_auth_billing_admin.sql #16
Ran migration: 33_auth_billing_admin.sql #17
Ran migration: 33_auth_billing_admin.sql #18
Ran migration: 33_auth_billing_admin.sql #19
Ran migration: 33_auth_billing_admin.sql #20
Ran migration: 33_auth_billing_admin.sql #21
Ran migration: 34_workflow_ownership.sql #1
Ran migration: 34_workflow_ownership.sql #2
Ran migration: 34_workflow_ownership.sql #3
Ran migration: 34_workflow_ownership.sql #4
Ran migration: 34_workflow_ownership.sql #5
Ran migration: 34_workflow_ownership.sql #6
Ran migration: 34_workflow_ownership.sql #7
Ran migration: 35_runtime_auth_settings.sql
Ran migration: 36_volcengine_seedream_official_prices.sql #1
Ran migration: 36_volcengine_seedream_official_prices.sql #2
Ran migration: 36_volcengine_seedream_official_prices.sql #3
Ran migration: 37_points_ratio_and_volcengine_video_prices.sql #1
Ran migration: 37_points_ratio_and_volcengine_video_prices.sql #2
Ran migration: 37_points_ratio_and_volcengine_video_prices.sql #3
Ran migration: 37_points_ratio_and_volcengine_video_prices.sql #4
Ran migration: 37_points_ratio_and_volcengine_video_prices.sql #5
Ran migration: 37_points_ratio_and_volcengine_video_prices.sql #6
Ran migration: 37_points_ratio_and_volcengine_video_prices.sql #7
Ran migration: 37_points_ratio_and_volcengine_video_prices.sql #8
Ran migration: 38_seedance_video_rate_contexts.sql #1
Ran migration: 38_seedance_video_rate_contexts.sql #2
Ran migration: 39_billing_key_for_custom_providers.sql #1
Ran migration: 39_billing_key_for_custom_providers.sql #2
Ran migration: 40_volcengine_text_tts_official_prices.sql #1
Ran migration: 40_volcengine_text_tts_official_prices.sql #2
Ran migration: 40_volcengine_text_tts_official_prices.sql #3
Ran migration: 40_volcengine_text_tts_official_prices.sql #4
Ran migration: 40_volcengine_text_tts_official_prices.sql #5
Ran migration: 41_billing_reconciliation.sql #1
Ran migration: 41_billing_reconciliation.sql #2
Ran migration: 41_billing_reconciliation.sql #3
Ran migration: 42_volcengine_seed_2_lite_prices.sql #1
Ran migration: 42_volcengine_seed_2_lite_prices.sql #2
Ran migration: 43_video_usage_output_meter_and_snapshot.sql #1
Ran migration: 43_video_usage_output_meter_and_snapshot.sql #2
Ran migration: 43_video_usage_output_meter_and_snapshot.sql #3
Ran migration: 44_deduplicate_video_output_meters.sql #1
Ran migration: 44_deduplicate_video_output_meters.sql #2
Ran migration: 45_remove_legacy_model_permissions.sql
Ran migration: 46_seed_2_lite_context_tier.sql #1
Ran migration: 46_seed_2_lite_context_tier.sql #2
Ran migration: 46_seed_2_lite_context_tier.sql #3
Ran migration: 47_seedance_2_mini_price.sql #1
Ran migration: 47_seedance_2_mini_price.sql #2
Ran migration: 48_media_archive_records.sql #1
Ran migration: 48_media_archive_records.sql #2
Ran migration: 49_seedance_2_5_price.sql #1
Ran migration: 49_seedance_2_5_price.sql #2
Ran migration: 50_storyboard_generation_inheritance.sql #1
Ran migration: 50_storyboard_generation_inheritance.sql #2
Ran migration: 51_video_poster_path.sql
Ran migration: 52_asset_links_video_interpolation.sql #1
Ran migration: 52_asset_links_video_interpolation.sql #2
Ran migration: 52_asset_links_video_interpolation.sql #3
Ran migration: 52_asset_links_video_interpolation.sql #4
Ran migration: 52_asset_links_video_interpolation.sql #5
Ran migration: 52_asset_links_video_interpolation.sql #6
Ran migration: 52_asset_links_video_interpolation.sql #7
Ran migration: 52_asset_links_video_interpolation.sql #8
Ran migration: 52_asset_links_video_interpolation.sql #9
Ran migration: 52_asset_links_video_interpolation.sql #10
Ran migration: 52_asset_links_video_interpolation.sql #11
Ran migration: 52_asset_links_video_interpolation.sql #12
Ran migration: 52_asset_links_video_interpolation.sql #13
Ran migration: 52_asset_links_video_interpolation.sql #14
Ran migration: 52_asset_links_video_interpolation.sql #15
Ran migration: 52_asset_links_video_interpolation.sql #16
Ran migration: 52_asset_links_video_interpolation.sql #17
Ran migration: 53_video_upscale_and_billing_reaudit.sql #1
Ran migration: 53_video_upscale_and_billing_reaudit.sql #2
Ran migration: 53_video_upscale_and_billing_reaudit.sql #3
Ran migration: 53_video_upscale_and_billing_reaudit.sql #4
Ran migration: 53_video_upscale_and_billing_reaudit.sql #5
Ran migration: 53_video_upscale_and_billing_reaudit.sql #6
Ran migration: 53_video_upscale_and_billing_reaudit.sql #7
Ran migration: 53_video_upscale_and_billing_reaudit.sql #9
Ran migration: 53_video_upscale_and_billing_reaudit.sql #10
Ran migration: 54_storyboard_optional_video_postprocess.sql #1
Ran migration: 54_storyboard_optional_video_postprocess.sql #2
Ran migration: 54_storyboard_optional_video_postprocess.sql #3
Ran migration: 55_video_intermediate_cleanup_opt_in.sql
Ran migration: 56_fix_mediakit_postprocess_display_fallback_prices.sql #1
Ran migration: 56_fix_mediakit_postprocess_display_fallback_prices.sql #2
Ran migration: 57_mediakit_shared_connection_defaults.sql
Ran migration: 58_storyboard_active_video_version.sql
Ran migration: 59_operations_alert_settings.sql #1
Ran migration: 59_operations_alert_settings.sql #2
Ran migration: 60_operations_report_snapshots.sql
Ran migration: 61_tenant_billing_and_console_isolation.sql #1
Ran migration: 61_tenant_billing_and_console_isolation.sql #2
Ran migration: 61_tenant_billing_and_console_isolation.sql #3
Ran migration: 61_tenant_billing_and_console_isolation.sql #4
Ran migration: 61_tenant_billing_and_console_isolation.sql #5
Ran migration: 61_tenant_billing_and_console_isolation.sql #6
Ran migration: 61_tenant_billing_and_console_isolation.sql #7
Ran migration: 61_tenant_billing_and_console_isolation.sql #8
Ran migration: 61_tenant_billing_and_console_isolation.sql #9
Ran migration: 61_tenant_billing_and_console_isolation.sql #10
Ran migration: 61_tenant_billing_and_console_isolation.sql #11
Ran migration: 61_tenant_billing_and_console_isolation.sql #12
Ran migration: 61_tenant_billing_and_console_isolation.sql #13
Ran migration: 61_tenant_billing_and_console_isolation.sql #14
Ran migration: 61_tenant_billing_and_console_isolation.sql #15
Ran migration: 61_tenant_billing_and_console_isolation.sql #16
Ran migration: 62_migrate_existing_users_to_default_tenant.sql #1
Ran migration: 62_migrate_existing_users_to_default_tenant.sql #2
Ran migration: 62_migrate_existing_users_to_default_tenant.sql #3
Ran migration: 62_migrate_existing_users_to_default_tenant.sql #4
Ran migration: 62_migrate_existing_users_to_default_tenant.sql #5
Ran migration: 63_geeknow_gpt_image_2_price.sql #1
Ran migration: 63_geeknow_gpt_image_2_price.sql #2
Ran migration: 64_default_tenant_price_book_compatibility.sql
Ran migration: 65_tool_run_tenant_scope.sql #1
Ran migration: 65_tool_run_tenant_scope.sql #2
Ran migration: 66_tenant_config_defaults.sql #1
Ran migration: 66_tenant_config_defaults.sql #2
Ran migration: 66_tenant_config_defaults.sql #3
Ran migration: 66_tenant_config_defaults.sql #4
Ran migration: 66_tenant_config_defaults.sql #5
Ran migration: 67_tenant_owned_ai_configs.sql #1
Ran migration: 67_tenant_owned_ai_configs.sql #2
Ran migration: 68_preserve_legacy_default_tenant.sql #1
Ran migration: 68_preserve_legacy_default_tenant.sql #2
Ran migration: 70_billing_project_usage_snapshots.sql #1
Ran migration: 70_billing_project_usage_snapshots.sql #2
Ran migration: 70_billing_project_usage_snapshots.sql #3
Ran migration: 70_billing_project_usage_snapshots.sql #4
Ran migration: 70_billing_project_usage_snapshots.sql #5
Ran migration: 70_billing_project_usage_snapshots.sql #6
Ran migration: 70_billing_project_usage_snapshots.sql #7
Ran migration: 70_billing_project_usage_snapshots.sql #8
Ran migration: 70_billing_project_usage_snapshots.sql #9
Ran migration: 70_billing_project_usage_snapshots.sql #10
Ran migration: 70_billing_project_usage_snapshots.sql #11
Ran migration: 70_billing_project_usage_snapshots.sql #12
Ran migration: 70_billing_project_usage_snapshots.sql #13
Ran migration: 70_billing_project_usage_snapshots.sql #14
Ran migration: 71_billable_project_context.sql #1
Ran migration: 71_billable_project_context.sql #2
Ran migration: 71_billable_project_context.sql #3
Ran migration: 71_billable_project_context.sql #4
Migrated billing ledger to micro-points: [33m10000[39m
ensureColumns: added storyboards.layout_description (TEXT)
ensureColumns: added storyboards.image_url (TEXT)
ensureColumns: added storyboards.local_path (TEXT)
ensureColumns: added storyboards.main_panel_idx (INTEGER)
ensureColumns: added storyboards.composed_image (TEXT)
ensureColumns: added storyboards.result (TEXT)
ensureColumns: added storyboards.emotion (TEXT)
ensureColumns: added storyboards.emotion_intensity (INTEGER)
ensureColumns: added storyboards.error_msg (TEXT)
ensureColumns: added storyboards.lighting_style (TEXT)
ensureColumns: added storyboards.depth_of_field (TEXT)
ensureColumns: added storyboards.polished_prompt (TEXT)
ensureColumns: added storyboards.continuity_snapshot (TEXT)
ensureColumns: added storyboards.audio_local_path (TEXT)
ensureColumns: added storyboards.narration_audio_local_path (TEXT)
ensureColumns: added storyboards.omni_prompt_document_json (TEXT)
ensureColumns: added storyboards.first_frame_image_id (INTEGER)
ensureColumns: added storyboards.last_frame_image_id (INTEGER)
ensureColumns: added storyboards.last_frame_image_url (TEXT)
ensureColumns: added storyboards.last_frame_local_path (TEXT)
ensureColumns: added characters.extra_images (TEXT)
ensureColumns: added characters.error_msg (TEXT)
ensureColumns: added characters.ref_image (TEXT)
ensureColumns: added characters.seedance2_voice_asset (TEXT)
ensureColumns: added scenes.polished_prompt (TEXT)
ensureColumns: added scenes.extra_images (TEXT)
ensureColumns: added scenes.ref_image (TEXT)
ensureColumns: added scenes.error_msg (TEXT)
ensureColumns: added props.extra_images (TEXT)
ensureColumns: added props.ref_image (TEXT)
ensureColumns: added props.error_msg (TEXT)
ensureColumns: added tenants.is_new_user_default (INTEGER DEFAULT 0)
ensureColumns: added image_generations.episode_id (INTEGER)
ensureColumns: added image_generations.use_first_frame_layout_lock (INTEGER)
ensureColumns: added image_generations.width (INTEGER)
ensureColumns: added image_generations.height (INTEGER)
ensureColumns: added video_generations.resolution (TEXT)
ensureColumns: added video_generations.seed (INTEGER)
ensureColumns: added video_generations.camera_fixed (INTEGER)
ensureColumns: added video_generations.watermark (INTEGER)
ensureColumns: added video_generations.provider_task_id (TEXT)
ensureColumns: added video_generations.archive_status (TEXT)
ensureColumns: added video_generations.archive_error (TEXT)
ensureColumns: added video_generations.archive_attempts (INTEGER NOT NULL DEFAULT 0)
ensureColumns: added video_generations.archived_at (TEXT)
ensureColumns: added video_merges.merge_options (TEXT)
ensureColumns: added video_merges.merged_url (TEXT)
ensureColumns: added video_merges.duration (INTEGER)
ensureColumns: added video_merges.completed_at (TEXT)
ensureColumns: added video_merges.error_msg (TEXT)
ensureColumns: added assets.reference_alias (TEXT)
ensureColumns: added assets.archived_at (TEXT)
ensureColumns: added omni_video_jobs.storyboard_id (INTEGER)
Skip migration (table not found, will be ensured later): 69_homepage_default_video_resources.sql - no such table: global_settings
Ran migration: 01_init.sql #1
Ran migration: 01_init.sql #2
Ran migration: 01_init.sql #3
Ran migration: 01_init.sql #4
Ran migration: 01_init.sql #5
Ran migration: 01_init.sql #6
Ran migration: 01_init.sql #7
Ran migration: 01_init.sql #8
Ran migration: 01_init.sql #9
Ran migration: 01_init.sql #10
Ran migration: 01_init.sql #11
Ran migration: 01_init.sql #12
Ran migration: 01_init.sql #13
Ran migration: 01_init.sql #14
Ran migration: 01_init.sql #15
Ran migration: 01_init.sql #16
Ran migration: 01_init.sql #17
Ran migration: 01_init.sql #18
Skip (already exists): 02_add_default_model.sql
Ran migration: 03_add_props_episode_id.sql
Skip (already exists): 04_async_tasks_columns.sql #1
Skip (already exists): 04_async_tasks_columns.sql #2
Skip (already exists): 04_async_tasks_columns.sql #3
Skip (already exists): 05_add_image_generations_completed_at.sql #1
Skip (already exists): 05_add_image_generations_completed_at.sql #2
Skip (already exists): 06_add_characters_local_path.sql
Skip (already exists): 07_add_scenes_image_columns.sql #1
Skip (already exists): 07_add_scenes_image_columns.sql #2
Skip (already exists): 08_add_video_generations_completed_at.sql #1
Skip (already exists): 08_add_video_generations_completed_at.sql #2
Ran migration: 09_scene_prop_libraries.sql #1
Ran migration: 09_scene_prop_libraries.sql #2
Ran migration: 10_prompt_overrides.sql
Ran migration: 11_add_api_protocol.sql
Ran migration: 12_image_proxy_cache.sql
Ran migration: 13_character_identity_anchors.sql #1
Ran migration: 13_character_identity_anchors.sql #2
Ran migration: 13_character_identity_anchors.sql #3
Ran migration: 13_character_identity_anchors.sql #4
Ran migration: 13_character_identity_anchors.sql #5
Ran migration: 13_character_identity_anchors.sql #6
Ran migration: 13_character_identity_anchors.sql #7
Ran migration: 13_character_identity_anchors.sql #8
Ran migration: 13_character_identity_anchors.sql #9
Ran migration: 14_storyboard_segments_and_model_map.sql #1
Ran migration: 14_storyboard_segments_and_model_map.sql #2
Ran migration: 14_storyboard_segments_and_model_map.sql #3
Ran migration: 15_storyboard_angle_structured.sql #1
Ran migration: 15_storyboard_angle_structured.sql #2
Ran migration: 15_storyboard_angle_structured.sql #3
Ran migration: 16_character_polished_prompt.sql
Ran migration: 17_character_stages.sql
Ran migration: 18_storyboard_narration.sql
Ran migration: 19_storyboard_universal_mode.sql #1
Ran migration: 19_storyboard_universal_mode.sql #2
Ran migration: 20_character_seedance2_asset.sql
Ran migration: 21_asset_negative_prompt.sql #1
Ran migration: 21_asset_negative_prompt.sql #2
Ran migration: 21_asset_negative_prompt.sql #3
Skip (already exists): 22_library_source_id.sql #1
Skip (already exists): 22_library_source_id.sql #2
Skip (already exists): 22_library_source_id.sql #3
Skip (already exists): 22_library_source_id.sql #4
Skip (already exists): 22_library_source_id.sql #5
Skip (already exists): 22_library_source_id.sql #6
Ran migration: 22_library_source_id.sql #7
Ran migration: 22_library_source_id.sql #8
Ran migration: 22_library_source_id.sql #9
Ran migration: 23_omni_video_workbench.sql #1
Ran migration: 23_omni_video_workbench.sql #2
Ran migration: 23_omni_video_workbench.sql #3
Ran migration: 23_omni_video_workbench.sql #4
Ran migration: 23_omni_video_workbench.sql #5
Ran migration: 23_omni_video_workbench.sql #6
Ran migration: 23_omni_video_workbench.sql #7
Ran migration: 23_omni_video_workbench.sql #8
Ran migration: 23_omni_video_workbench.sql #9
Ran migration: 23_omni_video_workbench.sql #10
Ran migration: 23_omni_video_workbench.sql #11
Ran migration: 23_omni_video_workbench.sql #12
Ran migration: 24_asset_seedance2_certification.sql
Ran migration: 25_omni_sequences.sql #1
Ran migration: 25_omni_sequences.sql #2
Ran migration: 25_omni_sequences.sql #3
Ran migration: 25_omni_sequences.sql #4
Ran migration: 25_omni_sequences.sql #5
Ran migration: 26_omni_workbench_improvements.sql #1
Ran migration: 26_omni_workbench_improvements.sql #2
Ran migration: 27_ai_toolbox.sql #1
Ran migration: 27_ai_toolbox.sql #2
Ran migration: 27_ai_toolbox.sql #3
Ran migration: 27_ai_toolbox.sql #4
Ran migration: 27_ai_toolbox.sql #5
Ran migration: 27_ai_toolbox.sql #6
Ran migration: 27_ai_toolbox.sql #7
Ran migration: 28_storyboard_generation_settings.sql #1
Ran migration: 28_storyboard_generation_settings.sql #2
Ran migration: 28_storyboard_generation_settings.sql #3
Ran migration: 28_storyboard_generation_settings.sql #4
Ran migration: 29_resource_seedance2_asset.sql #1
Ran migration: 29_resource_seedance2_asset.sql #2
Ran migration: 30_storyboard_omni_assets.sql #1
Ran migration: 30_storyboard_omni_assets.sql #2
Ran migration: 30_storyboard_omni_assets.sql #3
Ran migration: 30_storyboard_omni_assets.sql #4
Ran migration: 30_storyboard_omni_assets.sql #5
Ran migration: 30_storyboard_omni_assets.sql #6
Ran migration: 30_storyboard_omni_assets.sql #7
Ran migration: 30_storyboard_omni_assets.sql #8
Ran migration: 30_storyboard_omni_assets.sql #9
Ran migration: 31_storyboard_sort_order.sql
Ran migration: 32_asset_favorites.sql
Ran migration: 33_auth_billing_admin.sql #1
Ran migration: 33_auth_billing_admin.sql #2
Ran migration: 33_auth_billing_admin.sql #3
Ran migration: 33_auth_billing_admin.sql #4
Ran migration: 33_auth_billing_admin.sql #5
Ran migration: 33_auth_billing_admin.sql #6
Ran migration: 33_auth_billing_admin.sql #7
Ran migration: 33_auth_billing_admin.sql #8
Ran migration: 33_auth_billing_admin.sql #9
Ran migration: 33_auth_billing_admin.sql #10
Ran migration: 33_auth_billing_admin.sql #11
Ran migration: 33_auth_billing_admin.sql #12
Ran migration: 33_auth_billing_admin.sql #13
Ran migration: 33_auth_billing_admin.sql #14
Ran migration: 33_auth_billing_admin.sql #15
Ran migration: 33_auth_billing_admin.sql #16
Ran migration: 33_auth_billing_admin.sql #17
Ran migration: 33_auth_billing_admin.sql #18
Ran migration: 33_auth_billing_admin.sql #19
Ran migration: 33_auth_billing_admin.sql #20
Ran migration: 33_auth_billing_admin.sql #21
Ran migration: 34_workflow_ownership.sql #1
Ran migration: 34_workflow_ownership.sql #2
Ran migration: 34_workflow_ownership.sql #3
Ran migration: 34_workflow_ownership.sql #4
Ran migration: 34_workflow_ownership.sql #5
Ran migration: 34_workflow_ownership.sql #6
Ran migration: 34_workflow_ownership.sql #7
Ran migration: 35_runtime_auth_settings.sql
Ran migration: 36_volcengine_seedream_official_prices.sql #1
Ran migration: 36_volcengine_seedream_official_prices.sql #2
Ran migration: 36_volcengine_seedream_official_prices.sql #3
Ran migration: 37_points_ratio_and_volcengine_video_prices.sql #1
Ran migration: 37_points_ratio_and_volcengine_video_prices.sql #2
Ran migration: 37_points_ratio_and_volcengine_video_prices.sql #3
Ran migration: 37_points_ratio_and_volcengine_video_prices.sql #4
Ran migration: 37_points_ratio_and_volcengine_video_prices.sql #5
Ran migration: 37_points_ratio_and_volcengine_video_prices.sql #6
Ran migration: 37_points_ratio_and_volcengine_video_prices.sql #7
Ran migration: 37_points_ratio_and_volcengine_video_prices.sql #8
Ran migration: 38_seedance_video_rate_contexts.sql #1
Ran migration: 38_seedance_video_rate_contexts.sql #2
Ran migration: 39_billing_key_for_custom_providers.sql #1
Ran migration: 39_billing_key_for_custom_providers.sql #2
Ran migration: 40_volcengine_text_tts_official_prices.sql #1
Ran migration: 40_volcengine_text_tts_official_prices.sql #2
Ran migration: 40_volcengine_text_tts_official_prices.sql #3
Ran migration: 40_volcengine_text_tts_official_prices.sql #4
Ran migration: 40_volcengine_text_tts_official_prices.sql #5
Ran migration: 41_billing_reconciliation.sql #1
Ran migration: 41_billing_reconciliation.sql #2
Ran migration: 41_billing_reconciliation.sql #3
Ran migration: 42_volcengine_seed_2_lite_prices.sql #1
Ran migration: 42_volcengine_seed_2_lite_prices.sql #2
Ran migration: 43_video_usage_output_meter_and_snapshot.sql #1
Ran migration: 43_video_usage_output_meter_and_snapshot.sql #2
Ran migration: 43_video_usage_output_meter_and_snapshot.sql #3
Ran migration: 44_deduplicate_video_output_meters.sql #1
Ran migration: 44_deduplicate_video_output_meters.sql #2
Ran migration: 45_remove_legacy_model_permissions.sql
Ran migration: 46_seed_2_lite_context_tier.sql #1
Ran migration: 46_seed_2_lite_context_tier.sql #2
Ran migration: 46_seed_2_lite_context_tier.sql #3
Ran migration: 47_seedance_2_mini_price.sql #1
Ran migration: 47_seedance_2_mini_price.sql #2
Ran migration: 48_media_archive_records.sql #1
Ran migration: 48_media_archive_records.sql #2
Ran migration: 49_seedance_2_5_price.sql #1
Ran migration: 49_seedance_2_5_price.sql #2
Ran migration: 50_storyboard_generation_inheritance.sql #1
Ran migration: 50_storyboard_generation_inheritance.sql #2
Ran migration: 51_video_poster_path.sql
Ran migration: 52_asset_links_video_interpolation.sql #1
Ran migration: 52_asset_links_video_interpolation.sql #2
Ran migration: 52_asset_links_video_interpolation.sql #3
Ran migration: 52_asset_links_video_interpolation.sql #4
Ran migration: 52_asset_links_video_interpolation.sql #5
Ran migration: 52_asset_links_video_interpolation.sql #6
Ran migration: 52_asset_links_video_interpolation.sql #7
Ran migration: 52_asset_links_video_interpolation.sql #8
Ran migration: 52_asset_links_video_interpolation.sql #9
Ran migration: 52_asset_links_video_interpolation.sql #10
Ran migration: 52_asset_links_video_interpolation.sql #11
Ran migration: 52_asset_links_video_interpolation.sql #12
Ran migration: 52_asset_links_video_interpolation.sql #13
Ran migration: 52_asset_links_video_interpolation.sql #14
Ran migration: 52_asset_links_video_interpolation.sql #15
Ran migration: 52_asset_links_video_interpolation.sql #16
Ran migration: 52_asset_links_video_interpolation.sql #17
Ran migration: 53_video_upscale_and_billing_reaudit.sql #1
Ran migration: 53_video_upscale_and_billing_reaudit.sql #2
Ran migration: 53_video_upscale_and_billing_reaudit.sql #3
Ran migration: 53_video_upscale_and_billing_reaudit.sql #4
Ran migration: 53_video_upscale_and_billing_reaudit.sql #5
Ran migration: 53_video_upscale_and_billing_reaudit.sql #6
Ran migration: 53_video_upscale_and_billing_reaudit.sql #7
Ran migration: 53_video_upscale_and_billing_reaudit.sql #9
Ran migration: 53_video_upscale_and_billing_reaudit.sql #10
Ran migration: 54_storyboard_optional_video_postprocess.sql #1
Ran migration: 54_storyboard_optional_video_postprocess.sql #2
Ran migration: 54_storyboard_optional_video_postprocess.sql #3
Ran migration: 55_video_intermediate_cleanup_opt_in.sql
Ran migration: 56_fix_mediakit_postprocess_display_fallback_prices.sql #1
Ran migration: 56_fix_mediakit_postprocess_display_fallback_prices.sql #2
Ran migration: 57_mediakit_shared_connection_defaults.sql
Ran migration: 58_storyboard_active_video_version.sql
Ran migration: 59_operations_alert_settings.sql #1
Ran migration: 59_operations_alert_settings.sql #2
Ran migration: 60_operations_report_snapshots.sql
Ran migration: 61_tenant_billing_and_console_isolation.sql #1
Ran migration: 61_tenant_billing_and_console_isolation.sql #2
Ran migration: 61_tenant_billing_and_console_isolation.sql #3
Ran migration: 61_tenant_billing_and_console_isolation.sql #4
Ran migration: 61_tenant_billing_and_console_isolation.sql #5
Ran migration: 61_tenant_billing_and_console_isolation.sql #6
Ran migration: 61_tenant_billing_and_console_isolation.sql #7
Ran migration: 61_tenant_billing_and_console_isolation.sql #8
Ran migration: 61_tenant_billing_and_console_isolation.sql #9
Ran migration: 61_tenant_billing_and_console_isolation.sql #10
Ran migration: 61_tenant_billing_and_console_isolation.sql #11
Ran migration: 61_tenant_billing_and_console_isolation.sql #12
Ran migration: 61_tenant_billing_and_console_isolation.sql #13
Ran migration: 61_tenant_billing_and_console_isolation.sql #14
Ran migration: 61_tenant_billing_and_console_isolation.sql #15
Ran migration: 61_tenant_billing_and_console_isolation.sql #16
Ran migration: 62_migrate_existing_users_to_default_tenant.sql #1
Ran migration: 62_migrate_existing_users_to_default_tenant.sql #2
Ran migration: 62_migrate_existing_users_to_default_tenant.sql #3
Ran migration: 62_migrate_existing_users_to_default_tenant.sql #4
Ran migration: 62_migrate_existing_users_to_default_tenant.sql #5
Ran migration: 63_geeknow_gpt_image_2_price.sql #1
Ran migration: 63_geeknow_gpt_image_2_price.sql #2
Ran migration: 64_default_tenant_price_book_compatibility.sql
Ran migration: 65_tool_run_tenant_scope.sql #1
Ran migration: 65_tool_run_tenant_scope.sql #2
Ran migration: 66_tenant_config_defaults.sql #1
Ran migration: 66_tenant_config_defaults.sql #2
Ran migration: 66_tenant_config_defaults.sql #3
Ran migration: 66_tenant_config_defaults.sql #4
Ran migration: 66_tenant_config_defaults.sql #5
Ran migration: 67_tenant_owned_ai_configs.sql #1
Ran migration: 67_tenant_owned_ai_configs.sql #2
Ran migration: 68_preserve_legacy_default_tenant.sql #1
Ran migration: 68_preserve_legacy_default_tenant.sql #2
Skip migration (table not found, will be ensured later): 69_homepage_default_video_resources.sql - no such table: global_settings
Ran migration: 70_billing_project_usage_snapshots.sql #1
Ran migration: 70_billing_project_usage_snapshots.sql #2
Ran migration: 70_billing_project_usage_snapshots.sql #3
Ran migration: 70_billing_project_usage_snapshots.sql #4
Ran migration: 70_billing_project_usage_snapshots.sql #5
Ran migration: 70_billing_project_usage_snapshots.sql #6
Ran migration: 70_billing_project_usage_snapshots.sql #7
Ran migration: 70_billing_project_usage_snapshots.sql #8
Ran migration: 70_billing_project_usage_snapshots.sql #9
Ran migration: 70_billing_project_usage_snapshots.sql #10
Ran migration: 70_billing_project_usage_snapshots.sql #11
Ran migration: 70_billing_project_usage_snapshots.sql #12
Ran migration: 70_billing_project_usage_snapshots.sql #13
Ran migration: 70_billing_project_usage_snapshots.sql #14
Ran migration: 71_billable_project_context.sql #1
Ran migration: 71_billable_project_context.sql #2
Ran migration: 71_billable_project_context.sql #3
Ran migration: 71_billable_project_context.sql #4
Migrated billing ledger to micro-points: [33m10000[39m
ensureColumns: added storyboards.layout_description (TEXT)
ensureColumns: added storyboards.image_url (TEXT)
ensureColumns: added storyboards.local_path (TEXT)
ensureColumns: added storyboards.main_panel_idx (INTEGER)
ensureColumns: added storyboards.composed_image (TEXT)
ensureColumns: added storyboards.result (TEXT)
ensureColumns: added storyboards.emotion (TEXT)
ensureColumns: added storyboards.emotion_intensity (INTEGER)
ensureColumns: added storyboards.error_msg (TEXT)
ensureColumns: added storyboards.lighting_style (TEXT)
ensureColumns: added storyboards.depth_of_field (TEXT)
ensureColumns: added storyboards.polished_prompt (TEXT)
ensureColumns: added storyboards.continuity_snapshot (TEXT)
ensureColumns: added storyboards.audio_local_path (TEXT)
ensureColumns: added storyboards.narration_audio_local_path (TEXT)
ensureColumns: added storyboards.omni_prompt_document_json (TEXT)
ensureColumns: added storyboards.first_frame_image_id (INTEGER)
ensureColumns: added storyboards.last_frame_image_id (INTEGER)
ensureColumns: added storyboards.last_frame_image_url (TEXT)
ensureColumns: added storyboards.last_frame_local_path (TEXT)
ensureColumns: added characters.extra_images (TEXT)
ensureColumns: added characters.error_msg (TEXT)
ensureColumns: added characters.ref_image (TEXT)
ensureColumns: added characters.seedance2_voice_asset (TEXT)
ensureColumns: added scenes.polished_prompt (TEXT)
ensureColumns: added scenes.extra_images (TEXT)
ensureColumns: added scenes.ref_image (TEXT)
ensureColumns: added scenes.error_msg (TEXT)
ensureColumns: added props.extra_images (TEXT)
ensureColumns: added props.ref_image (TEXT)
ensureColumns: added props.error_msg (TEXT)
ensureColumns: added tenants.is_new_user_default (INTEGER DEFAULT 0)
ensureColumns: added image_generations.episode_id (INTEGER)
ensureColumns: added image_generations.use_first_frame_layout_lock (INTEGER)
ensureColumns: added image_generations.width (INTEGER)
ensureColumns: added image_generations.height (INTEGER)
ensureColumns: added video_generations.resolution (TEXT)
ensureColumns: added video_generations.seed (INTEGER)
ensureColumns: added video_generations.camera_fixed (INTEGER)
ensureColumns: added video_generations.watermark (INTEGER)
ensureColumns: added video_generations.provider_task_id (TEXT)
ensureColumns: added video_generations.archive_status (TEXT)
ensureColumns: added video_generations.archive_error (TEXT)
ensureColumns: added video_generations.archive_attempts (INTEGER NOT NULL DEFAULT 0)
ensureColumns: added video_generations.archived_at (TEXT)
ensureColumns: added video_merges.merge_options (TEXT)
ensureColumns: added video_merges.merged_url (TEXT)
ensureColumns: added video_merges.duration (INTEGER)
ensureColumns: added video_merges.completed_at (TEXT)
ensureColumns: added video_merges.error_msg (TEXT)
ensureColumns: added assets.reference_alias (TEXT)
ensureColumns: added assets.archived_at (TEXT)
ensureColumns: added omni_video_jobs.storyboard_id (INTEGER)
Ran migration: 01_init.sql #1
Ran migration: 01_init.sql #2
Ran migration: 01_init.sql #3
Ran migration: 01_init.sql #4
Ran migration: 01_init.sql #5
Ran migration: 01_init.sql #6
Ran migration: 01_init.sql #7
Ran migration: 01_init.sql #8
Ran migration: 01_init.sql #9
Ran migration: 01_init.sql #10
Ran migration: 01_init.sql #11
Ran migration: 01_init.sql #12
Ran migration: 01_init.sql #13
Ran migration: 01_init.sql #14
Ran migration: 01_init.sql #15
Ran migration: 01_init.sql #16
Ran migration: 01_init.sql #17
Ran migration: 01_init.sql #18
Skip (already exists): 02_add_default_model.sql
Ran migration: 03_add_props_episode_id.sql
Skip (already exists): 04_async_tasks_columns.sql #1
Skip (already exists): 04_async_tasks_columns.sql #2
Skip (already exists): 04_async_tasks_columns.sql #3
Skip (already exists): 05_add_image_generations_completed_at.sql #1
Skip (already exists): 05_add_image_generations_completed_at.sql #2
Skip (already exists): 06_add_characters_local_path.sql
Skip (already exists): 07_add_scenes_image_columns.sql #1
Skip (already exists): 07_add_scenes_image_columns.sql #2
Skip (already exists): 08_add_video_generations_completed_at.sql #1
Skip (already exists): 08_add_video_generations_completed_at.sql #2
Ran migration: 09_scene_prop_libraries.sql #1
Ran migration: 09_scene_prop_libraries.sql #2
Ran migration: 10_prompt_overrides.sql
Ran migration: 11_add_api_protocol.sql
Ran migration: 12_image_proxy_cache.sql
Ran migration: 13_character_identity_anchors.sql #1
Ran migration: 13_character_identity_anchors.sql #2
Ran migration: 13_character_identity_anchors.sql #3
Ran migration: 13_character_identity_anchors.sql #4
Ran migration: 13_character_identity_anchors.sql #5
Ran migration: 13_character_identity_anchors.sql #6
Ran migration: 13_character_identity_anchors.sql #7
Ran migration: 13_character_identity_anchors.sql #8
Ran migration: 13_character_identity_anchors.sql #9
Ran migration: 14_storyboard_segments_and_model_map.sql #1
Ran migration: 14_storyboard_segments_and_model_map.sql #2
Ran migration: 14_storyboard_segments_and_model_map.sql #3
Ran migration: 15_storyboard_angle_structured.sql #1
Ran migration: 15_storyboard_angle_structured.sql #2
Ran migration: 15_storyboard_angle_structured.sql #3
Ran migration: 16_character_polished_prompt.sql
Ran migration: 17_character_stages.sql
Ran migration: 18_storyboard_narration.sql
Ran migration: 19_storyboard_universal_mode.sql #1
Ran migration: 19_storyboard_universal_mode.sql #2
Ran migration: 20_character_seedance2_asset.sql
Ran migration: 21_asset_negative_prompt.sql #1
Ran migration: 21_asset_negative_prompt.sql #2
Ran migration: 21_asset_negative_prompt.sql #3
Skip (already exists): 22_library_source_id.sql #1
Skip (already exists): 22_library_source_id.sql #2
Skip (already exists): 22_library_source_id.sql #3
Skip (already exists): 22_library_source_id.sql #4
Skip (already exists): 22_library_source_id.sql #5
Skip (already exists): 22_library_source_id.sql #6
Ran migration: 22_library_source_id.sql #7
Ran migration: 22_library_source_id.sql #8
Ran migration: 22_library_source_id.sql #9
Ran migration: 23_omni_video_workbench.sql #1
Ran migration: 23_omni_video_workbench.sql #2
Ran migration: 23_omni_video_workbench.sql #3
Ran migration: 23_omni_video_workbench.sql #4
Ran migration: 23_omni_video_workbench.sql #5
Ran migration: 23_omni_video_workbench.sql #6
Ran migration: 23_omni_video_workbench.sql #7
Ran migration: 23_omni_video_workbench.sql #8
Ran migration: 23_omni_video_workbench.sql #9
Ran migration: 23_omni_video_workbench.sql #10
Ran migration: 23_omni_video_workbench.sql #11
Ran migration: 23_omni_video_workbench.sql #12
Ran migration: 24_asset_seedance2_certification.sql
Ran migration: 25_omni_sequences.sql #1
Ran migration: 25_omni_sequences.sql #2
Ran migration: 25_omni_sequences.sql #3
Ran migration: 25_omni_sequences.sql #4
Ran migration: 25_omni_sequences.sql #5
Ran migration: 26_omni_workbench_improvements.sql #1
Ran migration: 26_omni_workbench_improvements.sql #2
Ran migration: 27_ai_toolbox.sql #1
Ran migration: 27_ai_toolbox.sql #2
Ran migration: 27_ai_toolbox.sql #3
Ran migration: 27_ai_toolbox.sql #4
Ran migration: 27_ai_toolbox.sql #5
Ran migration: 27_ai_toolbox.sql #6
Ran migration: 27_ai_toolbox.sql #7
Ran migration: 28_storyboard_generation_settings.sql #1
Ran migration: 28_storyboard_generation_settings.sql #2
Ran migration: 28_storyboard_generation_settings.sql #3
Ran migration: 28_storyboard_generation_settings.sql #4
Ran migration: 29_resource_seedance2_asset.sql #1
Ran migration: 29_resource_seedance2_asset.sql #2
Ran migration: 30_storyboard_omni_assets.sql #1
Ran migration: 30_storyboard_omni_assets.sql #2
Ran migration: 30_storyboard_omni_assets.sql #3
Ran migration: 30_storyboard_omni_assets.sql #4
Ran migration: 30_storyboard_omni_assets.sql #5
Ran migration: 30_storyboard_omni_assets.sql #6
Ran migration: 30_storyboard_omni_assets.sql #7
Ran migration: 30_storyboard_omni_assets.sql #8
Ran migration: 30_storyboard_omni_assets.sql #9
Ran migration: 31_storyboard_sort_order.sql
Ran migration: 32_asset_favorites.sql
Ran migration: 33_auth_billing_admin.sql #1
Ran migration: 33_auth_billing_admin.sql #2
Ran migration: 33_auth_billing_admin.sql #3
Ran migration: 33_auth_billing_admin.sql #4
Ran migration: 33_auth_billing_admin.sql #5
Ran migration: 33_auth_billing_admin.sql #6
Ran migration: 33_auth_billing_admin.sql #7
Ran migration: 33_auth_billing_admin.sql #8
Ran migration: 33_auth_billing_admin.sql #9
Ran migration: 33_auth_billing_admin.sql #10
Ran migration: 33_auth_billing_admin.sql #11
Ran migration: 33_auth_billing_admin.sql #12
Ran migration: 33_auth_billing_admin.sql #13
Ran migration: 33_auth_billing_admin.sql #14
Ran migration: 33_auth_billing_admin.sql #15
Ran migration: 33_auth_billing_admin.sql #16
Ran migration: 33_auth_billing_admin.sql #17
Ran migration: 33_auth_billing_admin.sql #18
Ran migration: 33_auth_billing_admin.sql #19
Ran migration: 33_auth_billing_admin.sql #20
Ran migration: 33_auth_billing_admin.sql #21
Ran migration: 34_workflow_ownership.sql #1
Ran migration: 34_workflow_ownership.sql #2
Ran migration: 34_workflow_ownership.sql #3
Ran migration: 34_workflow_ownership.sql #4
Ran migration: 34_workflow_ownership.sql #5
Ran migration: 34_workflow_ownership.sql #6
Ran migration: 34_workflow_ownership.sql #7
Ran migration: 35_runtime_auth_settings.sql
Ran migration: 36_volcengine_seedream_official_prices.sql #1
Ran migration: 36_volcengine_seedream_official_prices.sql #2
Ran migration: 36_volcengine_seedream_official_prices.sql #3
Ran migration: 37_points_ratio_and_volcengine_video_prices.sql #1
Ran migration: 37_points_ratio_and_volcengine_video_prices.sql #2
Ran migration: 37_points_ratio_and_volcengine_video_prices.sql #3
Ran migration: 37_points_ratio_and_volcengine_video_prices.sql #4
Ran migration: 37_points_ratio_and_volcengine_video_prices.sql #5
Ran migration: 37_points_ratio_and_volcengine_video_prices.sql #6
Ran migration: 37_points_ratio_and_volcengine_video_prices.sql #7
Ran migration: 37_points_ratio_and_volcengine_video_prices.sql #8
Ran migration: 38_seedance_video_rate_contexts.sql #1
Ran migration: 38_seedance_video_rate_contexts.sql #2
Ran migration: 39_billing_key_for_custom_providers.sql #1
Ran migration: 39_billing_key_for_custom_providers.sql #2
Ran migration: 40_volcengine_text_tts_official_prices.sql #1
Ran migration: 40_volcengine_text_tts_official_prices.sql #2
Ran migration: 40_volcengine_text_tts_official_prices.sql #3
Ran migration: 40_volcengine_text_tts_official_prices.sql #4
Ran migration: 40_volcengine_text_tts_official_prices.sql #5
Ran migration: 41_billing_reconciliation.sql #1
Ran migration: 41_billing_reconciliation.sql #2
Ran migration: 41_billing_reconciliation.sql #3
Ran migration: 42_volcengine_seed_2_lite_prices.sql #1
Ran migration: 42_volcengine_seed_2_lite_prices.sql #2
Ran migration: 43_video_usage_output_meter_and_snapshot.sql #1
Ran migration: 43_video_usage_output_meter_and_snapshot.sql #2
Ran migration: 43_video_usage_output_meter_and_snapshot.sql #3
Ran migration: 44_deduplicate_video_output_meters.sql #1
Ran migration: 44_deduplicate_video_output_meters.sql #2
Ran migration: 45_remove_legacy_model_permissions.sql
Ran migration: 46_seed_2_lite_context_tier.sql #1
Ran migration: 46_seed_2_lite_context_tier.sql #2
Ran migration: 46_seed_2_lite_context_tier.sql #3
Ran migration: 47_seedance_2_mini_price.sql #1
Ran migration: 47_seedance_2_mini_price.sql #2
Ran migration: 48_media_archive_records.sql #1
Ran migration: 48_media_archive_records.sql #2
Ran migration: 49_seedance_2_5_price.sql #1
Ran migration: 49_seedance_2_5_price.sql #2
Ran migration: 50_storyboard_generation_inheritance.sql #1
Ran migration: 50_storyboard_generation_inheritance.sql #2
Ran migration: 51_video_poster_path.sql
Ran migration: 52_asset_links_video_interpolation.sql #1
Ran migration: 52_asset_links_video_interpolation.sql #2
Ran migration: 52_asset_links_video_interpolation.sql #3
Ran migration: 52_asset_links_video_interpolation.sql #4
Ran migration: 52_asset_links_video_interpolation.sql #5
Ran migration: 52_asset_links_video_interpolation.sql #6
Ran migration: 52_asset_links_video_interpolation.sql #7
Ran migration: 52_asset_links_video_interpolation.sql #8
Ran migration: 52_asset_links_video_interpolation.sql #9
Ran migration: 52_asset_links_video_interpolation.sql #10
Ran migration: 52_asset_links_video_interpolation.sql #11
Ran migration: 52_asset_links_video_interpolation.sql #12
Ran migration: 52_asset_links_video_interpolation.sql #13
Ran migration: 52_asset_links_video_interpolation.sql #14
Ran migration: 52_asset_links_video_interpolation.sql #15
Ran migration: 52_asset_links_video_interpolation.sql #16
Ran migration: 52_asset_links_video_interpolation.sql #17
Ran migration: 53_video_upscale_and_billing_reaudit.sql #1
Ran migration: 53_video_upscale_and_billing_reaudit.sql #2
Ran migration: 53_video_upscale_and_billing_reaudit.sql #3
Ran migration: 53_video_upscale_and_billing_reaudit.sql #4
Ran migration: 53_video_upscale_and_billing_reaudit.sql #5
Ran migration: 53_video_upscale_and_billing_reaudit.sql #6
Ran migration: 53_video_upscale_and_billing_reaudit.sql #7
Ran migration: 53_video_upscale_and_billing_reaudit.sql #9
Ran migration: 53_video_upscale_and_billing_reaudit.sql #10
Ran migration: 54_storyboard_optional_video_postprocess.sql #1
Ran migration: 54_storyboard_optional_video_postprocess.sql #2
Ran migration: 54_storyboard_optional_video_postprocess.sql #3
Ran migration: 55_video_intermediate_cleanup_opt_in.sql
Ran migration: 56_fix_mediakit_postprocess_display_fallback_prices.sql #1
Ran migration: 56_fix_mediakit_postprocess_display_fallback_prices.sql #2
Ran migration: 57_mediakit_shared_connection_defaults.sql
Ran migration: 58_storyboard_active_video_version.sql
Ran migration: 59_operations_alert_settings.sql #1
Ran migration: 59_operations_alert_settings.sql #2
Ran migration: 60_operations_report_snapshots.sql
Ran migration: 61_tenant_billing_and_console_isolation.sql #1
Ran migration: 61_tenant_billing_and_console_isolation.sql #2
Ran migration: 61_tenant_billing_and_console_isolation.sql #3
Ran migration: 61_tenant_billing_and_console_isolation.sql #4
Ran migration: 61_tenant_billing_and_console_isolation.sql #5
Ran migration: 61_tenant_billing_and_console_isolation.sql #6
Ran migration: 61_tenant_billing_and_console_isolation.sql #7
Ran migration: 61_tenant_billing_and_console_isolation.sql #8
Ran migration: 61_tenant_billing_and_console_isolation.sql #9
Ran migration: 61_tenant_billing_and_console_isolation.sql #10
Ran migration: 61_tenant_billing_and_console_isolation.sql #11
Ran migration: 61_tenant_billing_and_console_isolation.sql #12
Ran migration: 61_tenant_billing_and_console_isolation.sql #13
Ran migration: 61_tenant_billing_and_console_isolation.sql #14
Ran migration: 61_tenant_billing_and_console_isolation.sql #15
Ran migration: 61_tenant_billing_and_console_isolation.sql #16
Ran migration: 62_migrate_existing_users_to_default_tenant.sql #1
Ran migration: 62_migrate_existing_users_to_default_tenant.sql #2
Ran migration: 62_migrate_existing_users_to_default_tenant.sql #3
Ran migration: 62_migrate_existing_users_to_default_tenant.sql #4
Ran migration: 62_migrate_existing_users_to_default_tenant.sql #5
Ran migration: 63_geeknow_gpt_image_2_price.sql #1
Ran migration: 63_geeknow_gpt_image_2_price.sql #2
Ran migration: 64_default_tenant_price_book_compatibility.sql
Ran migration: 65_tool_run_tenant_scope.sql #1
Ran migration: 65_tool_run_tenant_scope.sql #2
Ran migration: 66_tenant_config_defaults.sql #1
Ran migration: 66_tenant_config_defaults.sql #2
Ran migration: 66_tenant_config_defaults.sql #3
Ran migration: 66_tenant_config_defaults.sql #4
Ran migration: 66_tenant_config_defaults.sql #5
Ran migration: 67_tenant_owned_ai_configs.sql #1
Ran migration: 67_tenant_owned_ai_configs.sql #2
Ran migration: 68_preserve_legacy_default_tenant.sql #1
Ran migration: 68_preserve_legacy_default_tenant.sql #2
Skip migration (table not found, will be ensured later): 69_homepage_default_video_resources.sql - no such table: global_settings
Ran migration: 70_billing_project_usage_snapshots.sql #1
Ran migration: 70_billing_project_usage_snapshots.sql #2
Ran migration: 70_billing_project_usage_snapshots.sql #3
Ran migration: 70_billing_project_usage_snapshots.sql #4
Ran migration: 70_billing_project_usage_snapshots.sql #5
Ran migration: 70_billing_project_usage_snapshots.sql #6
Ran migration: 70_billing_project_usage_snapshots.sql #7
Ran migration: 70_billing_project_usage_snapshots.sql #8
Ran migration: 70_billing_project_usage_snapshots.sql #9
Ran migration: 70_billing_project_usage_snapshots.sql #10
Ran migration: 70_billing_project_usage_snapshots.sql #11
Ran migration: 70_billing_project_usage_snapshots.sql #12
Ran migration: 70_billing_project_usage_snapshots.sql #13
Ran migration: 70_billing_project_usage_snapshots.sql #14
Ran migration: 71_billable_project_context.sql #1
Ran migration: 71_billable_project_context.sql #2
Ran migration: 71_billable_project_context.sql #3
Ran migration: 71_billable_project_context.sql #4
Migrated billing ledger to micro-points: [33m10000[39m
ensureColumns: added storyboards.layout_description (TEXT)
ensureColumns: added storyboards.image_url (TEXT)
ensureColumns: added storyboards.local_path (TEXT)
ensureColumns: added storyboards.main_panel_idx (INTEGER)
ensureColumns: added storyboards.composed_image (TEXT)
ensureColumns: added storyboards.result (TEXT)
ensureColumns: added storyboards.emotion (TEXT)
ensureColumns: added storyboards.emotion_intensity (INTEGER)
ensureColumns: added storyboards.error_msg (TEXT)
ensureColumns: added storyboards.lighting_style (TEXT)
ensureColumns: added storyboards.depth_of_field (TEXT)
ensureColumns: added storyboards.polished_prompt (TEXT)
ensureColumns: added storyboards.continuity_snapshot (TEXT)
ensureColumns: added storyboards.audio_local_path (TEXT)
ensureColumns: added storyboards.narration_audio_local_path (TEXT)
ensureColumns: added storyboards.omni_prompt_document_json (TEXT)
ensureColumns: added storyboards.first_frame_image_id (INTEGER)
ensureColumns: added storyboards.last_frame_image_id (INTEGER)
ensureColumns: added storyboards.last_frame_image_url (TEXT)
ensureColumns: added storyboards.last_frame_local_path (TEXT)
ensureColumns: added characters.extra_images (TEXT)
ensureColumns: added characters.error_msg (TEXT)
ensureColumns: added characters.ref_image (TEXT)
ensureColumns: added characters.seedance2_voice_asset (TEXT)
ensureColumns: added scenes.polished_prompt (TEXT)
ensureColumns: added scenes.extra_images (TEXT)
ensureColumns: added scenes.ref_image (TEXT)
ensureColumns: added scenes.error_msg (TEXT)
ensureColumns: added props.extra_images (TEXT)
ensureColumns: added props.ref_image (TEXT)
ensureColumns: added props.error_msg (TEXT)
ensureColumns: added tenants.is_new_user_default (INTEGER DEFAULT 0)
ensureColumns: added image_generations.episode_id (INTEGER)
ensureColumns: added image_generations.use_first_frame_layout_lock (INTEGER)
ensureColumns: added image_generations.width (INTEGER)
ensureColumns: added image_generations.height (INTEGER)
ensureColumns: added video_generations.resolution (TEXT)
ensureColumns: added video_generations.seed (INTEGER)
ensureColumns: added video_generations.camera_fixed (INTEGER)
ensureColumns: added video_generations.watermark (INTEGER)
ensureColumns: added video_generations.provider_task_id (TEXT)
ensureColumns: added video_generations.archive_status (TEXT)
ensureColumns: added video_generations.archive_error (TEXT)
ensureColumns: added video_generations.archive_attempts (INTEGER NOT NULL DEFAULT 0)
ensureColumns: added video_generations.archived_at (TEXT)
ensureColumns: added video_merges.merge_options (TEXT)
ensureColumns: added video_merges.merged_url (TEXT)
ensureColumns: added video_merges.duration (INTEGER)
ensureColumns: added video_merges.completed_at (TEXT)
ensureColumns: added video_merges.error_msg (TEXT)
ensureColumns: added assets.reference_alias (TEXT)
ensureColumns: added assets.archived_at (TEXT)
ensureColumns: added omni_video_jobs.storyboard_id (INTEGER)
Ran migration: 01_init.sql #1
Ran migration: 01_init.sql #2
Ran migration: 01_init.sql #3
Ran migration: 01_init.sql #4
Ran migration: 01_init.sql #5
Ran migration: 01_init.sql #6
Ran migration: 01_init.sql #7
Ran migration: 01_init.sql #8
Ran migration: 01_init.sql #9
Ran migration: 01_init.sql #10
Ran migration: 01_init.sql #11
Ran migration: 01_init.sql #12
Ran migration: 01_init.sql #13
Ran migration: 01_init.sql #14
Ran migration: 01_init.sql #15
Ran migration: 01_init.sql #16
Ran migration: 01_init.sql #17
Ran migration: 01_init.sql #18
Skip (already exists): 02_add_default_model.sql
Ran migration: 03_add_props_episode_id.sql
Skip (already exists): 04_async_tasks_columns.sql #1
Skip (already exists): 04_async_tasks_columns.sql #2
Skip (already exists): 04_async_tasks_columns.sql #3
Skip (already exists): 05_add_image_generations_completed_at.sql #1
Skip (already exists): 05_add_image_generations_completed_at.sql #2
Skip (already exists): 06_add_characters_local_path.sql
Skip (already exists): 07_add_scenes_image_columns.sql #1
Skip (already exists): 07_add_scenes_image_columns.sql #2
Skip (already exists): 08_add_video_generations_completed_at.sql #1
Skip (already exists): 08_add_video_generations_completed_at.sql #2
Ran migration: 09_scene_prop_libraries.sql #1
Ran migration: 09_scene_prop_libraries.sql #2
Ran migration: 10_prompt_overrides.sql
Ran migration: 11_add_api_protocol.sql
Ran migration: 12_image_proxy_cache.sql
Ran migration: 13_character_identity_anchors.sql #1
Ran migration: 13_character_identity_anchors.sql #2
Ran migration: 13_character_identity_anchors.sql #3
Ran migration: 13_character_identity_anchors.sql #4
Ran migration: 13_character_identity_anchors.sql #5
Ran migration: 13_character_identity_anchors.sql #6
Ran migration: 13_character_identity_anchors.sql #7
Ran migration: 13_character_identity_anchors.sql #8
Ran migration: 13_character_identity_anchors.sql #9
Ran migration: 14_storyboard_segments_and_model_map.sql #1
Ran migration: 14_storyboard_segments_and_model_map.sql #2
Ran migration: 14_storyboard_segments_and_model_map.sql #3
Ran migration: 15_storyboard_angle_structured.sql #1
Ran migration: 15_storyboard_angle_structured.sql #2
Ran migration: 15_storyboard_angle_structured.sql #3
Ran migration: 16_character_polished_prompt.sql
Ran migration: 17_character_stages.sql
Ran migration: 18_storyboard_narration.sql
Ran migration: 19_storyboard_universal_mode.sql #1
Ran migration: 19_storyboard_universal_mode.sql #2
Ran migration: 20_character_seedance2_asset.sql
Ran migration: 21_asset_negative_prompt.sql #1
Ran migration: 21_asset_negative_prompt.sql #2
Ran migration: 21_asset_negative_prompt.sql #3
Skip (already exists): 22_library_source_id.sql #1
Skip (already exists): 22_library_source_id.sql #2
Skip (already exists): 22_library_source_id.sql #3
Skip (already exists): 22_library_source_id.sql #4
Skip (already exists): 22_library_source_id.sql #5
Skip (already exists): 22_library_source_id.sql #6
Ran migration: 22_library_source_id.sql #7
Ran migration: 22_library_source_id.sql #8
Ran migration: 22_library_source_id.sql #9
Ran migration: 23_omni_video_workbench.sql #1
Ran migration: 23_omni_video_workbench.sql #2
Ran migration: 23_omni_video_workbench.sql #3
Ran migration: 23_omni_video_workbench.sql #4
Ran migration: 23_omni_video_workbench.sql #5
Ran migration: 23_omni_video_workbench.sql #6
Ran migration: 23_omni_video_workbench.sql #7
Ran migration: 23_omni_video_workbench.sql #8
Ran migration: 23_omni_video_workbench.sql #9
Ran migration: 23_omni_video_workbench.sql #10
Ran migration: 23_omni_video_workbench.sql #11
Ran migration: 23_omni_video_workbench.sql #12
Ran migration: 24_asset_seedance2_certification.sql
Ran migration: 25_omni_sequences.sql #1
Ran migration: 25_omni_sequences.sql #2
Ran migration: 25_omni_sequences.sql #3
Ran migration: 25_omni_sequences.sql #4
Ran migration: 25_omni_sequences.sql #5
Ran migration: 26_omni_workbench_improvements.sql #1
Ran migration: 26_omni_workbench_improvements.sql #2
Ran migration: 27_ai_toolbox.sql #1
Ran migration: 27_ai_toolbox.sql #2
Ran migration: 27_ai_toolbox.sql #3
Ran migration: 27_ai_toolbox.sql #4
Ran migration: 27_ai_toolbox.sql #5
Ran migration: 27_ai_toolbox.sql #6
Ran migration: 27_ai_toolbox.sql #7
Ran migration: 28_storyboard_generation_settings.sql #1
Ran migration: 28_storyboard_generation_settings.sql #2
Ran migration: 28_storyboard_generation_settings.sql #3
Ran migration: 28_storyboard_generation_settings.sql #4
Ran migration: 29_resource_seedance2_asset.sql #1
Ran migration: 29_resource_seedance2_asset.sql #2
Ran migration: 30_storyboard_omni_assets.sql #1
Ran migration: 30_storyboard_omni_assets.sql #2
Ran migration: 30_storyboard_omni_assets.sql #3
Ran migration: 30_storyboard_omni_assets.sql #4
Ran migration: 30_storyboard_omni_assets.sql #5
Ran migration: 30_storyboard_omni_assets.sql #6
Ran migration: 30_storyboard_omni_assets.sql #7
Ran migration: 30_storyboard_omni_assets.sql #8
Ran migration: 30_storyboard_omni_assets.sql #9
Ran migration: 31_storyboard_sort_order.sql
Ran migration: 32_asset_favorites.sql
Ran migration: 33_auth_billing_admin.sql #1
Ran migration: 33_auth_billing_admin.sql #2
Ran migration: 33_auth_billing_admin.sql #3
Ran migration: 33_auth_billing_admin.sql #4
Ran migration: 33_auth_billing_admin.sql #5
Ran migration: 33_auth_billing_admin.sql #6
Ran migration: 33_auth_billing_admin.sql #7
Ran migration: 33_auth_billing_admin.sql #8
Ran migration: 33_auth_billing_admin.sql #9
Ran migration: 33_auth_billing_admin.sql #10
Ran migration: 33_auth_billing_admin.sql #11
Ran migration: 33_auth_billing_admin.sql #12
Ran migration: 33_auth_billing_admin.sql #13
Ran migration: 33_auth_billing_admin.sql #14
Ran migration: 33_auth_billing_admin.sql #15
Ran migration: 33_auth_billing_admin.sql #16
Ran migration: 33_auth_billing_admin.sql #17
Ran migration: 33_auth_billing_admin.sql #18
Ran migration: 33_auth_billing_admin.sql #19
Ran migration: 33_auth_billing_admin.sql #20
Ran migration: 33_auth_billing_admin.sql #21
Ran migration: 34_workflow_ownership.sql #1
Ran migration: 34_workflow_ownership.sql #2
Ran migration: 34_workflow_ownership.sql #3
Ran migration: 34_workflow_ownership.sql #4
Ran migration: 34_workflow_ownership.sql #5
Ran migration: 34_workflow_ownership.sql #6
Ran migration: 34_workflow_ownership.sql #7
Ran migration: 35_runtime_auth_settings.sql
Ran migration: 36_volcengine_seedream_official_prices.sql #1
Ran migration: 36_volcengine_seedream_official_prices.sql #2
Ran migration: 36_volcengine_seedream_official_prices.sql #3
Ran migration: 37_points_ratio_and_volcengine_video_prices.sql #1
Ran migration: 37_points_ratio_and_volcengine_video_prices.sql #2
Ran migration: 37_points_ratio_and_volcengine_video_prices.sql #3
Ran migration: 37_points_ratio_and_volcengine_video_prices.sql #4
Ran migration: 37_points_ratio_and_volcengine_video_prices.sql #5
Ran migration: 37_points_ratio_and_volcengine_video_prices.sql #6
Ran migration: 37_points_ratio_and_volcengine_video_prices.sql #7
Ran migration: 37_points_ratio_and_volcengine_video_prices.sql #8
Ran migration: 38_seedance_video_rate_contexts.sql #1
Ran migration: 38_seedance_video_rate_contexts.sql #2
Ran migration: 39_billing_key_for_custom_providers.sql #1
Ran migration: 39_billing_key_for_custom_providers.sql #2
Ran migration: 40_volcengine_text_tts_official_prices.sql #1
Ran migration: 40_volcengine_text_tts_official_prices.sql #2
Ran migration: 40_volcengine_text_tts_official_prices.sql #3
Ran migration: 40_volcengine_text_tts_official_prices.sql #4
Ran migration: 40_volcengine_text_tts_official_prices.sql #5
Ran migration: 41_billing_reconciliation.sql #1
Ran migration: 41_billing_reconciliation.sql #2
Ran migration: 41_billing_reconciliation.sql #3
Ran migration: 42_volcengine_seed_2_lite_prices.sql #1
Ran migration: 42_volcengine_seed_2_lite_prices.sql #2
Ran migration: 43_video_usage_output_meter_and_snapshot.sql #1
Ran migration: 43_video_usage_output_meter_and_snapshot.sql #2
Ran migration: 43_video_usage_output_meter_and_snapshot.sql #3
Ran migration: 44_deduplicate_video_output_meters.sql #1
Ran migration: 44_deduplicate_video_output_meters.sql #2
Ran migration: 45_remove_legacy_model_permissions.sql
Ran migration: 46_seed_2_lite_context_tier.sql #1
Ran migration: 46_seed_2_lite_context_tier.sql #2
Ran migration: 46_seed_2_lite_context_tier.sql #3
Ran migration: 47_seedance_2_mini_price.sql #1
Ran migration: 47_seedance_2_mini_price.sql #2
Ran migration: 48_media_archive_records.sql #1
Ran migration: 48_media_archive_records.sql #2
Ran migration: 49_seedance_2_5_price.sql #1
Ran migration: 49_seedance_2_5_price.sql #2
Ran migration: 50_storyboard_generation_inheritance.sql #1
Ran migration: 50_storyboard_generation_inheritance.sql #2
Ran migration: 51_video_poster_path.sql
Ran migration: 52_asset_links_video_interpolation.sql #1
Ran migration: 52_asset_links_video_interpolation.sql #2
Ran migration: 52_asset_links_video_interpolation.sql #3
Ran migration: 52_asset_links_video_interpolation.sql #4
Ran migration: 52_asset_links_video_interpolation.sql #5
Ran migration: 52_asset_links_video_interpolation.sql #6
Ran migration: 52_asset_links_video_interpolation.sql #7
Ran migration: 52_asset_links_video_interpolation.sql #8
Ran migration: 52_asset_links_video_interpolation.sql #9
Ran migration: 52_asset_links_video_interpolation.sql #10
Ran migration: 52_asset_links_video_interpolation.sql #11
Ran migration: 52_asset_links_video_interpolation.sql #12
Ran migration: 52_asset_links_video_interpolation.sql #13
Ran migration: 52_asset_links_video_interpolation.sql #14
Ran migration: 52_asset_links_video_interpolation.sql #15
Ran migration: 52_asset_links_video_interpolation.sql #16
Ran migration: 52_asset_links_video_interpolation.sql #17
Ran migration: 53_video_upscale_and_billing_reaudit.sql #1
Ran migration: 53_video_upscale_and_billing_reaudit.sql #2
Ran migration: 53_video_upscale_and_billing_reaudit.sql #3
Ran migration: 53_video_upscale_and_billing_reaudit.sql #4
Ran migration: 53_video_upscale_and_billing_reaudit.sql #5
Ran migration: 53_video_upscale_and_billing_reaudit.sql #6
Ran migration: 53_video_upscale_and_billing_reaudit.sql #7
Ran migration: 53_video_upscale_and_billing_reaudit.sql #9
Ran migration: 53_video_upscale_and_billing_reaudit.sql #10
Ran migration: 54_storyboard_optional_video_postprocess.sql #1
Ran migration: 54_storyboard_optional_video_postprocess.sql #2
Ran migration: 54_storyboard_optional_video_postprocess.sql #3
Ran migration: 55_video_intermediate_cleanup_opt_in.sql
Ran migration: 56_fix_mediakit_postprocess_display_fallback_prices.sql #1
Ran migration: 56_fix_mediakit_postprocess_display_fallback_prices.sql #2
Ran migration: 57_mediakit_shared_connection_defaults.sql
Ran migration: 58_storyboard_active_video_version.sql
Ran migration: 59_operations_alert_settings.sql #1
Ran migration: 59_operations_alert_settings.sql #2
Ran migration: 60_operations_report_snapshots.sql
Ran migration: 61_tenant_billing_and_console_isolation.sql #1
Ran migration: 61_tenant_billing_and_console_isolation.sql #2
Ran migration: 61_tenant_billing_and_console_isolation.sql #3
Ran migration: 61_tenant_billing_and_console_isolation.sql #4
Ran migration: 61_tenant_billing_and_console_isolation.sql #5
Ran migration: 61_tenant_billing_and_console_isolation.sql #6
Ran migration: 61_tenant_billing_and_console_isolation.sql #7
Ran migration: 61_tenant_billing_and_console_isolation.sql #8
Ran migration: 61_tenant_billing_and_console_isolation.sql #9
Ran migration: 61_tenant_billing_and_console_isolation.sql #10
Ran migration: 61_tenant_billing_and_console_isolation.sql #11
Ran migration: 61_tenant_billing_and_console_isolation.sql #12
Ran migration: 61_tenant_billing_and_console_isolation.sql #13
Ran migration: 61_tenant_billing_and_console_isolation.sql #14
Ran migration: 61_tenant_billing_and_console_isolation.sql #15
Ran migration: 61_tenant_billing_and_console_isolation.sql #16
Ran migration: 62_migrate_existing_users_to_default_tenant.sql #1
Ran migration: 62_migrate_existing_users_to_default_tenant.sql #2
Ran migration: 62_migrate_existing_users_to_default_tenant.sql #3
Ran migration: 62_migrate_existing_users_to_default_tenant.sql #4
Ran migration: 62_migrate_existing_users_to_default_tenant.sql #5
Ran migration: 63_geeknow_gpt_image_2_price.sql #1
Ran migration: 63_geeknow_gpt_image_2_price.sql #2
Ran migration: 64_default_tenant_price_book_compatibility.sql
Ran migration: 65_tool_run_tenant_scope.sql #1
Ran migration: 65_tool_run_tenant_scope.sql #2
Ran migration: 66_tenant_config_defaults.sql #1
Ran migration: 66_tenant_config_defaults.sql #2
Ran migration: 66_tenant_config_defaults.sql #3
Ran migration: 66_tenant_config_defaults.sql #4
Ran migration: 66_tenant_config_defaults.sql #5
Ran migration: 67_tenant_owned_ai_configs.sql #1
Ran migration: 67_tenant_owned_ai_configs.sql #2
Ran migration: 68_preserve_legacy_default_tenant.sql #1
Ran migration: 68_preserve_legacy_default_tenant.sql #2
Skip migration (table not found, will be ensured later): 69_homepage_default_video_resources.sql - no such table: global_settings
Ran migration: 70_billing_project_usage_snapshots.sql #1
Ran migration: 70_billing_project_usage_snapshots.sql #2
Ran migration: 70_billing_project_usage_snapshots.sql #3
Ran migration: 70_billing_project_usage_snapshots.sql #4
Ran migration: 70_billing_project_usage_snapshots.sql #5
Ran migration: 70_billing_project_usage_snapshots.sql #6
Ran migration: 70_billing_project_usage_snapshots.sql #7
Ran migration: 70_billing_project_usage_snapshots.sql #8
Ran migration: 70_billing_project_usage_snapshots.sql #9
Ran migration: 70_billing_project_usage_snapshots.sql #10
Ran migration: 70_billing_project_usage_snapshots.sql #11
Ran migration: 70_billing_project_usage_snapshots.sql #12
Ran migration: 70_billing_project_usage_snapshots.sql #13
Ran migration: 70_billing_project_usage_snapshots.sql #14
Ran migration: 71_billable_project_context.sql #1
Ran migration: 71_billable_project_context.sql #2
Ran migration: 71_billable_project_context.sql #3
Ran migration: 71_billable_project_context.sql #4
Migrated billing ledger to micro-points: [33m10000[39m
ensureColumns: added storyboards.layout_description (TEXT)
ensureColumns: added storyboards.image_url (TEXT)
ensureColumns: added storyboards.local_path (TEXT)
ensureColumns: added storyboards.main_panel_idx (INTEGER)
ensureColumns: added storyboards.composed_image (TEXT)
ensureColumns: added storyboards.result (TEXT)
ensureColumns: added storyboards.emotion (TEXT)
ensureColumns: added storyboards.emotion_intensity (INTEGER)
ensureColumns: added storyboards.error_msg (TEXT)
ensureColumns: added storyboards.lighting_style (TEXT)
ensureColumns: added storyboards.depth_of_field (TEXT)
ensureColumns: added storyboards.polished_prompt (TEXT)
ensureColumns: added storyboards.continuity_snapshot (TEXT)
ensureColumns: added storyboards.audio_local_path (TEXT)
ensureColumns: added storyboards.narration_audio_local_path (TEXT)
ensureColumns: added storyboards.omni_prompt_document_json (TEXT)
ensureColumns: added storyboards.first_frame_image_id (INTEGER)
ensureColumns: added storyboards.last_frame_image_id (INTEGER)
ensureColumns: added storyboards.last_frame_image_url (TEXT)
ensureColumns: added storyboards.last_frame_local_path (TEXT)
ensureColumns: added characters.extra_images (TEXT)
ensureColumns: added characters.error_msg (TEXT)
ensureColumns: added characters.ref_image (TEXT)
ensureColumns: added characters.seedance2_voice_asset (TEXT)
ensureColumns: added scenes.polished_prompt (TEXT)
ensureColumns: added scenes.extra_images (TEXT)
ensureColumns: added scenes.ref_image (TEXT)
ensureColumns: added scenes.error_msg (TEXT)
ensureColumns: added props.extra_images (TEXT)
ensureColumns: added props.ref_image (TEXT)
ensureColumns: added props.error_msg (TEXT)
ensureColumns: added tenants.is_new_user_default (INTEGER DEFAULT 0)
ensureColumns: added image_generations.episode_id (INTEGER)
ensureColumns: added image_generations.use_first_frame_layout_lock (INTEGER)
ensureColumns: added image_generations.width (INTEGER)
ensureColumns: added image_generations.height (INTEGER)
ensureColumns: added video_generations.resolution (TEXT)
ensureColumns: added video_generations.seed (INTEGER)
ensureColumns: added video_generations.camera_fixed (INTEGER)
ensureColumns: added video_generations.watermark (INTEGER)
ensureColumns: added video_generations.provider_task_id (TEXT)
ensureColumns: added video_generations.archive_status (TEXT)
ensureColumns: added video_generations.archive_error (TEXT)
ensureColumns: added video_generations.archive_attempts (INTEGER NOT NULL DEFAULT 0)
ensureColumns: added video_generations.archived_at (TEXT)
ensureColumns: added video_merges.merge_options (TEXT)
ensureColumns: added video_merges.merged_url (TEXT)
ensureColumns: added video_merges.duration (INTEGER)
ensureColumns: added video_merges.completed_at (TEXT)
ensureColumns: added video_merges.error_msg (TEXT)
ensureColumns: added assets.reference_alias (TEXT)
ensureColumns: added assets.archived_at (TEXT)
ensureColumns: added omni_video_jobs.storyboard_id (INTEGER)
Ran migration: 01_init.sql #1
Ran migration: 01_init.sql #2
Ran migration: 01_init.sql #3
Ran migration: 01_init.sql #4
Ran migration: 01_init.sql #5
Ran migration: 01_init.sql #6
Ran migration: 01_init.sql #7
Ran migration: 01_init.sql #8
Ran migration: 01_init.sql #9
Ran migration: 01_init.sql #10
Ran migration: 01_init.sql #11
Ran migration: 01_init.sql #12
Ran migration: 01_init.sql #13
Ran migration: 01_init.sql #14
Ran migration: 01_init.sql #15
Ran migration: 01_init.sql #16
Ran migration: 01_init.sql #17
Ran migration: 01_init.sql #18
Skip (already exists): 02_add_default_model.sql
Ran migration: 03_add_props_episode_id.sql
Skip (already exists): 04_async_tasks_columns.sql #1
Skip (already exists): 04_async_tasks_columns.sql #2
Skip (already exists): 04_async_tasks_columns.sql #3
Skip (already exists): 05_add_image_generations_completed_at.sql #1
Skip (already exists): 05_add_image_generations_completed_at.sql #2
Skip (already exists): 06_add_characters_local_path.sql
Skip (already exists): 07_add_scenes_image_columns.sql #1
Skip (already exists): 07_add_scenes_image_columns.sql #2
Skip (already exists): 08_add_video_generations_completed_at.sql #1
Skip (already exists): 08_add_video_generations_completed_at.sql #2
Ran migration: 09_scene_prop_libraries.sql #1
Ran migration: 09_scene_prop_libraries.sql #2
Ran migration: 10_prompt_overrides.sql
Ran migration: 11_add_api_protocol.sql
Ran migration: 12_image_proxy_cache.sql
Ran migration: 13_character_identity_anchors.sql #1
Ran migration: 13_character_identity_anchors.sql #2
Ran migration: 13_character_identity_anchors.sql #3
Ran migration: 13_character_identity_anchors.sql #4
Ran migration: 13_character_identity_anchors.sql #5
Ran migration: 13_character_identity_anchors.sql #6
Ran migration: 13_character_identity_anchors.sql #7
Ran migration: 13_character_identity_anchors.sql #8
Ran migration: 13_character_identity_anchors.sql #9
Ran migration: 14_storyboard_segments_and_model_map.sql #1
Ran migration: 14_storyboard_segments_and_model_map.sql #2
Ran migration: 14_storyboard_segments_and_model_map.sql #3
Ran migration: 15_storyboard_angle_structured.sql #1
Ran migration: 15_storyboard_angle_structured.sql #2
Ran migration: 15_storyboard_angle_structured.sql #3
Ran migration: 16_character_polished_prompt.sql
Ran migration: 17_character_stages.sql
Ran migration: 18_storyboard_narration.sql
Ran migration: 19_storyboard_universal_mode.sql #1
Ran migration: 19_storyboard_universal_mode.sql #2
Ran migration: 20_character_seedance2_asset.sql
Ran migration: 21_asset_negative_prompt.sql #1
Ran migration: 21_asset_negative_prompt.sql #2
Ran migration: 21_asset_negative_prompt.sql #3
Skip (already exists): 22_library_source_id.sql #1
Skip (already exists): 22_library_source_id.sql #2
Skip (already exists): 22_library_source_id.sql #3
Skip (already exists): 22_library_source_id.sql #4
Skip (already exists): 22_library_source_id.sql #5
Skip (already exists): 22_library_source_id.sql #6
Ran migration: 22_library_source_id.sql #7
Ran migration: 22_library_source_id.sql #8
Ran migration: 22_library_source_id.sql #9
Ran migration: 23_omni_video_workbench.sql #1
Ran migration: 23_omni_video_workbench.sql #2
Ran migration: 23_omni_video_workbench.sql #3
Ran migration: 23_omni_video_workbench.sql #4
Ran migration: 23_omni_video_workbench.sql #5
Ran migration: 23_omni_video_workbench.sql #6
Ran migration: 23_omni_video_workbench.sql #7
Ran migration: 23_omni_video_workbench.sql #8
Ran migration: 23_omni_video_workbench.sql #9
Ran migration: 23_omni_video_workbench.sql #10
Ran migration: 23_omni_video_workbench.sql #11
Ran migration: 23_omni_video_workbench.sql #12
Ran migration: 24_asset_seedance2_certification.sql
Ran migration: 25_omni_sequences.sql #1
Ran migration: 25_omni_sequences.sql #2
Ran migration: 25_omni_sequences.sql #3
Ran migration: 25_omni_sequences.sql #4
Ran migration: 25_omni_sequences.sql #5
Ran migration: 26_omni_workbench_improvements.sql #1
Ran migration: 26_omni_workbench_improvements.sql #2
Ran migration: 27_ai_toolbox.sql #1
Ran migration: 27_ai_toolbox.sql #2
Ran migration: 27_ai_toolbox.sql #3
Ran migration: 27_ai_toolbox.sql #4
Ran migration: 27_ai_toolbox.sql #5
Ran migration: 27_ai_toolbox.sql #6
Ran migration: 27_ai_toolbox.sql #7
Ran migration: 28_storyboard_generation_settings.sql #1
Ran migration: 28_storyboard_generation_settings.sql #2
Ran migration: 28_storyboard_generation_settings.sql #3
Ran migration: 28_storyboard_generation_settings.sql #4
Ran migration: 29_resource_seedance2_asset.sql #1
Ran migration: 29_resource_seedance2_asset.sql #2
Ran migration: 30_storyboard_omni_assets.sql #1
Ran migration: 30_storyboard_omni_assets.sql #2
Ran migration: 30_storyboard_omni_assets.sql #3
Ran migration: 30_storyboard_omni_assets.sql #4
Ran migration: 30_storyboard_omni_assets.sql #5
Ran migration: 30_storyboard_omni_assets.sql #6
Ran migration: 30_storyboard_omni_assets.sql #7
Ran migration: 30_storyboard_omni_assets.sql #8
Ran migration: 30_storyboard_omni_assets.sql #9
Ran migration: 31_storyboard_sort_order.sql
Ran migration: 32_asset_favorites.sql
Ran migration: 33_auth_billing_admin.sql #1
Ran migration: 33_auth_billing_admin.sql #2
Ran migration: 33_auth_billing_admin.sql #3
Ran migration: 33_auth_billing_admin.sql #4
Ran migration: 33_auth_billing_admin.sql #5
Ran migration: 33_auth_billing_admin.sql #6
Ran migration: 33_auth_billing_admin.sql #7
Ran migration: 33_auth_billing_admin.sql #8
Ran migration: 33_auth_billing_admin.sql #9
Ran migration: 33_auth_billing_admin.sql #10
Ran migration: 33_auth_billing_admin.sql #11
Ran migration: 33_auth_billing_admin.sql #12
Ran migration: 33_auth_billing_admin.sql #13
Ran migration: 33_auth_billing_admin.sql #14
Ran migration: 33_auth_billing_admin.sql #15
Ran migration: 33_auth_billing_admin.sql #16
Ran migration: 33_auth_billing_admin.sql #17
Ran migration: 33_auth_billing_admin.sql #18
Ran migration: 33_auth_billing_admin.sql #19
Ran migration: 33_auth_billing_admin.sql #20
Ran migration: 33_auth_billing_admin.sql #21
Ran migration: 34_workflow_ownership.sql #1
Ran migration: 34_workflow_ownership.sql #2
Ran migration: 34_workflow_ownership.sql #3
Ran migration: 34_workflow_ownership.sql #4
Ran migration: 34_workflow_ownership.sql #5
Ran migration: 34_workflow_ownership.sql #6
Ran migration: 34_workflow_ownership.sql #7
Ran migration: 35_runtime_auth_settings.sql
Ran migration: 36_volcengine_seedream_official_prices.sql #1
Ran migration: 36_volcengine_seedream_official_prices.sql #2
Ran migration: 36_volcengine_seedream_official_prices.sql #3
Ran migration: 37_points_ratio_and_volcengine_video_prices.sql #1
Ran migration: 37_points_ratio_and_volcengine_video_prices.sql #2
Ran migration: 37_points_ratio_and_volcengine_video_prices.sql #3
Ran migration: 37_points_ratio_and_volcengine_video_prices.sql #4
Ran migration: 37_points_ratio_and_volcengine_video_prices.sql #5
Ran migration: 37_points_ratio_and_volcengine_video_prices.sql #6
Ran migration: 37_points_ratio_and_volcengine_video_prices.sql #7
Ran migration: 37_points_ratio_and_volcengine_video_prices.sql #8
Ran migration: 38_seedance_video_rate_contexts.sql #1
Ran migration: 38_seedance_video_rate_contexts.sql #2
Ran migration: 39_billing_key_for_custom_providers.sql #1
Ran migration: 39_billing_key_for_custom_providers.sql #2
Ran migration: 40_volcengine_text_tts_official_prices.sql #1
Ran migration: 40_volcengine_text_tts_official_prices.sql #2
Ran migration: 40_volcengine_text_tts_official_prices.sql #3
Ran migration: 40_volcengine_text_tts_official_prices.sql #4
Ran migration: 40_volcengine_text_tts_official_prices.sql #5
Ran migration: 41_billing_reconciliation.sql #1
Ran migration: 41_billing_reconciliation.sql #2
Ran migration: 41_billing_reconciliation.sql #3
Ran migration: 42_volcengine_seed_2_lite_prices.sql #1
Ran migration: 42_volcengine_seed_2_lite_prices.sql #2
Ran migration: 43_video_usage_output_meter_and_snapshot.sql #1
Ran migration: 43_video_usage_output_meter_and_snapshot.sql #2
Ran migration: 43_video_usage_output_meter_and_snapshot.sql #3
Ran migration: 44_deduplicate_video_output_meters.sql #1
Ran migration: 44_deduplicate_video_output_meters.sql #2
Ran migration: 45_remove_legacy_model_permissions.sql
Ran migration: 46_seed_2_lite_context_tier.sql #1
Ran migration: 46_seed_2_lite_context_tier.sql #2
Ran migration: 46_seed_2_lite_context_tier.sql #3
Ran migration: 47_seedance_2_mini_price.sql #1
Ran migration: 47_seedance_2_mini_price.sql #2
Ran migration: 48_media_archive_records.sql #1
Ran migration: 48_media_archive_records.sql #2
Ran migration: 49_seedance_2_5_price.sql #1
Ran migration: 49_seedance_2_5_price.sql #2
Ran migration: 50_storyboard_generation_inheritance.sql #1
Ran migration: 50_storyboard_generation_inheritance.sql #2
Ran migration: 51_video_poster_path.sql
Ran migration: 52_asset_links_video_interpolation.sql #1
Ran migration: 52_asset_links_video_interpolation.sql #2
Ran migration: 52_asset_links_video_interpolation.sql #3
Ran migration: 52_asset_links_video_interpolation.sql #4
Ran migration: 52_asset_links_video_interpolation.sql #5
Ran migration: 52_asset_links_video_interpolation.sql #6
Ran migration: 52_asset_links_video_interpolation.sql #7
Ran migration: 52_asset_links_video_interpolation.sql #8
Ran migration: 52_asset_links_video_interpolation.sql #9
Ran migration: 52_asset_links_video_interpolation.sql #10
Ran migration: 52_asset_links_video_interpolation.sql #11
Ran migration: 52_asset_links_video_interpolation.sql #12
Ran migration: 52_asset_links_video_interpolation.sql #13
Ran migration: 52_asset_links_video_interpolation.sql #14
Ran migration: 52_asset_links_video_interpolation.sql #15
Ran migration: 52_asset_links_video_interpolation.sql #16
Ran migration: 52_asset_links_video_interpolation.sql #17
Ran migration: 53_video_upscale_and_billing_reaudit.sql #1
Ran migration: 53_video_upscale_and_billing_reaudit.sql #2
Ran migration: 53_video_upscale_and_billing_reaudit.sql #3
Ran migration: 53_video_upscale_and_billing_reaudit.sql #4
Ran migration: 53_video_upscale_and_billing_reaudit.sql #5
Ran migration: 53_video_upscale_and_billing_reaudit.sql #6
Ran migration: 53_video_upscale_and_billing_reaudit.sql #7
Ran migration: 53_video_upscale_and_billing_reaudit.sql #9
Ran migration: 53_video_upscale_and_billing_reaudit.sql #10
Ran migration: 54_storyboard_optional_video_postprocess.sql #1
Ran migration: 54_storyboard_optional_video_postprocess.sql #2
Ran migration: 54_storyboard_optional_video_postprocess.sql #3
Ran migration: 55_video_intermediate_cleanup_opt_in.sql
Ran migration: 56_fix_mediakit_postprocess_display_fallback_prices.sql #1
Ran migration: 56_fix_mediakit_postprocess_display_fallback_prices.sql #2
Ran migration: 57_mediakit_shared_connection_defaults.sql
Ran migration: 58_storyboard_active_video_version.sql
Ran migration: 59_operations_alert_settings.sql #1
Ran migration: 59_operations_alert_settings.sql #2
Ran migration: 60_operations_report_snapshots.sql
Ran migration: 61_tenant_billing_and_console_isolation.sql #1
Ran migration: 61_tenant_billing_and_console_isolation.sql #2
Ran migration: 61_tenant_billing_and_console_isolation.sql #3
Ran migration: 61_tenant_billing_and_console_isolation.sql #4
Ran migration: 61_tenant_billing_and_console_isolation.sql #5
Ran migration: 61_tenant_billing_and_console_isolation.sql #6
Ran migration: 61_tenant_billing_and_console_isolation.sql #7
Ran migration: 61_tenant_billing_and_console_isolation.sql #8
Ran migration: 61_tenant_billing_and_console_isolation.sql #9
Ran migration: 61_tenant_billing_and_console_isolation.sql #10
Ran migration: 61_tenant_billing_and_console_isolation.sql #11
Ran migration: 61_tenant_billing_and_console_isolation.sql #12
Ran migration: 61_tenant_billing_and_console_isolation.sql #13
Ran migration: 61_tenant_billing_and_console_isolation.sql #14
Ran migration: 61_tenant_billing_and_console_isolation.sql #15
Ran migration: 61_tenant_billing_and_console_isolation.sql #16
Ran migration: 62_migrate_existing_users_to_default_tenant.sql #1
Ran migration: 62_migrate_existing_users_to_default_tenant.sql #2
Ran migration: 62_migrate_existing_users_to_default_tenant.sql #3
Ran migration: 62_migrate_existing_users_to_default_tenant.sql #4
Ran migration: 62_migrate_existing_users_to_default_tenant.sql #5
Ran migration: 63_geeknow_gpt_image_2_price.sql #1
Ran migration: 63_geeknow_gpt_image_2_price.sql #2
Ran migration: 64_default_tenant_price_book_compatibility.sql
Ran migration: 65_tool_run_tenant_scope.sql #1
Ran migration: 65_tool_run_tenant_scope.sql #2
Ran migration: 66_tenant_config_defaults.sql #1
Ran migration: 66_tenant_config_defaults.sql #2
Ran migration: 66_tenant_config_defaults.sql #3
Ran migration: 66_tenant_config_defaults.sql #4
Ran migration: 66_tenant_config_defaults.sql #5
Ran migration: 67_tenant_owned_ai_configs.sql #1
Ran migration: 67_tenant_owned_ai_configs.sql #2
Ran migration: 68_preserve_legacy_default_tenant.sql #1
Ran migration: 68_preserve_legacy_default_tenant.sql #2
Skip migration (table not found, will be ensured later): 69_homepage_default_video_resources.sql - no such table: global_settings
Ran migration: 70_billing_project_usage_snapshots.sql #1
Ran migration: 70_billing_project_usage_snapshots.sql #2
Ran migration: 70_billing_project_usage_snapshots.sql #3
Ran migration: 70_billing_project_usage_snapshots.sql #4
Ran migration: 70_billing_project_usage_snapshots.sql #5
Ran migration: 70_billing_project_usage_snapshots.sql #6
Ran migration: 70_billing_project_usage_snapshots.sql #7
Ran migration: 70_billing_project_usage_snapshots.sql #8
Ran migration: 70_billing_project_usage_snapshots.sql #9
Ran migration: 70_billing_project_usage_snapshots.sql #10
Ran migration: 70_billing_project_usage_snapshots.sql #11
Ran migration: 70_billing_project_usage_snapshots.sql #12
Ran migration: 70_billing_project_usage_snapshots.sql #13
Ran migration: 70_billing_project_usage_snapshots.sql #14
Ran migration: 71_billable_project_context.sql #1
Ran migration: 71_billable_project_context.sql #2
Ran migration: 71_billable_project_context.sql #3
Ran migration: 71_billable_project_context.sql #4
Migrated billing ledger to micro-points: [33m10000[39m
ensureColumns: added storyboards.layout_description (TEXT)
ensureColumns: added storyboards.image_url (TEXT)
ensureColumns: added storyboards.local_path (TEXT)
ensureColumns: added storyboards.main_panel_idx (INTEGER)
ensureColumns: added storyboards.composed_image (TEXT)
ensureColumns: added storyboards.result (TEXT)
ensureColumns: added storyboards.emotion (TEXT)
ensureColumns: added storyboards.emotion_intensity (INTEGER)
ensureColumns: added storyboards.error_msg (TEXT)
ensureColumns: added storyboards.lighting_style (TEXT)
ensureColumns: added storyboards.depth_of_field (TEXT)
ensureColumns: added storyboards.polished_prompt (TEXT)
ensureColumns: added storyboards.continuity_snapshot (TEXT)
ensureColumns: added storyboards.audio_local_path (TEXT)
ensureColumns: added storyboards.narration_audio_local_path (TEXT)
ensureColumns: added storyboards.omni_prompt_document_json (TEXT)
ensureColumns: added storyboards.first_frame_image_id (INTEGER)
ensureColumns: added storyboards.last_frame_image_id (INTEGER)
ensureColumns: added storyboards.last_frame_image_url (TEXT)
ensureColumns: added storyboards.last_frame_local_path (TEXT)
ensureColumns: added characters.extra_images (TEXT)
ensureColumns: added characters.error_msg (TEXT)
ensureColumns: added characters.ref_image (TEXT)
ensureColumns: added characters.seedance2_voice_asset (TEXT)
ensureColumns: added scenes.polished_prompt (TEXT)
ensureColumns: added scenes.extra_images (TEXT)
ensureColumns: added scenes.ref_image (TEXT)
ensureColumns: added scenes.error_msg (TEXT)
ensureColumns: added props.extra_images (TEXT)
ensureColumns: added props.ref_image (TEXT)
ensureColumns: added props.error_msg (TEXT)
ensureColumns: added tenants.is_new_user_default (INTEGER DEFAULT 0)
ensureColumns: added image_generations.episode_id (INTEGER)
ensureColumns: added image_generations.use_first_frame_layout_lock (INTEGER)
ensureColumns: added image_generations.width (INTEGER)
ensureColumns: added image_generations.height (INTEGER)
ensureColumns: added video_generations.resolution (TEXT)
ensureColumns: added video_generations.seed (INTEGER)
ensureColumns: added video_generations.camera_fixed (INTEGER)
ensureColumns: added video_generations.watermark (INTEGER)
ensureColumns: added video_generations.provider_task_id (TEXT)
ensureColumns: added video_generations.archive_status (TEXT)
ensureColumns: added video_generations.archive_error (TEXT)
ensureColumns: added video_generations.archive_attempts (INTEGER NOT NULL DEFAULT 0)
ensureColumns: added video_generations.archived_at (TEXT)
ensureColumns: added video_merges.merge_options (TEXT)
ensureColumns: added video_merges.merged_url (TEXT)
ensureColumns: added video_merges.duration (INTEGER)
ensureColumns: added video_merges.completed_at (TEXT)
ensureColumns: added video_merges.error_msg (TEXT)
ensureColumns: added assets.reference_alias (TEXT)
ensureColumns: added assets.archived_at (TEXT)
ensureColumns: added omni_video_jobs.storyboard_id (INTEGER)
Ran migration: 01_init.sql #1
Ran migration: 01_init.sql #2
Ran migration: 01_init.sql #3
Ran migration: 01_init.sql #4
Ran migration: 01_init.sql #5
Ran migration: 01_init.sql #6
Ran migration: 01_init.sql #7
Ran migration: 01_init.sql #8
Ran migration: 01_init.sql #9
Ran migration: 01_init.sql #10
Ran migration: 01_init.sql #11
Ran migration: 01_init.sql #12
Ran migration: 01_init.sql #13
Ran migration: 01_init.sql #14
Ran migration: 01_init.sql #15
Ran migration: 01_init.sql #16
Ran migration: 01_init.sql #17
Ran migration: 01_init.sql #18
Skip (already exists): 02_add_default_model.sql
Ran migration: 03_add_props_episode_id.sql
Skip (already exists): 04_async_tasks_columns.sql #1
Skip (already exists): 04_async_tasks_columns.sql #2
Skip (already exists): 04_async_tasks_columns.sql #3
Skip (already exists): 05_add_image_generations_completed_at.sql #1
Skip (already exists): 05_add_image_generations_completed_at.sql #2
Skip (already exists): 06_add_characters_local_path.sql
Skip (already exists): 07_add_scenes_image_columns.sql #1
Skip (already exists): 07_add_scenes_image_columns.sql #2
Skip (already exists): 08_add_video_generations_completed_at.sql #1
Skip (already exists): 08_add_video_generations_completed_at.sql #2
Ran migration: 09_scene_prop_libraries.sql #1
Ran migration: 09_scene_prop_libraries.sql #2
Ran migration: 10_prompt_overrides.sql
Ran migration: 11_add_api_protocol.sql
Ran migration: 12_image_proxy_cache.sql
Ran migration: 13_character_identity_anchors.sql #1
Ran migration: 13_character_identity_anchors.sql #2
Ran migration: 13_character_identity_anchors.sql #3
Ran migration: 13_character_identity_anchors.sql #4
Ran migration: 13_character_identity_anchors.sql #5
Ran migration: 13_character_identity_anchors.sql #6
Ran migration: 13_character_identity_anchors.sql #7
Ran migration: 13_character_identity_anchors.sql #8
Ran migration: 13_character_identity_anchors.sql #9
Ran migration: 14_storyboard_segments_and_model_map.sql #1
Ran migration: 14_storyboard_segments_and_model_map.sql #2
Ran migration: 14_storyboard_segments_and_model_map.sql #3
Ran migration: 15_storyboard_angle_structured.sql #1
Ran migration: 15_storyboard_angle_structured.sql #2
Ran migration: 15_storyboard_angle_structured.sql #3
Ran migration: 16_character_polished_prompt.sql
Ran migration: 17_character_stages.sql
Ran migration: 18_storyboard_narration.sql
Ran migration: 19_storyboard_universal_mode.sql #1
Ran migration: 19_storyboard_universal_mode.sql #2
Ran migration: 20_character_seedance2_asset.sql
Ran migration: 21_asset_negative_prompt.sql #1
Ran migration: 21_asset_negative_prompt.sql #2
Ran migration: 21_asset_negative_prompt.sql #3
Skip (already exists): 22_library_source_id.sql #1
Skip (already exists): 22_library_source_id.sql #2
Skip (already exists): 22_library_source_id.sql #3
Skip (already exists): 22_library_source_id.sql #4
Skip (already exists): 22_library_source_id.sql #5
Skip (already exists): 22_library_source_id.sql #6
Ran migration: 22_library_source_id.sql #7
Ran migration: 22_library_source_id.sql #8
Ran migration: 22_library_source_id.sql #9
Ran migration: 23_omni_video_workbench.sql #1
Ran migration: 23_omni_video_workbench.sql #2
Ran migration: 23_omni_video_workbench.sql #3
Ran migration: 23_omni_video_workbench.sql #4
Ran migration: 23_omni_video_workbench.sql #5
Ran migration: 23_omni_video_workbench.sql #6
Ran migration: 23_omni_video_workbench.sql #7
Ran migration: 23_omni_video_workbench.sql #8
Ran migration: 23_omni_video_workbench.sql #9
Ran migration: 23_omni_video_workbench.sql #10
Ran migration: 23_omni_video_workbench.sql #11
Ran migration: 23_omni_video_workbench.sql #12
Ran migration: 24_asset_seedance2_certification.sql
Ran migration: 25_omni_sequences.sql #1
Ran migration: 25_omni_sequences.sql #2
Ran migration: 25_omni_sequences.sql #3
Ran migration: 25_omni_sequences.sql #4
Ran migration: 25_omni_sequences.sql #5
Ran migration: 26_omni_workbench_improvements.sql #1
Ran migration: 26_omni_workbench_improvements.sql #2
Ran migration: 27_ai_toolbox.sql #1
Ran migration: 27_ai_toolbox.sql #2
Ran migration: 27_ai_toolbox.sql #3
Ran migration: 27_ai_toolbox.sql #4
Ran migration: 27_ai_toolbox.sql #5
Ran migration: 27_ai_toolbox.sql #6
Ran migration: 27_ai_toolbox.sql #7
Ran migration: 28_storyboard_generation_settings.sql #1
Ran migration: 28_storyboard_generation_settings.sql #2
Ran migration: 28_storyboard_generation_settings.sql #3
Ran migration: 28_storyboard_generation_settings.sql #4
Ran migration: 29_resource_seedance2_asset.sql #1
Ran migration: 29_resource_seedance2_asset.sql #2
Ran migration: 30_storyboard_omni_assets.sql #1
Ran migration: 30_storyboard_omni_assets.sql #2
Ran migration: 30_storyboard_omni_assets.sql #3
Ran migration: 30_storyboard_omni_assets.sql #4
Ran migration: 30_storyboard_omni_assets.sql #5
Ran migration: 30_storyboard_omni_assets.sql #6
Ran migration: 30_storyboard_omni_assets.sql #7
Ran migration: 30_storyboard_omni_assets.sql #8
Ran migration: 30_storyboard_omni_assets.sql #9
Ran migration: 31_storyboard_sort_order.sql
Ran migration: 32_asset_favorites.sql
Ran migration: 33_auth_billing_admin.sql #1
Ran migration: 33_auth_billing_admin.sql #2
Ran migration: 33_auth_billing_admin.sql #3
Ran migration: 33_auth_billing_admin.sql #4
Ran migration: 33_auth_billing_admin.sql #5
Ran migration: 33_auth_billing_admin.sql #6
Ran migration: 33_auth_billing_admin.sql #7
Ran migration: 33_auth_billing_admin.sql #8
Ran migration: 33_auth_billing_admin.sql #9
Ran migration: 33_auth_billing_admin.sql #10
Ran migration: 33_auth_billing_admin.sql #11
Ran migration: 33_auth_billing_admin.sql #12
Ran migration: 33_auth_billing_admin.sql #13
Ran migration: 33_auth_billing_admin.sql #14
Ran migration: 33_auth_billing_admin.sql #15
Ran migration: 33_auth_billing_admin.sql #16
Ran migration: 33_auth_billing_admin.sql #17
Ran migration: 33_auth_billing_admin.sql #18
Ran migration: 33_auth_billing_admin.sql #19
Ran migration: 33_auth_billing_admin.sql #20
Ran migration: 33_auth_billing_admin.sql #21
Ran migration: 34_workflow_ownership.sql #1
Ran migration: 34_workflow_ownership.sql #2
Ran migration: 34_workflow_ownership.sql #3
Ran migration: 34_workflow_ownership.sql #4
Ran migration: 34_workflow_ownership.sql #5
Ran migration: 34_workflow_ownership.sql #6
Ran migration: 34_workflow_ownership.sql #7
Ran migration: 35_runtime_auth_settings.sql
Ran migration: 36_volcengine_seedream_official_prices.sql #1
Ran migration: 36_volcengine_seedream_official_prices.sql #2
Ran migration: 36_volcengine_seedream_official_prices.sql #3
Ran migration: 37_points_ratio_and_volcengine_video_prices.sql #1
Ran migration: 37_points_ratio_and_volcengine_video_prices.sql #2
Ran migration: 37_points_ratio_and_volcengine_video_prices.sql #3
Ran migration: 37_points_ratio_and_volcengine_video_prices.sql #4
Ran migration: 37_points_ratio_and_volcengine_video_prices.sql #5
Ran migration: 37_points_ratio_and_volcengine_video_prices.sql #6
Ran migration: 37_points_ratio_and_volcengine_video_prices.sql #7
Ran migration: 37_points_ratio_and_volcengine_video_prices.sql #8
Ran migration: 38_seedance_video_rate_contexts.sql #1
Ran migration: 38_seedance_video_rate_contexts.sql #2
Ran migration: 39_billing_key_for_custom_providers.sql #1
Ran migration: 39_billing_key_for_custom_providers.sql #2
Ran migration: 40_volcengine_text_tts_official_prices.sql #1
Ran migration: 40_volcengine_text_tts_official_prices.sql #2
Ran migration: 40_volcengine_text_tts_official_prices.sql #3
Ran migration: 40_volcengine_text_tts_official_prices.sql #4
Ran migration: 40_volcengine_text_tts_official_prices.sql #5
Ran migration: 41_billing_reconciliation.sql #1
Ran migration: 41_billing_reconciliation.sql #2
Ran migration: 41_billing_reconciliation.sql #3
Ran migration: 42_volcengine_seed_2_lite_prices.sql #1
Ran migration: 42_volcengine_seed_2_lite_prices.sql #2
Ran migration: 43_video_usage_output_meter_and_snapshot.sql #1
Ran migration: 43_video_usage_output_meter_and_snapshot.sql #2
Ran migration: 43_video_usage_output_meter_and_snapshot.sql #3
Ran migration: 44_deduplicate_video_output_meters.sql #1
Ran migration: 44_deduplicate_video_output_meters.sql #2
Ran migration: 45_remove_legacy_model_permissions.sql
Ran migration: 46_seed_2_lite_context_tier.sql #1
Ran migration: 46_seed_2_lite_context_tier.sql #2
Ran migration: 46_seed_2_lite_context_tier.sql #3
Ran migration: 47_seedance_2_mini_price.sql #1
Ran migration: 47_seedance_2_mini_price.sql #2
Ran migration: 48_media_archive_records.sql #1
Ran migration: 48_media_archive_records.sql #2
Ran migration: 49_seedance_2_5_price.sql #1
Ran migration: 49_seedance_2_5_price.sql #2
Ran migration: 50_storyboard_generation_inheritance.sql #1
Ran migration: 50_storyboard_generation_inheritance.sql #2
Ran migration: 51_video_poster_path.sql
Ran migration: 52_asset_links_video_interpolation.sql #1
Ran migration: 52_asset_links_video_interpolation.sql #2
Ran migration: 52_asset_links_video_interpolation.sql #3
Ran migration: 52_asset_links_video_interpolation.sql #4
Ran migration: 52_asset_links_video_interpolation.sql #5
Ran migration: 52_asset_links_video_interpolation.sql #6
Ran migration: 52_asset_links_video_interpolation.sql #7
Ran migration: 52_asset_links_video_interpolation.sql #8
Ran migration: 52_asset_links_video_interpolation.sql #9
Ran migration: 52_asset_links_video_interpolation.sql #10
Ran migration: 52_asset_links_video_interpolation.sql #11
Ran migration: 52_asset_links_video_interpolation.sql #12
Ran migration: 52_asset_links_video_interpolation.sql #13
Ran migration: 52_asset_links_video_interpolation.sql #14
Ran migration: 52_asset_links_video_interpolation.sql #15
Ran migration: 52_asset_links_video_interpolation.sql #16
Ran migration: 52_asset_links_video_interpolation.sql #17
Ran migration: 53_video_upscale_and_billing_reaudit.sql #1
Ran migration: 53_video_upscale_and_billing_reaudit.sql #2
Ran migration: 53_video_upscale_and_billing_reaudit.sql #3
Ran migration: 53_video_upscale_and_billing_reaudit.sql #4
Ran migration: 53_video_upscale_and_billing_reaudit.sql #5
Ran migration: 53_video_upscale_and_billing_reaudit.sql #6
Ran migration: 53_video_upscale_and_billing_reaudit.sql #7
Ran migration: 53_video_upscale_and_billing_reaudit.sql #9
Ran migration: 53_video_upscale_and_billing_reaudit.sql #10
Ran migration: 54_storyboard_optional_video_postprocess.sql #1
Ran migration: 54_storyboard_optional_video_postprocess.sql #2
Ran migration: 54_storyboard_optional_video_postprocess.sql #3
Ran migration: 55_video_intermediate_cleanup_opt_in.sql
Ran migration: 56_fix_mediakit_postprocess_display_fallback_prices.sql #1
Ran migration: 56_fix_mediakit_postprocess_display_fallback_prices.sql #2
Ran migration: 57_mediakit_shared_connection_defaults.sql
Ran migration: 58_storyboard_active_video_version.sql
Ran migration: 59_operations_alert_settings.sql #1
Ran migration: 59_operations_alert_settings.sql #2
Ran migration: 60_operations_report_snapshots.sql
Ran migration: 61_tenant_billing_and_console_isolation.sql #1
Ran migration: 61_tenant_billing_and_console_isolation.sql #2
Ran migration: 61_tenant_billing_and_console_isolation.sql #3
Ran migration: 61_tenant_billing_and_console_isolation.sql #4
Ran migration: 61_tenant_billing_and_console_isolation.sql #5
Ran migration: 61_tenant_billing_and_console_isolation.sql #6
Ran migration: 61_tenant_billing_and_console_isolation.sql #7
Ran migration: 61_tenant_billing_and_console_isolation.sql #8
Ran migration: 61_tenant_billing_and_console_isolation.sql #9
Ran migration: 61_tenant_billing_and_console_isolation.sql #10
Ran migration: 61_tenant_billing_and_console_isolation.sql #11
Ran migration: 61_tenant_billing_and_console_isolation.sql #12
Ran migration: 61_tenant_billing_and_console_isolation.sql #13
Ran migration: 61_tenant_billing_and_console_isolation.sql #14
Ran migration: 61_tenant_billing_and_console_isolation.sql #15
Ran migration: 61_tenant_billing_and_console_isolation.sql #16
Ran migration: 62_migrate_existing_users_to_default_tenant.sql #1
Ran migration: 62_migrate_existing_users_to_default_tenant.sql #2
Ran migration: 62_migrate_existing_users_to_default_tenant.sql #3
Ran migration: 62_migrate_existing_users_to_default_tenant.sql #4
Ran migration: 62_migrate_existing_users_to_default_tenant.sql #5
Ran migration: 63_geeknow_gpt_image_2_price.sql #1
Ran migration: 63_geeknow_gpt_image_2_price.sql #2
Ran migration: 64_default_tenant_price_book_compatibility.sql
Ran migration: 65_tool_run_tenant_scope.sql #1
Ran migration: 65_tool_run_tenant_scope.sql #2
Ran migration: 66_tenant_config_defaults.sql #1
Ran migration: 66_tenant_config_defaults.sql #2
Ran migration: 66_tenant_config_defaults.sql #3
Ran migration: 66_tenant_config_defaults.sql #4
Ran migration: 66_tenant_config_defaults.sql #5
Ran migration: 67_tenant_owned_ai_configs.sql #1
Ran migration: 67_tenant_owned_ai_configs.sql #2
Ran migration: 68_preserve_legacy_default_tenant.sql #1
Ran migration: 68_preserve_legacy_default_tenant.sql #2
Skip migration (table not found, will be ensured later): 69_homepage_default_video_resources.sql - no such table: global_settings
Ran migration: 70_billing_project_usage_snapshots.sql #1
Ran migration: 70_billing_project_usage_snapshots.sql #2
Ran migration: 70_billing_project_usage_snapshots.sql #3
Ran migration: 70_billing_project_usage_snapshots.sql #4
Ran migration: 70_billing_project_usage_snapshots.sql #5
Ran migration: 70_billing_project_usage_snapshots.sql #6
Ran migration: 70_billing_project_usage_snapshots.sql #7
Ran migration: 70_billing_project_usage_snapshots.sql #8
Ran migration: 70_billing_project_usage_snapshots.sql #9
Ran migration: 70_billing_project_usage_snapshots.sql #10
Ran migration: 70_billing_project_usage_snapshots.sql #11
Ran migration: 70_billing_project_usage_snapshots.sql #12
Ran migration: 70_billing_project_usage_snapshots.sql #13
Ran migration: 70_billing_project_usage_snapshots.sql #14
Ran migration: 71_billable_project_context.sql #1
Ran migration: 71_billable_project_context.sql #2
Ran migration: 71_billable_project_context.sql #3
Ran migration: 71_billable_project_context.sql #4
Migrated billing ledger to micro-points: [33m10000[39m
ensureColumns: added storyboards.layout_description (TEXT)
ensureColumns: added storyboards.image_url (TEXT)
ensureColumns: added storyboards.local_path (TEXT)
ensureColumns: added storyboards.main_panel_idx (INTEGER)
ensureColumns: added storyboards.composed_image (TEXT)
ensureColumns: added storyboards.result (TEXT)
ensureColumns: added storyboards.emotion (TEXT)
ensureColumns: added storyboards.emotion_intensity (INTEGER)
ensureColumns: added storyboards.error_msg (TEXT)
ensureColumns: added storyboards.lighting_style (TEXT)
ensureColumns: added storyboards.depth_of_field (TEXT)
ensureColumns: added storyboards.polished_prompt (TEXT)
ensureColumns: added storyboards.continuity_snapshot (TEXT)
ensureColumns: added storyboards.audio_local_path (TEXT)
ensureColumns: added storyboards.narration_audio_local_path (TEXT)
ensureColumns: added storyboards.omni_prompt_document_json (TEXT)
ensureColumns: added storyboards.first_frame_image_id (INTEGER)
ensureColumns: added storyboards.last_frame_image_id (INTEGER)
ensureColumns: added storyboards.last_frame_image_url (TEXT)
ensureColumns: added storyboards.last_frame_local_path (TEXT)
ensureColumns: added characters.extra_images (TEXT)
ensureColumns: added characters.error_msg (TEXT)
ensureColumns: added characters.ref_image (TEXT)
ensureColumns: added characters.seedance2_voice_asset (TEXT)
ensureColumns: added scenes.polished_prompt (TEXT)
ensureColumns: added scenes.extra_images (TEXT)
ensureColumns: added scenes.ref_image (TEXT)
ensureColumns: added scenes.error_msg (TEXT)
ensureColumns: added props.extra_images (TEXT)
ensureColumns: added props.ref_image (TEXT)
ensureColumns: added props.error_msg (TEXT)
ensureColumns: added tenants.is_new_user_default (INTEGER DEFAULT 0)
ensureColumns: added image_generations.episode_id (INTEGER)
ensureColumns: added image_generations.use_first_frame_layout_lock (INTEGER)
ensureColumns: added image_generations.width (INTEGER)
ensureColumns: added image_generations.height (INTEGER)
ensureColumns: added video_generations.resolution (TEXT)
ensureColumns: added video_generations.seed (INTEGER)
ensureColumns: added video_generations.camera_fixed (INTEGER)
ensureColumns: added video_generations.watermark (INTEGER)
ensureColumns: added video_generations.provider_task_id (TEXT)
ensureColumns: added video_generations.archive_status (TEXT)
ensureColumns: added video_generations.archive_error (TEXT)
ensureColumns: added video_generations.archive_attempts (INTEGER NOT NULL DEFAULT 0)
ensureColumns: added video_generations.archived_at (TEXT)
ensureColumns: added video_merges.merge_options (TEXT)
ensureColumns: added video_merges.merged_url (TEXT)
ensureColumns: added video_merges.duration (INTEGER)
ensureColumns: added video_merges.completed_at (TEXT)
ensureColumns: added video_merges.error_msg (TEXT)
ensureColumns: added assets.reference_alias (TEXT)
ensureColumns: added assets.archived_at (TEXT)
ensureColumns: added omni_video_jobs.storyboard_id (INTEGER)
Ran migration: 01_init.sql #1
Ran migration: 01_init.sql #2
Ran migration: 01_init.sql #3
Ran migration: 01_init.sql #4
Ran migration: 01_init.sql #5
Ran migration: 01_init.sql #6
Ran migration: 01_init.sql #7
Ran migration: 01_init.sql #8
Ran migration: 01_init.sql #9
Ran migration: 01_init.sql #10
Ran migration: 01_init.sql #11
Ran migration: 01_init.sql #12
Ran migration: 01_init.sql #13
Ran migration: 01_init.sql #14
Ran migration: 01_init.sql #15
Ran migration: 01_init.sql #16
Ran migration: 01_init.sql #17
Ran migration: 01_init.sql #18
Skip (already exists): 02_add_default_model.sql
Ran migration: 03_add_props_episode_id.sql
Skip (already exists): 04_async_tasks_columns.sql #1
Skip (already exists): 04_async_tasks_columns.sql #2
Skip (already exists): 04_async_tasks_columns.sql #3
Skip (already exists): 05_add_image_generations_completed_at.sql #1
Skip (already exists): 05_add_image_generations_completed_at.sql #2
Skip (already exists): 06_add_characters_local_path.sql
Skip (already exists): 07_add_scenes_image_columns.sql #1
Skip (already exists): 07_add_scenes_image_columns.sql #2
Skip (already exists): 08_add_video_generations_completed_at.sql #1
Skip (already exists): 08_add_video_generations_completed_at.sql #2
Ran migration: 09_scene_prop_libraries.sql #1
Ran migration: 09_scene_prop_libraries.sql #2
Ran migration: 10_prompt_overrides.sql
Ran migration: 11_add_api_protocol.sql
Ran migration: 12_image_proxy_cache.sql
Ran migration: 13_character_identity_anchors.sql #1
Ran migration: 13_character_identity_anchors.sql #2
Ran migration: 13_character_identity_anchors.sql #3
Ran migration: 13_character_identity_anchors.sql #4
Ran migration: 13_character_identity_anchors.sql #5
Ran migration: 13_character_identity_anchors.sql #6
Ran migration: 13_character_identity_anchors.sql #7
Ran migration: 13_character_identity_anchors.sql #8
Ran migration: 13_character_identity_anchors.sql #9
Ran migration: 14_storyboard_segments_and_model_map.sql #1
Ran migration: 14_storyboard_segments_and_model_map.sql #2
Ran migration: 14_storyboard_segments_and_model_map.sql #3
Ran migration: 15_storyboard_angle_structured.sql #1
Ran migration: 15_storyboard_angle_structured.sql #2
Ran migration: 15_storyboard_angle_structured.sql #3
Ran migration: 16_character_polished_prompt.sql
Ran migration: 17_character_stages.sql
Ran migration: 18_storyboard_narration.sql
Ran migration: 19_storyboard_universal_mode.sql #1
Ran migration: 19_storyboard_universal_mode.sql #2
Ran migration: 20_character_seedance2_asset.sql
Ran migration: 21_asset_negative_prompt.sql #1
Ran migration: 21_asset_negative_prompt.sql #2
Ran migration: 21_asset_negative_prompt.sql #3
Skip (already exists): 22_library_source_id.sql #1
Skip (already exists): 22_library_source_id.sql #2
Skip (already exists): 22_library_source_id.sql #3
Skip (already exists): 22_library_source_id.sql #4
Skip (already exists): 22_library_source_id.sql #5
Skip (already exists): 22_library_source_id.sql #6
Ran migration: 22_library_source_id.sql #7
Ran migration: 22_library_source_id.sql #8
Ran migration: 22_library_source_id.sql #9
Ran migration: 23_omni_video_workbench.sql #1
Ran migration: 23_omni_video_workbench.sql #2
Ran migration: 23_omni_video_workbench.sql #3
Ran migration: 23_omni_video_workbench.sql #4
Ran migration: 23_omni_video_workbench.sql #5
Ran migration: 23_omni_video_workbench.sql #6
Ran migration: 23_omni_video_workbench.sql #7
Ran migration: 23_omni_video_workbench.sql #8
Ran migration: 23_omni_video_workbench.sql #9
Ran migration: 23_omni_video_workbench.sql #10
Ran migration: 23_omni_video_workbench.sql #11
Ran migration: 23_omni_video_workbench.sql #12
Ran migration: 24_asset_seedance2_certification.sql
Ran migration: 25_omni_sequences.sql #1
Ran migration: 25_omni_sequences.sql #2
Ran migration: 25_omni_sequences.sql #3
Ran migration: 25_omni_sequences.sql #4
Ran migration: 25_omni_sequences.sql #5
Ran migration: 26_omni_workbench_improvements.sql #1
Ran migration: 26_omni_workbench_improvements.sql #2
Ran migration: 27_ai_toolbox.sql #1
Ran migration: 27_ai_toolbox.sql #2
Ran migration: 27_ai_toolbox.sql #3
Ran migration: 27_ai_toolbox.sql #4
Ran migration: 27_ai_toolbox.sql #5
Ran migration: 27_ai_toolbox.sql #6
Ran migration: 27_ai_toolbox.sql #7
Ran migration: 28_storyboard_generation_settings.sql #1
Ran migration: 28_storyboard_generation_settings.sql #2
Ran migration: 28_storyboard_generation_settings.sql #3
Ran migration: 28_storyboard_generation_settings.sql #4
Ran migration: 29_resource_seedance2_asset.sql #1
Ran migration: 29_resource_seedance2_asset.sql #2
Ran migration: 30_storyboard_omni_assets.sql #1
Ran migration: 30_storyboard_omni_assets.sql #2
Ran migration: 30_storyboard_omni_assets.sql #3
Ran migration: 30_storyboard_omni_assets.sql #4
Ran migration: 30_storyboard_omni_assets.sql #5
Ran migration: 30_storyboard_omni_assets.sql #6
Ran migration: 30_storyboard_omni_assets.sql #7
Ran migration: 30_storyboard_omni_assets.sql #8
Ran migration: 30_storyboard_omni_assets.sql #9
Ran migration: 31_storyboard_sort_order.sql
Ran migration: 32_asset_favorites.sql
Ran migration: 33_auth_billing_admin.sql #1
Ran migration: 33_auth_billing_admin.sql #2
Ran migration: 33_auth_billing_admin.sql #3
Ran migration: 33_auth_billing_admin.sql #4
Ran migration: 33_auth_billing_admin.sql #5
Ran migration: 33_auth_billing_admin.sql #6
Ran migration: 33_auth_billing_admin.sql #7
Ran migration: 33_auth_billing_admin.sql #8
Ran migration: 33_auth_billing_admin.sql #9
Ran migration: 33_auth_billing_admin.sql #10
Ran migration: 33_auth_billing_admin.sql #11
Ran migration: 33_auth_billing_admin.sql #12
Ran migration: 33_auth_billing_admin.sql #13
Ran migration: 33_auth_billing_admin.sql #14
Ran migration: 33_auth_billing_admin.sql #15
Ran migration: 33_auth_billing_admin.sql #16
Ran migration: 33_auth_billing_admin.sql #17
Ran migration: 33_auth_billing_admin.sql #18
Ran migration: 33_auth_billing_admin.sql #19
Ran migration: 33_auth_billing_admin.sql #20
Ran migration: 33_auth_billing_admin.sql #21
Ran migration: 34_workflow_ownership.sql #1
Ran migration: 34_workflow_ownership.sql #2
Ran migration: 34_workflow_ownership.sql #3
Ran migration: 34_workflow_ownership.sql #4
Ran migration: 34_workflow_ownership.sql #5
Ran migration: 34_workflow_ownership.sql #6
Ran migration: 34_workflow_ownership.sql #7
Ran migration: 35_runtime_auth_settings.sql
Ran migration: 36_volcengine_seedream_official_prices.sql #1
Ran migration: 36_volcengine_seedream_official_prices.sql #2
Ran migration: 36_volcengine_seedream_official_prices.sql #3
Ran migration: 37_points_ratio_and_volcengine_video_prices.sql #1
Ran migration: 37_points_ratio_and_volcengine_video_prices.sql #2
Ran migration: 37_points_ratio_and_volcengine_video_prices.sql #3
Ran migration: 37_points_ratio_and_volcengine_video_prices.sql #4
Ran migration: 37_points_ratio_and_volcengine_video_prices.sql #5
Ran migration: 37_points_ratio_and_volcengine_video_prices.sql #6
Ran migration: 37_points_ratio_and_volcengine_video_prices.sql #7
Ran migration: 37_points_ratio_and_volcengine_video_prices.sql #8
Ran migration: 38_seedance_video_rate_contexts.sql #1
Ran migration: 38_seedance_video_rate_contexts.sql #2
Ran migration: 39_billing_key_for_custom_providers.sql #1
Ran migration: 39_billing_key_for_custom_providers.sql #2
Ran migration: 40_volcengine_text_tts_official_prices.sql #1
Ran migration: 40_volcengine_text_tts_official_prices.sql #2
Ran migration: 40_volcengine_text_tts_official_prices.sql #3
Ran migration: 40_volcengine_text_tts_official_prices.sql #4
Ran migration: 40_volcengine_text_tts_official_prices.sql #5
Ran migration: 41_billing_reconciliation.sql #1
Ran migration: 41_billing_reconciliation.sql #2
Ran migration: 41_billing_reconciliation.sql #3
Ran migration: 42_volcengine_seed_2_lite_prices.sql #1
Ran migration: 42_volcengine_seed_2_lite_prices.sql #2
Ran migration: 43_video_usage_output_meter_and_snapshot.sql #1
Ran migration: 43_video_usage_output_meter_and_snapshot.sql #2
Ran migration: 43_video_usage_output_meter_and_snapshot.sql #3
Ran migration: 44_deduplicate_video_output_meters.sql #1
Ran migration: 44_deduplicate_video_output_meters.sql #2
Ran migration: 45_remove_legacy_model_permissions.sql
Ran migration: 46_seed_2_lite_context_tier.sql #1
Ran migration: 46_seed_2_lite_context_tier.sql #2
Ran migration: 46_seed_2_lite_context_tier.sql #3
Ran migration: 47_seedance_2_mini_price.sql #1
Ran migration: 47_seedance_2_mini_price.sql #2
Ran migration: 48_media_archive_records.sql #1
Ran migration: 48_media_archive_records.sql #2
Ran migration: 49_seedance_2_5_price.sql #1
Ran migration: 49_seedance_2_5_price.sql #2
Ran migration: 50_storyboard_generation_inheritance.sql #1
Ran migration: 50_storyboard_generation_inheritance.sql #2
Ran migration: 51_video_poster_path.sql
Ran migration: 52_asset_links_video_interpolation.sql #1
Ran migration: 52_asset_links_video_interpolation.sql #2
Ran migration: 52_asset_links_video_interpolation.sql #3
Ran migration: 52_asset_links_video_interpolation.sql #4
Ran migration: 52_asset_links_video_interpolation.sql #5
Ran migration: 52_asset_links_video_interpolation.sql #6
Ran migration: 52_asset_links_video_interpolation.sql #7
Ran migration: 52_asset_links_video_interpolation.sql #8
Ran migration: 52_asset_links_video_interpolation.sql #9
Ran migration: 52_asset_links_video_interpolation.sql #10
Ran migration: 52_asset_links_video_interpolation.sql #11
Ran migration: 52_asset_links_video_interpolation.sql #12
Ran migration: 52_asset_links_video_interpolation.sql #13
Ran migration: 52_asset_links_video_interpolation.sql #14
Ran migration: 52_asset_links_video_interpolation.sql #15
Ran migration: 52_asset_links_video_interpolation.sql #16
Ran migration: 52_asset_links_video_interpolation.sql #17
Ran migration: 53_video_upscale_and_billing_reaudit.sql #1
Ran migration: 53_video_upscale_and_billing_reaudit.sql #2
Ran migration: 53_video_upscale_and_billing_reaudit.sql #3
Ran migration: 53_video_upscale_and_billing_reaudit.sql #4
Ran migration: 53_video_upscale_and_billing_reaudit.sql #5
Ran migration: 53_video_upscale_and_billing_reaudit.sql #6
Ran migration: 53_video_upscale_and_billing_reaudit.sql #7
Ran migration: 53_video_upscale_and_billing_reaudit.sql #9
Ran migration: 53_video_upscale_and_billing_reaudit.sql #10
Ran migration: 54_storyboard_optional_video_postprocess.sql #1
Ran migration: 54_storyboard_optional_video_postprocess.sql #2
Ran migration: 54_storyboard_optional_video_postprocess.sql #3
Ran migration: 55_video_intermediate_cleanup_opt_in.sql
Ran migration: 56_fix_mediakit_postprocess_display_fallback_prices.sql #1
Ran migration: 56_fix_mediakit_postprocess_display_fallback_prices.sql #2
Ran migration: 57_mediakit_shared_connection_defaults.sql
Ran migration: 58_storyboard_active_video_version.sql
Ran migration: 59_operations_alert_settings.sql #1
Ran migration: 59_operations_alert_settings.sql #2
Ran migration: 60_operations_report_snapshots.sql
Ran migration: 61_tenant_billing_and_console_isolation.sql #1
Ran migration: 61_tenant_billing_and_console_isolation.sql #2
Ran migration: 61_tenant_billing_and_console_isolation.sql #3
Ran migration: 61_tenant_billing_and_console_isolation.sql #4
Ran migration: 61_tenant_billing_and_console_isolation.sql #5
Ran migration: 61_tenant_billing_and_console_isolation.sql #6
Ran migration: 61_tenant_billing_and_console_isolation.sql #7
Ran migration: 61_tenant_billing_and_console_isolation.sql #8
Ran migration: 61_tenant_billing_and_console_isolation.sql #9
Ran migration: 61_tenant_billing_and_console_isolation.sql #10
Ran migration: 61_tenant_billing_and_console_isolation.sql #11
Ran migration: 61_tenant_billing_and_console_isolation.sql #12
Ran migration: 61_tenant_billing_and_console_isolation.sql #13
Ran migration: 61_tenant_billing_and_console_isolation.sql #14
Ran migration: 61_tenant_billing_and_console_isolation.sql #15
Ran migration: 61_tenant_billing_and_console_isolation.sql #16
Ran migration: 62_migrate_existing_users_to_default_tenant.sql #1
Ran migration: 62_migrate_existing_users_to_default_tenant.sql #2
Ran migration: 62_migrate_existing_users_to_default_tenant.sql #3
Ran migration: 62_migrate_existing_users_to_default_tenant.sql #4
Ran migration: 62_migrate_existing_users_to_default_tenant.sql #5
Ran migration: 63_geeknow_gpt_image_2_price.sql #1
Ran migration: 63_geeknow_gpt_image_2_price.sql #2
Ran migration: 64_default_tenant_price_book_compatibility.sql
Ran migration: 65_tool_run_tenant_scope.sql #1
Ran migration: 65_tool_run_tenant_scope.sql #2
Ran migration: 66_tenant_config_defaults.sql #1
Ran migration: 66_tenant_config_defaults.sql #2
Ran migration: 66_tenant_config_defaults.sql #3
Ran migration: 66_tenant_config_defaults.sql #4
Ran migration: 66_tenant_config_defaults.sql #5
Ran migration: 67_tenant_owned_ai_configs.sql #1
Ran migration: 67_tenant_owned_ai_configs.sql #2
Ran migration: 68_preserve_legacy_default_tenant.sql #1
Ran migration: 68_preserve_legacy_default_tenant.sql #2
Skip migration (table not found, will be ensured later): 69_homepage_default_video_resources.sql - no such table: global_settings
Ran migration: 70_billing_project_usage_snapshots.sql #1
Ran migration: 70_billing_project_usage_snapshots.sql #2
Ran migration: 70_billing_project_usage_snapshots.sql #3
Ran migration: 70_billing_project_usage_snapshots.sql #4
Ran migration: 70_billing_project_usage_snapshots.sql #5
Ran migration: 70_billing_project_usage_snapshots.sql #6
Ran migration: 70_billing_project_usage_snapshots.sql #7
Ran migration: 70_billing_project_usage_snapshots.sql #8
Ran migration: 70_billing_project_usage_snapshots.sql #9
Ran migration: 70_billing_project_usage_snapshots.sql #10
Ran migration: 70_billing_project_usage_snapshots.sql #11
Ran migration: 70_billing_project_usage_snapshots.sql #12
Ran migration: 70_billing_project_usage_snapshots.sql #13
Ran migration: 70_billing_project_usage_snapshots.sql #14
Ran migration: 71_billable_project_context.sql #1
Ran migration: 71_billable_project_context.sql #2
Ran migration: 71_billable_project_context.sql #3
Ran migration: 71_billable_project_context.sql #4
Migrated billing ledger to micro-points: [33m10000[39m
ensureColumns: added storyboards.layout_description (TEXT)
ensureColumns: added storyboards.image_url (TEXT)
ensureColumns: added storyboards.local_path (TEXT)
ensureColumns: added storyboards.main_panel_idx (INTEGER)
ensureColumns: added storyboards.composed_image (TEXT)
ensureColumns: added storyboards.result (TEXT)
ensureColumns: added storyboards.emotion (TEXT)
ensureColumns: added storyboards.emotion_intensity (INTEGER)
ensureColumns: added storyboards.error_msg (TEXT)
ensureColumns: added storyboards.lighting_style (TEXT)
ensureColumns: added storyboards.depth_of_field (TEXT)
ensureColumns: added storyboards.polished_prompt (TEXT)
ensureColumns: added storyboards.continuity_snapshot (TEXT)
ensureColumns: added storyboards.audio_local_path (TEXT)
ensureColumns: added storyboards.narration_audio_local_path (TEXT)
ensureColumns: added storyboards.omni_prompt_document_json (TEXT)
ensureColumns: added storyboards.first_frame_image_id (INTEGER)
ensureColumns: added storyboards.last_frame_image_id (INTEGER)
ensureColumns: added storyboards.last_frame_image_url (TEXT)
ensureColumns: added storyboards.last_frame_local_path (TEXT)
ensureColumns: added characters.extra_images (TEXT)
ensureColumns: added characters.error_msg (TEXT)
ensureColumns: added characters.ref_image (TEXT)
ensureColumns: added characters.seedance2_voice_asset (TEXT)
ensureColumns: added scenes.polished_prompt (TEXT)
ensureColumns: added scenes.extra_images (TEXT)
ensureColumns: added scenes.ref_image (TEXT)
ensureColumns: added scenes.error_msg (TEXT)
ensureColumns: added props.extra_images (TEXT)
ensureColumns: added props.ref_image (TEXT)
ensureColumns: added props.error_msg (TEXT)
ensureColumns: added tenants.is_new_user_default (INTEGER DEFAULT 0)
ensureColumns: added image_generations.episode_id (INTEGER)
ensureColumns: added image_generations.use_first_frame_layout_lock (INTEGER)
ensureColumns: added image_generations.width (INTEGER)
ensureColumns: added image_generations.height (INTEGER)
ensureColumns: added video_generations.resolution (TEXT)
ensureColumns: added video_generations.seed (INTEGER)
ensureColumns: added video_generations.camera_fixed (INTEGER)
ensureColumns: added video_generations.watermark (INTEGER)
ensureColumns: added video_generations.provider_task_id (TEXT)
ensureColumns: added video_generations.archive_status (TEXT)
ensureColumns: added video_generations.archive_error (TEXT)
ensureColumns: added video_generations.archive_attempts (INTEGER NOT NULL DEFAULT 0)
ensureColumns: added video_generations.archived_at (TEXT)
ensureColumns: added video_merges.merge_options (TEXT)
ensureColumns: added video_merges.merged_url (TEXT)
ensureColumns: added video_merges.duration (INTEGER)
ensureColumns: added video_merges.completed_at (TEXT)
ensureColumns: added video_merges.error_msg (TEXT)
ensureColumns: added assets.reference_alias (TEXT)
ensureColumns: added assets.archived_at (TEXT)
ensureColumns: added omni_video_jobs.storyboard_id (INTEGER)
Ran migration: 01_init.sql #1
Ran migration: 01_init.sql #2
Ran migration: 01_init.sql #3
Ran migration: 01_init.sql #4
Ran migration: 01_init.sql #5
Ran migration: 01_init.sql #6
Ran migration: 01_init.sql #7
Ran migration: 01_init.sql #8
Ran migration: 01_init.sql #9
Ran migration: 01_init.sql #10
Ran migration: 01_init.sql #11
Ran migration: 01_init.sql #12
Ran migration: 01_init.sql #13
Ran migration: 01_init.sql #14
Ran migration: 01_init.sql #15
Ran migration: 01_init.sql #16
Ran migration: 01_init.sql #17
Ran migration: 01_init.sql #18
Skip (already exists): 02_add_default_model.sql
Ran migration: 03_add_props_episode_id.sql
Skip (already exists): 04_async_tasks_columns.sql #1
Skip (already exists): 04_async_tasks_columns.sql #2
Skip (already exists): 04_async_tasks_columns.sql #3
Skip (already exists): 05_add_image_generations_completed_at.sql #1
Skip (already exists): 05_add_image_generations_completed_at.sql #2
Skip (already exists): 06_add_characters_local_path.sql
Skip (already exists): 07_add_scenes_image_columns.sql #1
Skip (already exists): 07_add_scenes_image_columns.sql #2
Skip (already exists): 08_add_video_generations_completed_at.sql #1
Skip (already exists): 08_add_video_generations_completed_at.sql #2
Ran migration: 09_scene_prop_libraries.sql #1
Ran migration: 09_scene_prop_libraries.sql #2
Ran migration: 10_prompt_overrides.sql
Ran migration: 11_add_api_protocol.sql
Ran migration: 12_image_proxy_cache.sql
Ran migration: 13_character_identity_anchors.sql #1
Ran migration: 13_character_identity_anchors.sql #2
Ran migration: 13_character_identity_anchors.sql #3
Ran migration: 13_character_identity_anchors.sql #4
Ran migration: 13_character_identity_anchors.sql #5
Ran migration: 13_character_identity_anchors.sql #6
Ran migration: 13_character_identity_anchors.sql #7
Ran migration: 13_character_identity_anchors.sql #8
Ran migration: 13_character_identity_anchors.sql #9
Ran migration: 14_storyboard_segments_and_model_map.sql #1
Ran migration: 14_storyboard_segments_and_model_map.sql #2
Ran migration: 14_storyboard_segments_and_model_map.sql #3
Ran migration: 15_storyboard_angle_structured.sql #1
Ran migration: 15_storyboard_angle_structured.sql #2
Ran migration: 15_storyboard_angle_structured.sql #3
Ran migration: 16_character_polished_prompt.sql
Ran migration: 17_character_stages.sql
Ran migration: 18_storyboard_narration.sql
Ran migration: 19_storyboard_universal_mode.sql #1
Ran migration: 19_storyboard_universal_mode.sql #2
Ran migration: 20_character_seedance2_asset.sql
Ran migration: 21_asset_negative_prompt.sql #1
Ran migration: 21_asset_negative_prompt.sql #2
Ran migration: 21_asset_negative_prompt.sql #3
Skip (already exists): 22_library_source_id.sql #1
Skip (already exists): 22_library_source_id.sql #2
Skip (already exists): 22_library_source_id.sql #3
Skip (already exists): 22_library_source_id.sql #4
Skip (already exists): 22_library_source_id.sql #5
Skip (already exists): 22_library_source_id.sql #6
Ran migration: 22_library_source_id.sql #7
Ran migration: 22_library_source_id.sql #8
Ran migration: 22_library_source_id.sql #9
Ran migration: 23_omni_video_workbench.sql #1
Ran migration: 23_omni_video_workbench.sql #2
Ran migration: 23_omni_video_workbench.sql #3
Ran migration: 23_omni_video_workbench.sql #4
Ran migration: 23_omni_video_workbench.sql #5
Ran migration: 23_omni_video_workbench.sql #6
Ran migration: 23_omni_video_workbench.sql #7
Ran migration: 23_omni_video_workbench.sql #8
Ran migration: 23_omni_video_workbench.sql #9
Ran migration: 23_omni_video_workbench.sql #10
Ran migration: 23_omni_video_workbench.sql #11
Ran migration: 23_omni_video_workbench.sql #12
Ran migration: 24_asset_seedance2_certification.sql
Ran migration: 25_omni_sequences.sql #1
Ran migration: 25_omni_sequences.sql #2
Ran migration: 25_omni_sequences.sql #3
Ran migration: 25_omni_sequences.sql #4
Ran migration: 25_omni_sequences.sql #5
Ran migration: 26_omni_workbench_improvements.sql #1
Ran migration: 26_omni_workbench_improvements.sql #2
Ran migration: 27_ai_toolbox.sql #1
Ran migration: 27_ai_toolbox.sql #2
Ran migration: 27_ai_toolbox.sql #3
Ran migration: 27_ai_toolbox.sql #4
Ran migration: 27_ai_toolbox.sql #5
Ran migration: 27_ai_toolbox.sql #6
Ran migration: 27_ai_toolbox.sql #7
Ran migration: 28_storyboard_generation_settings.sql #1
Ran migration: 28_storyboard_generation_settings.sql #2
Ran migration: 28_storyboard_generation_settings.sql #3
Ran migration: 28_storyboard_generation_settings.sql #4
Ran migration: 29_resource_seedance2_asset.sql #1
Ran migration: 29_resource_seedance2_asset.sql #2
Ran migration: 30_storyboard_omni_assets.sql #1
Ran migration: 30_storyboard_omni_assets.sql #2
Ran migration: 30_storyboard_omni_assets.sql #3
Ran migration: 30_storyboard_omni_assets.sql #4
Ran migration: 30_storyboard_omni_assets.sql #5
Ran migration: 30_storyboard_omni_assets.sql #6
Ran migration: 30_storyboard_omni_assets.sql #7
Ran migration: 30_storyboard_omni_assets.sql #8
Ran migration: 30_storyboard_omni_assets.sql #9
Ran migration: 31_storyboard_sort_order.sql
Ran migration: 32_asset_favorites.sql
Ran migration: 33_auth_billing_admin.sql #1
Ran migration: 33_auth_billing_admin.sql #2
Ran migration: 33_auth_billing_admin.sql #3
Ran migration: 33_auth_billing_admin.sql #4
Ran migration: 33_auth_billing_admin.sql #5
Ran migration: 33_auth_billing_admin.sql #6
Ran migration: 33_auth_billing_admin.sql #7
Ran migration: 33_auth_billing_admin.sql #8
Ran migration: 33_auth_billing_admin.sql #9
Ran migration: 33_auth_billing_admin.sql #10
Ran migration: 33_auth_billing_admin.sql #11
Ran migration: 33_auth_billing_admin.sql #12
Ran migration: 33_auth_billing_admin.sql #13
Ran migration: 33_auth_billing_admin.sql #14
Ran migration: 33_auth_billing_admin.sql #15
Ran migration: 33_auth_billing_admin.sql #16
Ran migration: 33_auth_billing_admin.sql #17
Ran migration: 33_auth_billing_admin.sql #18
Ran migration: 33_auth_billing_admin.sql #19
Ran migration: 33_auth_billing_admin.sql #20
Ran migration: 33_auth_billing_admin.sql #21
Ran migration: 34_workflow_ownership.sql #1
Ran migration: 34_workflow_ownership.sql #2
Ran migration: 34_workflow_ownership.sql #3
Ran migration: 34_workflow_ownership.sql #4
Ran migration: 34_workflow_ownership.sql #5
Ran migration: 34_workflow_ownership.sql #6
Ran migration: 34_workflow_ownership.sql #7
Ran migration: 35_runtime_auth_settings.sql
Ran migration: 36_volcengine_seedream_official_prices.sql #1
Ran migration: 36_volcengine_seedream_official_prices.sql #2
Ran migration: 36_volcengine_seedream_official_prices.sql #3
Ran migration: 37_points_ratio_and_volcengine_video_prices.sql #1
Ran migration: 37_points_ratio_and_volcengine_video_prices.sql #2
Ran migration: 37_points_ratio_and_volcengine_video_prices.sql #3
Ran migration: 37_points_ratio_and_volcengine_video_prices.sql #4
Ran migration: 37_points_ratio_and_volcengine_video_prices.sql #5
Ran migration: 37_points_ratio_and_volcengine_video_prices.sql #6
Ran migration: 37_points_ratio_and_volcengine_video_prices.sql #7
Ran migration: 37_points_ratio_and_volcengine_video_prices.sql #8
Ran migration: 38_seedance_video_rate_contexts.sql #1
Ran migration: 38_seedance_video_rate_contexts.sql #2
Ran migration: 39_billing_key_for_custom_providers.sql #1
Ran migration: 39_billing_key_for_custom_providers.sql #2
Ran migration: 40_volcengine_text_tts_official_prices.sql #1
Ran migration: 40_volcengine_text_tts_official_prices.sql #2
Ran migration: 40_volcengine_text_tts_official_prices.sql #3
Ran migration: 40_volcengine_text_tts_official_prices.sql #4
Ran migration: 40_volcengine_text_tts_official_prices.sql #5
Ran migration: 41_billing_reconciliation.sql #1
Ran migration: 41_billing_reconciliation.sql #2
Ran migration: 41_billing_reconciliation.sql #3
Ran migration: 42_volcengine_seed_2_lite_prices.sql #1
Ran migration: 42_volcengine_seed_2_lite_prices.sql #2
Ran migration: 43_video_usage_output_meter_and_snapshot.sql #1
Ran migration: 43_video_usage_output_meter_and_snapshot.sql #2
Ran migration: 43_video_usage_output_meter_and_snapshot.sql #3
Ran migration: 44_deduplicate_video_output_meters.sql #1
Ran migration: 44_deduplicate_video_output_meters.sql #2
Ran migration: 45_remove_legacy_model_permissions.sql
Ran migration: 46_seed_2_lite_context_tier.sql #1
Ran migration: 46_seed_2_lite_context_tier.sql #2
Ran migration: 46_seed_2_lite_context_tier.sql #3
Ran migration: 47_seedance_2_mini_price.sql #1
Ran migration: 47_seedance_2_mini_price.sql #2
Ran migration: 48_media_archive_records.sql #1
Ran migration: 48_media_archive_records.sql #2
Ran migration: 49_seedance_2_5_price.sql #1
Ran migration: 49_seedance_2_5_price.sql #2
Ran migration: 50_storyboard_generation_inheritance.sql #1
Ran migration: 50_storyboard_generation_inheritance.sql #2
Ran migration: 51_video_poster_path.sql
Ran migration: 52_asset_links_video_interpolation.sql #1
Ran migration: 52_asset_links_video_interpolation.sql #2
Ran migration: 52_asset_links_video_interpolation.sql #3
Ran migration: 52_asset_links_video_interpolation.sql #4
Ran migration: 52_asset_links_video_interpolation.sql #5
Ran migration: 52_asset_links_video_interpolation.sql #6
Ran migration: 52_asset_links_video_interpolation.sql #7
Ran migration: 52_asset_links_video_interpolation.sql #8
Ran migration: 52_asset_links_video_interpolation.sql #9
Ran migration: 52_asset_links_video_interpolation.sql #10
Ran migration: 52_asset_links_video_interpolation.sql #11
Ran migration: 52_asset_links_video_interpolation.sql #12
Ran migration: 52_asset_links_video_interpolation.sql #13
Ran migration: 52_asset_links_video_interpolation.sql #14
Ran migration: 52_asset_links_video_interpolation.sql #15
Ran migration: 52_asset_links_video_interpolation.sql #16
Ran migration: 52_asset_links_video_interpolation.sql #17
Ran migration: 53_video_upscale_and_billing_reaudit.sql #1
Ran migration: 53_video_upscale_and_billing_reaudit.sql #2
Ran migration: 53_video_upscale_and_billing_reaudit.sql #3
Ran migration: 53_video_upscale_and_billing_reaudit.sql #4
Ran migration: 53_video_upscale_and_billing_reaudit.sql #5
Ran migration: 53_video_upscale_and_billing_reaudit.sql #6
Ran migration: 53_video_upscale_and_billing_reaudit.sql #7
Ran migration: 53_video_upscale_and_billing_reaudit.sql #9
Ran migration: 53_video_upscale_and_billing_reaudit.sql #10
Ran migration: 54_storyboard_optional_video_postprocess.sql #1
Ran migration: 54_storyboard_optional_video_postprocess.sql #2
Ran migration: 54_storyboard_optional_video_postprocess.sql #3
Ran migration: 55_video_intermediate_cleanup_opt_in.sql
Ran migration: 56_fix_mediakit_postprocess_display_fallback_prices.sql #1
Ran migration: 56_fix_mediakit_postprocess_display_fallback_prices.sql #2
Ran migration: 57_mediakit_shared_connection_defaults.sql
Ran migration: 58_storyboard_active_video_version.sql
Ran migration: 59_operations_alert_settings.sql #1
Ran migration: 59_operations_alert_settings.sql #2
Ran migration: 60_operations_report_snapshots.sql
Ran migration: 61_tenant_billing_and_console_isolation.sql #1
Ran migration: 61_tenant_billing_and_console_isolation.sql #2
Ran migration: 61_tenant_billing_and_console_isolation.sql #3
Ran migration: 61_tenant_billing_and_console_isolation.sql #4
Ran migration: 61_tenant_billing_and_console_isolation.sql #5
Ran migration: 61_tenant_billing_and_console_isolation.sql #6
Ran migration: 61_tenant_billing_and_console_isolation.sql #7
Ran migration: 61_tenant_billing_and_console_isolation.sql #8
Ran migration: 61_tenant_billing_and_console_isolation.sql #9
Ran migration: 61_tenant_billing_and_console_isolation.sql #10
Ran migration: 61_tenant_billing_and_console_isolation.sql #11
Ran migration: 61_tenant_billing_and_console_isolation.sql #12
Ran migration: 61_tenant_billing_and_console_isolation.sql #13
Ran migration: 61_tenant_billing_and_console_isolation.sql #14
Ran migration: 61_tenant_billing_and_console_isolation.sql #15
Ran migration: 61_tenant_billing_and_console_isolation.sql #16
Ran migration: 62_migrate_existing_users_to_default_tenant.sql #1
Ran migration: 62_migrate_existing_users_to_default_tenant.sql #2
Ran migration: 62_migrate_existing_users_to_default_tenant.sql #3
Ran migration: 62_migrate_existing_users_to_default_tenant.sql #4
Ran migration: 62_migrate_existing_users_to_default_tenant.sql #5
Ran migration: 63_geeknow_gpt_image_2_price.sql #1
Ran migration: 63_geeknow_gpt_image_2_price.sql #2
Ran migration: 64_default_tenant_price_book_compatibility.sql
Ran migration: 65_tool_run_tenant_scope.sql #1
Ran migration: 65_tool_run_tenant_scope.sql #2
Ran migration: 66_tenant_config_defaults.sql #1
Ran migration: 66_tenant_config_defaults.sql #2
Ran migration: 66_tenant_config_defaults.sql #3
Ran migration: 66_tenant_config_defaults.sql #4
Ran migration: 66_tenant_config_defaults.sql #5
Ran migration: 67_tenant_owned_ai_configs.sql #1
Ran migration: 67_tenant_owned_ai_configs.sql #2
Ran migration: 68_preserve_legacy_default_tenant.sql #1
Ran migration: 68_preserve_legacy_default_tenant.sql #2
Skip migration (table not found, will be ensured later): 69_homepage_default_video_resources.sql - no such table: global_settings
Ran migration: 70_billing_project_usage_snapshots.sql #1
Ran migration: 70_billing_project_usage_snapshots.sql #2
Ran migration: 70_billing_project_usage_snapshots.sql #3
Ran migration: 70_billing_project_usage_snapshots.sql #4
Ran migration: 70_billing_project_usage_snapshots.sql #5
Ran migration: 70_billing_project_usage_snapshots.sql #6
Ran migration: 70_billing_project_usage_snapshots.sql #7
Ran migration: 70_billing_project_usage_snapshots.sql #8
Ran migration: 70_billing_project_usage_snapshots.sql #9
Ran migration: 70_billing_project_usage_snapshots.sql #10
Ran migration: 70_billing_project_usage_snapshots.sql #11
Ran migration: 70_billing_project_usage_snapshots.sql #12
Ran migration: 70_billing_project_usage_snapshots.sql #13
Ran migration: 70_billing_project_usage_snapshots.sql #14
Ran migration: 71_billable_project_context.sql #1
Ran migration: 71_billable_project_context.sql #2
Ran migration: 71_billable_project_context.sql #3
Ran migration: 71_billable_project_context.sql #4
Migrated billing ledger to micro-points: [33m10000[39m
ensureColumns: added storyboards.layout_description (TEXT)
ensureColumns: added storyboards.image_url (TEXT)
ensureColumns: added storyboards.local_path (TEXT)
ensureColumns: added storyboards.main_panel_idx (INTEGER)
ensureColumns: added storyboards.composed_image (TEXT)
ensureColumns: added storyboards.result (TEXT)
ensureColumns: added storyboards.emotion (TEXT)
ensureColumns: added storyboards.emotion_intensity (INTEGER)
ensureColumns: added storyboards.error_msg (TEXT)
ensureColumns: added storyboards.lighting_style (TEXT)
ensureColumns: added storyboards.depth_of_field (TEXT)
ensureColumns: added storyboards.polished_prompt (TEXT)
ensureColumns: added storyboards.continuity_snapshot (TEXT)
ensureColumns: added storyboards.audio_local_path (TEXT)
ensureColumns: added storyboards.narration_audio_local_path (TEXT)
ensureColumns: added storyboards.omni_prompt_document_json (TEXT)
ensureColumns: added storyboards.first_frame_image_id (INTEGER)
ensureColumns: added storyboards.last_frame_image_id (INTEGER)
ensureColumns: added storyboards.last_frame_image_url (TEXT)
ensureColumns: added storyboards.last_frame_local_path (TEXT)
ensureColumns: added characters.extra_images (TEXT)
ensureColumns: added characters.error_msg (TEXT)
ensureColumns: added characters.ref_image (TEXT)
ensureColumns: added characters.seedance2_voice_asset (TEXT)
ensureColumns: added scenes.polished_prompt (TEXT)
ensureColumns: added scenes.extra_images (TEXT)
ensureColumns: added scenes.ref_image (TEXT)
ensureColumns: added scenes.error_msg (TEXT)
ensureColumns: added props.extra_images (TEXT)
ensureColumns: added props.ref_image (TEXT)
ensureColumns: added props.error_msg (TEXT)
ensureColumns: added tenants.is_new_user_default (INTEGER DEFAULT 0)
ensureColumns: added image_generations.episode_id (INTEGER)
ensureColumns: added image_generations.use_first_frame_layout_lock (INTEGER)
ensureColumns: added image_generations.width (INTEGER)
ensureColumns: added image_generations.height (INTEGER)
ensureColumns: added video_generations.resolution (TEXT)
ensureColumns: added video_generations.seed (INTEGER)
ensureColumns: added video_generations.camera_fixed (INTEGER)
ensureColumns: added video_generations.watermark (INTEGER)
ensureColumns: added video_generations.provider_task_id (TEXT)
ensureColumns: added video_generations.archive_status (TEXT)
ensureColumns: added video_generations.archive_error (TEXT)
ensureColumns: added video_generations.archive_attempts (INTEGER NOT NULL DEFAULT 0)
ensureColumns: added video_generations.archived_at (TEXT)
ensureColumns: added video_merges.merge_options (TEXT)
ensureColumns: added video_merges.merged_url (TEXT)
ensureColumns: added video_merges.duration (INTEGER)
ensureColumns: added video_merges.completed_at (TEXT)
ensureColumns: added video_merges.error_msg (TEXT)
ensureColumns: added assets.reference_alias (TEXT)
ensureColumns: added assets.archived_at (TEXT)
ensureColumns: added omni_video_jobs.storyboard_id (INTEGER)
Ran migration: 01_init.sql #1
Ran migration: 01_init.sql #2
Ran migration: 01_init.sql #3
Ran migration: 01_init.sql #4
Ran migration: 01_init.sql #5
Ran migration: 01_init.sql #6
Ran migration: 01_init.sql #7
Ran migration: 01_init.sql #8
Ran migration: 01_init.sql #9
Ran migration: 01_init.sql #10
Ran migration: 01_init.sql #11
Ran migration: 01_init.sql #12
Ran migration: 01_init.sql #13
Ran migration: 01_init.sql #14
Ran migration: 01_init.sql #15
Ran migration: 01_init.sql #16
Ran migration: 01_init.sql #17
Ran migration: 01_init.sql #18
Skip (already exists): 02_add_default_model.sql
Ran migration: 03_add_props_episode_id.sql
Skip (already exists): 04_async_tasks_columns.sql #1
Skip (already exists): 04_async_tasks_columns.sql #2
Skip (already exists): 04_async_tasks_columns.sql #3
Skip (already exists): 05_add_image_generations_completed_at.sql #1
Skip (already exists): 05_add_image_generations_completed_at.sql #2
Skip (already exists): 06_add_characters_local_path.sql
Skip (already exists): 07_add_scenes_image_columns.sql #1
Skip (already exists): 07_add_scenes_image_columns.sql #2
Skip (already exists): 08_add_video_generations_completed_at.sql #1
Skip (already exists): 08_add_video_generations_completed_at.sql #2
Ran migration: 09_scene_prop_libraries.sql #1
Ran migration: 09_scene_prop_libraries.sql #2
Ran migration: 10_prompt_overrides.sql
Ran migration: 11_add_api_protocol.sql
Ran migration: 12_image_proxy_cache.sql
Ran migration: 13_character_identity_anchors.sql #1
Ran migration: 13_character_identity_anchors.sql #2
Ran migration: 13_character_identity_anchors.sql #3
Ran migration: 13_character_identity_anchors.sql #4
Ran migration: 13_character_identity_anchors.sql #5
Ran migration: 13_character_identity_anchors.sql #6
Ran migration: 13_character_identity_anchors.sql #7
Ran migration: 13_character_identity_anchors.sql #8
Ran migration: 13_character_identity_anchors.sql #9
Ran migration: 14_storyboard_segments_and_model_map.sql #1
Ran migration: 14_storyboard_segments_and_model_map.sql #2
Ran migration: 14_storyboard_segments_and_model_map.sql #3
Ran migration: 15_storyboard_angle_structured.sql #1
Ran migration: 15_storyboard_angle_structured.sql #2
Ran migration: 15_storyboard_angle_structured.sql #3
Ran migration: 16_character_polished_prompt.sql
Ran migration: 17_character_stages.sql
Ran migration: 18_storyboard_narration.sql
Ran migration: 19_storyboard_universal_mode.sql #1
Ran migration: 19_storyboard_universal_mode.sql #2
Ran migration: 20_character_seedance2_asset.sql
Ran migration: 21_asset_negative_prompt.sql #1
Ran migration: 21_asset_negative_prompt.sql #2
Ran migration: 21_asset_negative_prompt.sql #3
Skip (already exists): 22_library_source_id.sql #1
Skip (already exists): 22_library_source_id.sql #2
Skip (already exists): 22_library_source_id.sql #3
Skip (already exists): 22_library_source_id.sql #4
Skip (already exists): 22_library_source_id.sql #5
Skip (already exists): 22_library_source_id.sql #6
Ran migration: 22_library_source_id.sql #7
Ran migration: 22_library_source_id.sql #8
Ran migration: 22_library_source_id.sql #9
Ran migration: 23_omni_video_workbench.sql #1
Ran migration: 23_omni_video_workbench.sql #2
Ran migration: 23_omni_video_workbench.sql #3
Ran migration: 23_omni_video_workbench.sql #4
Ran migration: 23_omni_video_workbench.sql #5
Ran migration: 23_omni_video_workbench.sql #6
Ran migration: 23_omni_video_workbench.sql #7
Ran migration: 23_omni_video_workbench.sql #8
Ran migration: 23_omni_video_workbench.sql #9
Ran migration: 23_omni_video_workbench.sql #10
Ran migration: 23_omni_video_workbench.sql #11
Ran migration: 23_omni_video_workbench.sql #12
Ran migration: 24_asset_seedance2_certification.sql
Ran migration: 25_omni_sequences.sql #1
Ran migration: 25_omni_sequences.sql #2
Ran migration: 25_omni_sequences.sql #3
Ran migration: 25_omni_sequences.sql #4
Ran migration: 25_omni_sequences.sql #5
Ran migration: 26_omni_workbench_improvements.sql #1
Ran migration: 26_omni_workbench_improvements.sql #2
Ran migration: 27_ai_toolbox.sql #1
Ran migration: 27_ai_toolbox.sql #2
Ran migration: 27_ai_toolbox.sql #3
Ran migration: 27_ai_toolbox.sql #4
Ran migration: 27_ai_toolbox.sql #5
Ran migration: 27_ai_toolbox.sql #6
Ran migration: 27_ai_toolbox.sql #7
Ran migration: 28_storyboard_generation_settings.sql #1
Ran migration: 28_storyboard_generation_settings.sql #2
Ran migration: 28_storyboard_generation_settings.sql #3
Ran migration: 28_storyboard_generation_settings.sql #4
Ran migration: 29_resource_seedance2_asset.sql #1
Ran migration: 29_resource_seedance2_asset.sql #2
Ran migration: 30_storyboard_omni_assets.sql #1
Ran migration: 30_storyboard_omni_assets.sql #2
Ran migration: 30_storyboard_omni_assets.sql #3
Ran migration: 30_storyboard_omni_assets.sql #4
Ran migration: 30_storyboard_omni_assets.sql #5
Ran migration: 30_storyboard_omni_assets.sql #6
Ran migration: 30_storyboard_omni_assets.sql #7
Ran migration: 30_storyboard_omni_assets.sql #8
Ran migration: 30_storyboard_omni_assets.sql #9
Ran migration: 31_storyboard_sort_order.sql
Ran migration: 32_asset_favorites.sql
Ran migration: 33_auth_billing_admin.sql #1
Ran migration: 33_auth_billing_admin.sql #2
Ran migration: 33_auth_billing_admin.sql #3
Ran migration: 33_auth_billing_admin.sql #4
Ran migration: 33_auth_billing_admin.sql #5
Ran migration: 33_auth_billing_admin.sql #6
Ran migration: 33_auth_billing_admin.sql #7
Ran migration: 33_auth_billing_admin.sql #8
Ran migration: 33_auth_billing_admin.sql #9
Ran migration: 33_auth_billing_admin.sql #10
Ran migration: 33_auth_billing_admin.sql #11
Ran migration: 33_auth_billing_admin.sql #12
Ran migration: 33_auth_billing_admin.sql #13
Ran migration: 33_auth_billing_admin.sql #14
Ran migration: 33_auth_billing_admin.sql #15
Ran migration: 33_auth_billing_admin.sql #16
Ran migration: 33_auth_billing_admin.sql #17
Ran migration: 33_auth_billing_admin.sql #18
Ran migration: 33_auth_billing_admin.sql #19
Ran migration: 33_auth_billing_admin.sql #20
Ran migration: 33_auth_billing_admin.sql #21
Ran migration: 34_workflow_ownership.sql #1
Ran migration: 34_workflow_ownership.sql #2
Ran migration: 34_workflow_ownership.sql #3
Ran migration: 34_workflow_ownership.sql #4
Ran migration: 34_workflow_ownership.sql #5
Ran migration: 34_workflow_ownership.sql #6
Ran migration: 34_workflow_ownership.sql #7
Ran migration: 35_runtime_auth_settings.sql
Ran migration: 36_volcengine_seedream_official_prices.sql #1
Ran migration: 36_volcengine_seedream_official_prices.sql #2
Ran migration: 36_volcengine_seedream_official_prices.sql #3
Ran migration: 37_points_ratio_and_volcengine_video_prices.sql #1
Ran migration: 37_points_ratio_and_volcengine_video_prices.sql #2
Ran migration: 37_points_ratio_and_volcengine_video_prices.sql #3
Ran migration: 37_points_ratio_and_volcengine_video_prices.sql #4
Ran migration: 37_points_ratio_and_volcengine_video_prices.sql #5
Ran migration: 37_points_ratio_and_volcengine_video_prices.sql #6
Ran migration: 37_points_ratio_and_volcengine_video_prices.sql #7
Ran migration: 37_points_ratio_and_volcengine_video_prices.sql #8
Ran migration: 38_seedance_video_rate_contexts.sql #1
Ran migration: 38_seedance_video_rate_contexts.sql #2
Ran migration: 39_billing_key_for_custom_providers.sql #1
Ran migration: 39_billing_key_for_custom_providers.sql #2
Ran migration: 40_volcengine_text_tts_official_prices.sql #1
Ran migration: 40_volcengine_text_tts_official_prices.sql #2
Ran migration: 40_volcengine_text_tts_official_prices.sql #3
Ran migration: 40_volcengine_text_tts_official_prices.sql #4
Ran migration: 40_volcengine_text_tts_official_prices.sql #5
Ran migration: 41_billing_reconciliation.sql #1
Ran migration: 41_billing_reconciliation.sql #2
Ran migration: 41_billing_reconciliation.sql #3
Ran migration: 42_volcengine_seed_2_lite_prices.sql #1
Ran migration: 42_volcengine_seed_2_lite_prices.sql #2
Ran migration: 43_video_usage_output_meter_and_snapshot.sql #1
Ran migration: 43_video_usage_output_meter_and_snapshot.sql #2
Ran migration: 43_video_usage_output_meter_and_snapshot.sql #3
Ran migration: 44_deduplicate_video_output_meters.sql #1
Ran migration: 44_deduplicate_video_output_meters.sql #2
Ran migration: 45_remove_legacy_model_permissions.sql
Ran migration: 46_seed_2_lite_context_tier.sql #1
Ran migration: 46_seed_2_lite_context_tier.sql #2
Ran migration: 46_seed_2_lite_context_tier.sql #3
Ran migration: 47_seedance_2_mini_price.sql #1
Ran migration: 47_seedance_2_mini_price.sql #2
Ran migration: 48_media_archive_records.sql #1
Ran migration: 48_media_archive_records.sql #2
Ran migration: 49_seedance_2_5_price.sql #1
Ran migration: 49_seedance_2_5_price.sql #2
Ran migration: 50_storyboard_generation_inheritance.sql #1
Ran migration: 50_storyboard_generation_inheritance.sql #2
Ran migration: 51_video_poster_path.sql
Ran migration: 52_asset_links_video_interpolation.sql #1
Ran migration: 52_asset_links_video_interpolation.sql #2
Ran migration: 52_asset_links_video_interpolation.sql #3
Ran migration: 52_asset_links_video_interpolation.sql #4
Ran migration: 52_asset_links_video_interpolation.sql #5
Ran migration: 52_asset_links_video_interpolation.sql #6
Ran migration: 52_asset_links_video_interpolation.sql #7
Ran migration: 52_asset_links_video_interpolation.sql #8
Ran migration: 52_asset_links_video_interpolation.sql #9
Ran migration: 52_asset_links_video_interpolation.sql #10
Ran migration: 52_asset_links_video_interpolation.sql #11
Ran migration: 52_asset_links_video_interpolation.sql #12
Ran migration: 52_asset_links_video_interpolation.sql #13
Ran migration: 52_asset_links_video_interpolation.sql #14
Ran migration: 52_asset_links_video_interpolation.sql #15
Ran migration: 52_asset_links_video_interpolation.sql #16
Ran migration: 52_asset_links_video_interpolation.sql #17
Ran migration: 53_video_upscale_and_billing_reaudit.sql #1
Ran migration: 53_video_upscale_and_billing_reaudit.sql #2
Ran migration: 53_video_upscale_and_billing_reaudit.sql #3
Ran migration: 53_video_upscale_and_billing_reaudit.sql #4
Ran migration: 53_video_upscale_and_billing_reaudit.sql #5
Ran migration: 53_video_upscale_and_billing_reaudit.sql #6
Ran migration: 53_video_upscale_and_billing_reaudit.sql #7
Ran migration: 53_video_upscale_and_billing_reaudit.sql #9
Ran migration: 53_video_upscale_and_billing_reaudit.sql #10
Ran migration: 54_storyboard_optional_video_postprocess.sql #1
Ran migration: 54_storyboard_optional_video_postprocess.sql #2
Ran migration: 54_storyboard_optional_video_postprocess.sql #3
Ran migration: 55_video_intermediate_cleanup_opt_in.sql
Ran migration: 56_fix_mediakit_postprocess_display_fallback_prices.sql #1
Ran migration: 56_fix_mediakit_postprocess_display_fallback_prices.sql #2
Ran migration: 57_mediakit_shared_connection_defaults.sql
Ran migration: 58_storyboard_active_video_version.sql
Ran migration: 59_operations_alert_settings.sql #1
Ran migration: 59_operations_alert_settings.sql #2
Ran migration: 60_operations_report_snapshots.sql
Ran migration: 61_tenant_billing_and_console_isolation.sql #1
Ran migration: 61_tenant_billing_and_console_isolation.sql #2
Ran migration: 61_tenant_billing_and_console_isolation.sql #3
Ran migration: 61_tenant_billing_and_console_isolation.sql #4
Ran migration: 61_tenant_billing_and_console_isolation.sql #5
Ran migration: 61_tenant_billing_and_console_isolation.sql #6
Ran migration: 61_tenant_billing_and_console_isolation.sql #7
Ran migration: 61_tenant_billing_and_console_isolation.sql #8
Ran migration: 61_tenant_billing_and_console_isolation.sql #9
Ran migration: 61_tenant_billing_and_console_isolation.sql #10
Ran migration: 61_tenant_billing_and_console_isolation.sql #11
Ran migration: 61_tenant_billing_and_console_isolation.sql #12
Ran migration: 61_tenant_billing_and_console_isolation.sql #13
Ran migration: 61_tenant_billing_and_console_isolation.sql #14
Ran migration: 61_tenant_billing_and_console_isolation.sql #15
Ran migration: 61_tenant_billing_and_console_isolation.sql #16
Ran migration: 62_migrate_existing_users_to_default_tenant.sql #1
Ran migration: 62_migrate_existing_users_to_default_tenant.sql #2
Ran migration: 62_migrate_existing_users_to_default_tenant.sql #3
Ran migration: 62_migrate_existing_users_to_default_tenant.sql #4
Ran migration: 62_migrate_existing_users_to_default_tenant.sql #5
Ran migration: 63_geeknow_gpt_image_2_price.sql #1
Ran migration: 63_geeknow_gpt_image_2_price.sql #2
Ran migration: 64_default_tenant_price_book_compatibility.sql
Ran migration: 65_tool_run_tenant_scope.sql #1
Ran migration: 65_tool_run_tenant_scope.sql #2
Ran migration: 66_tenant_config_defaults.sql #1
Ran migration: 66_tenant_config_defaults.sql #2
Ran migration: 66_tenant_config_defaults.sql #3
Ran migration: 66_tenant_config_defaults.sql #4
Ran migration: 66_tenant_config_defaults.sql #5
Ran migration: 67_tenant_owned_ai_configs.sql #1
Ran migration: 67_tenant_owned_ai_configs.sql #2
Ran migration: 68_preserve_legacy_default_tenant.sql #1
Ran migration: 68_preserve_legacy_default_tenant.sql #2
Skip migration (table not found, will be ensured later): 69_homepage_default_video_resources.sql - no such table: global_settings
Ran migration: 70_billing_project_usage_snapshots.sql #1
Ran migration: 70_billing_project_usage_snapshots.sql #2
Ran migration: 70_billing_project_usage_snapshots.sql #3
Ran migration: 70_billing_project_usage_snapshots.sql #4
Ran migration: 70_billing_project_usage_snapshots.sql #5
Ran migration: 70_billing_project_usage_snapshots.sql #6
Ran migration: 70_billing_project_usage_snapshots.sql #7
Ran migration: 70_billing_project_usage_snapshots.sql #8
Ran migration: 70_billing_project_usage_snapshots.sql #9
Ran migration: 70_billing_project_usage_snapshots.sql #10
Ran migration: 70_billing_project_usage_snapshots.sql #11
Ran migration: 70_billing_project_usage_snapshots.sql #12
Ran migration: 70_billing_project_usage_snapshots.sql #13
Ran migration: 70_billing_project_usage_snapshots.sql #14
Ran migration: 71_billable_project_context.sql #1
Ran migration: 71_billable_project_context.sql #2
Ran migration: 71_billable_project_context.sql #3
Ran migration: 71_billable_project_context.sql #4
Migrated billing ledger to micro-points: [33m10000[39m
ensureColumns: added storyboards.layout_description (TEXT)
ensureColumns: added storyboards.image_url (TEXT)
ensureColumns: added storyboards.local_path (TEXT)
ensureColumns: added storyboards.main_panel_idx (INTEGER)
ensureColumns: added storyboards.composed_image (TEXT)
ensureColumns: added storyboards.result (TEXT)
ensureColumns: added storyboards.emotion (TEXT)
ensureColumns: added storyboards.emotion_intensity (INTEGER)
ensureColumns: added storyboards.error_msg (TEXT)
ensureColumns: added storyboards.lighting_style (TEXT)
ensureColumns: added storyboards.depth_of_field (TEXT)
ensureColumns: added storyboards.polished_prompt (TEXT)
ensureColumns: added storyboards.continuity_snapshot (TEXT)
ensureColumns: added storyboards.audio_local_path (TEXT)
ensureColumns: added storyboards.narration_audio_local_path (TEXT)
ensureColumns: added storyboards.omni_prompt_document_json (TEXT)
ensureColumns: added storyboards.first_frame_image_id (INTEGER)
ensureColumns: added storyboards.last_frame_image_id (INTEGER)
ensureColumns: added storyboards.last_frame_image_url (TEXT)
ensureColumns: added storyboards.last_frame_local_path (TEXT)
ensureColumns: added characters.extra_images (TEXT)
ensureColumns: added characters.error_msg (TEXT)
ensureColumns: added characters.ref_image (TEXT)
ensureColumns: added characters.seedance2_voice_asset (TEXT)
ensureColumns: added scenes.polished_prompt (TEXT)
ensureColumns: added scenes.extra_images (TEXT)
ensureColumns: added scenes.ref_image (TEXT)
ensureColumns: added scenes.error_msg (TEXT)
ensureColumns: added props.extra_images (TEXT)
ensureColumns: added props.ref_image (TEXT)
ensureColumns: added props.error_msg (TEXT)
ensureColumns: added tenants.is_new_user_default (INTEGER DEFAULT 0)
ensureColumns: added image_generations.episode_id (INTEGER)
ensureColumns: added image_generations.use_first_frame_layout_lock (INTEGER)
ensureColumns: added image_generations.width (INTEGER)
ensureColumns: added image_generations.height (INTEGER)
ensureColumns: added video_generations.resolution (TEXT)
ensureColumns: added video_generations.seed (INTEGER)
ensureColumns: added video_generations.camera_fixed (INTEGER)
ensureColumns: added video_generations.watermark (INTEGER)
ensureColumns: added video_generations.provider_task_id (TEXT)
ensureColumns: added video_generations.archive_status (TEXT)
ensureColumns: added video_generations.archive_error (TEXT)
ensureColumns: added video_generations.archive_attempts (INTEGER NOT NULL DEFAULT 0)
ensureColumns: added video_generations.archived_at (TEXT)
ensureColumns: added video_merges.merge_options (TEXT)
ensureColumns: added video_merges.merged_url (TEXT)
ensureColumns: added video_merges.duration (INTEGER)
ensureColumns: added video_merges.completed_at (TEXT)
ensureColumns: added video_merges.error_msg (TEXT)
ensureColumns: added assets.reference_alias (TEXT)
ensureColumns: added assets.archived_at (TEXT)
ensureColumns: added omni_video_jobs.storyboard_id (INTEGER)
Ran migration: 01_init.sql #1
Ran migration: 01_init.sql #2
Ran migration: 01_init.sql #3
Ran migration: 01_init.sql #4
Ran migration: 01_init.sql #5
Ran migration: 01_init.sql #6
Ran migration: 01_init.sql #7
Ran migration: 01_init.sql #8
Ran migration: 01_init.sql #9
Ran migration: 01_init.sql #10
Ran migration: 01_init.sql #11
Ran migration: 01_init.sql #12
Ran migration: 01_init.sql #13
Ran migration: 01_init.sql #14
Ran migration: 01_init.sql #15
Ran migration: 01_init.sql #16
Ran migration: 01_init.sql #17
Ran migration: 01_init.sql #18
Skip (already exists): 02_add_default_model.sql
Ran migration: 03_add_props_episode_id.sql
Skip (already exists): 04_async_tasks_columns.sql #1
Skip (already exists): 04_async_tasks_columns.sql #2
Skip (already exists): 04_async_tasks_columns.sql #3
Skip (already exists): 05_add_image_generations_completed_at.sql #1
Skip (already exists): 05_add_image_generations_completed_at.sql #2
Skip (already exists): 06_add_characters_local_path.sql
Skip (already exists): 07_add_scenes_image_columns.sql #1
Skip (already exists): 07_add_scenes_image_columns.sql #2
Skip (already exists): 08_add_video_generations_completed_at.sql #1
Skip (already exists): 08_add_video_generations_completed_at.sql #2
Ran migration: 09_scene_prop_libraries.sql #1
Ran migration: 09_scene_prop_libraries.sql #2
Ran migration: 10_prompt_overrides.sql
Ran migration: 11_add_api_protocol.sql
Ran migration: 12_image_proxy_cache.sql
Ran migration: 13_character_identity_anchors.sql #1
Ran migration: 13_character_identity_anchors.sql #2
Ran migration: 13_character_identity_anchors.sql #3
Ran migration: 13_character_identity_anchors.sql #4
Ran migration: 13_character_identity_anchors.sql #5
Ran migration: 13_character_identity_anchors.sql #6
Ran migration: 13_character_identity_anchors.sql #7
Ran migration: 13_character_identity_anchors.sql #8
Ran migration: 13_character_identity_anchors.sql #9
Ran migration: 14_storyboard_segments_and_model_map.sql #1
Ran migration: 14_storyboard_segments_and_model_map.sql #2
Ran migration: 14_storyboard_segments_and_model_map.sql #3
Ran migration: 15_storyboard_angle_structured.sql #1
Ran migration: 15_storyboard_angle_structured.sql #2
Ran migration: 15_storyboard_angle_structured.sql #3
Ran migration: 16_character_polished_prompt.sql
Ran migration: 17_character_stages.sql
Ran migration: 18_storyboard_narration.sql
Ran migration: 19_storyboard_universal_mode.sql #1
Ran migration: 19_storyboard_universal_mode.sql #2
Ran migration: 20_character_seedance2_asset.sql
Ran migration: 21_asset_negative_prompt.sql #1
Ran migration: 21_asset_negative_prompt.sql #2
Ran migration: 21_asset_negative_prompt.sql #3
Skip (already exists): 22_library_source_id.sql #1
Skip (already exists): 22_library_source_id.sql #2
Skip (already exists): 22_library_source_id.sql #3
Skip (already exists): 22_library_source_id.sql #4
Skip (already exists): 22_library_source_id.sql #5
Skip (already exists): 22_library_source_id.sql #6
Ran migration: 22_library_source_id.sql #7
Ran migration: 22_library_source_id.sql #8
Ran migration: 22_library_source_id.sql #9
Ran migration: 23_omni_video_workbench.sql #1
Ran migration: 23_omni_video_workbench.sql #2
Ran migration: 23_omni_video_workbench.sql #3
Ran migration: 23_omni_video_workbench.sql #4
Ran migration: 23_omni_video_workbench.sql #5
Ran migration: 23_omni_video_workbench.sql #6
Ran migration: 23_omni_video_workbench.sql #7
Ran migration: 23_omni_video_workbench.sql #8
Ran migration: 23_omni_video_workbench.sql #9
Ran migration: 23_omni_video_workbench.sql #10
Ran migration: 23_omni_video_workbench.sql #11
Ran migration: 23_omni_video_workbench.sql #12
Ran migration: 24_asset_seedance2_certification.sql
Ran migration: 25_omni_sequences.sql #1
Ran migration: 25_omni_sequences.sql #2
Ran migration: 25_omni_sequences.sql #3
Ran migration: 25_omni_sequences.sql #4
Ran migration: 25_omni_sequences.sql #5
Ran migration: 26_omni_workbench_improvements.sql #1
Ran migration: 26_omni_workbench_improvements.sql #2
Ran migration: 27_ai_toolbox.sql #1
Ran migration: 27_ai_toolbox.sql #2
Ran migration: 27_ai_toolbox.sql #3
Ran migration: 27_ai_toolbox.sql #4
Ran migration: 27_ai_toolbox.sql #5
Ran migration: 27_ai_toolbox.sql #6
Ran migration: 27_ai_toolbox.sql #7
Ran migration: 28_storyboard_generation_settings.sql #1
Ran migration: 28_storyboard_generation_settings.sql #2
Ran migration: 28_storyboard_generation_settings.sql #3
Ran migration: 28_storyboard_generation_settings.sql #4
Ran migration: 29_resource_seedance2_asset.sql #1
Ran migration: 29_resource_seedance2_asset.sql #2
Ran migration: 30_storyboard_omni_assets.sql #1
Ran migration: 30_storyboard_omni_assets.sql #2
Ran migration: 30_storyboard_omni_assets.sql #3
Ran migration: 30_storyboard_omni_assets.sql #4
Ran migration: 30_storyboard_omni_assets.sql #5
Ran migration: 30_storyboard_omni_assets.sql #6
Ran migration: 30_storyboard_omni_assets.sql #7
Ran migration: 30_storyboard_omni_assets.sql #8
Ran migration: 30_storyboard_omni_assets.sql #9
Ran migration: 31_storyboard_sort_order.sql
Ran migration: 32_asset_favorites.sql
Ran migration: 33_auth_billing_admin.sql #1
Ran migration: 33_auth_billing_admin.sql #2
Ran migration: 33_auth_billing_admin.sql #3
Ran migration: 33_auth_billing_admin.sql #4
Ran migration: 33_auth_billing_admin.sql #5
Ran migration: 33_auth_billing_admin.sql #6
Ran migration: 33_auth_billing_admin.sql #7
Ran migration: 33_auth_billing_admin.sql #8
Ran migration: 33_auth_billing_admin.sql #9
Ran migration: 33_auth_billing_admin.sql #10
Ran migration: 33_auth_billing_admin.sql #11
Ran migration: 33_auth_billing_admin.sql #12
Ran migration: 33_auth_billing_admin.sql #13
Ran migration: 33_auth_billing_admin.sql #14
Ran migration: 33_auth_billing_admin.sql #15
Ran migration: 33_auth_billing_admin.sql #16
Ran migration: 33_auth_billing_admin.sql #17
Ran migration: 33_auth_billing_admin.sql #18
Ran migration: 33_auth_billing_admin.sql #19
Ran migration: 33_auth_billing_admin.sql #20
Ran migration: 33_auth_billing_admin.sql #21
Ran migration: 34_workflow_ownership.sql #1
Ran migration: 34_workflow_ownership.sql #2
Ran migration: 34_workflow_ownership.sql #3
Ran migration: 34_workflow_ownership.sql #4
Ran migration: 34_workflow_ownership.sql #5
Ran migration: 34_workflow_ownership.sql #6
Ran migration: 34_workflow_ownership.sql #7
Ran migration: 35_runtime_auth_settings.sql
Ran migration: 36_volcengine_seedream_official_prices.sql #1
Ran migration: 36_volcengine_seedream_official_prices.sql #2
Ran migration: 36_volcengine_seedream_official_prices.sql #3
Ran migration: 37_points_ratio_and_volcengine_video_prices.sql #1
Ran migration: 37_points_ratio_and_volcengine_video_prices.sql #2
Ran migration: 37_points_ratio_and_volcengine_video_prices.sql #3
Ran migration: 37_points_ratio_and_volcengine_video_prices.sql #4
Ran migration: 37_points_ratio_and_volcengine_video_prices.sql #5
Ran migration: 37_points_ratio_and_volcengine_video_prices.sql #6
Ran migration: 37_points_ratio_and_volcengine_video_prices.sql #7
Ran migration: 37_points_ratio_and_volcengine_video_prices.sql #8
Ran migration: 38_seedance_video_rate_contexts.sql #1
Ran migration: 38_seedance_video_rate_contexts.sql #2
Ran migration: 39_billing_key_for_custom_providers.sql #1
Ran migration: 39_billing_key_for_custom_providers.sql #2
Ran migration: 40_volcengine_text_tts_official_prices.sql #1
Ran migration: 40_volcengine_text_tts_official_prices.sql #2
Ran migration: 40_volcengine_text_tts_official_prices.sql #3
Ran migration: 40_volcengine_text_tts_official_prices.sql #4
Ran migration: 40_volcengine_text_tts_official_prices.sql #5
Ran migration: 41_billing_reconciliation.sql #1
Ran migration: 41_billing_reconciliation.sql #2
Ran migration: 41_billing_reconciliation.sql #3
Ran migration: 42_volcengine_seed_2_lite_prices.sql #1
Ran migration: 42_volcengine_seed_2_lite_prices.sql #2
Ran migration: 43_video_usage_output_meter_and_snapshot.sql #1
Ran migration: 43_video_usage_output_meter_and_snapshot.sql #2
Ran migration: 43_video_usage_output_meter_and_snapshot.sql #3
Ran migration: 44_deduplicate_video_output_meters.sql #1
Ran migration: 44_deduplicate_video_output_meters.sql #2
Ran migration: 45_remove_legacy_model_permissions.sql
Ran migration: 46_seed_2_lite_context_tier.sql #1
Ran migration: 46_seed_2_lite_context_tier.sql #2
Ran migration: 46_seed_2_lite_context_tier.sql #3
Ran migration: 47_seedance_2_mini_price.sql #1
Ran migration: 47_seedance_2_mini_price.sql #2
Ran migration: 48_media_archive_records.sql #1
Ran migration: 48_media_archive_records.sql #2
Ran migration: 49_seedance_2_5_price.sql #1
Ran migration: 49_seedance_2_5_price.sql #2
Ran migration: 50_storyboard_generation_inheritance.sql #1
Ran migration: 50_storyboard_generation_inheritance.sql #2
Ran migration: 51_video_poster_path.sql
Ran migration: 52_asset_links_video_interpolation.sql #1
Ran migration: 52_asset_links_video_interpolation.sql #2
Ran migration: 52_asset_links_video_interpolation.sql #3
Ran migration: 52_asset_links_video_interpolation.sql #4
Ran migration: 52_asset_links_video_interpolation.sql #5
Ran migration: 52_asset_links_video_interpolation.sql #6
Ran migration: 52_asset_links_video_interpolation.sql #7
Ran migration: 52_asset_links_video_interpolation.sql #8
Ran migration: 52_asset_links_video_interpolation.sql #9
Ran migration: 52_asset_links_video_interpolation.sql #10
Ran migration: 52_asset_links_video_interpolation.sql #11
Ran migration: 52_asset_links_video_interpolation.sql #12
Ran migration: 52_asset_links_video_interpolation.sql #13
Ran migration: 52_asset_links_video_interpolation.sql #14
Ran migration: 52_asset_links_video_interpolation.sql #15
Ran migration: 52_asset_links_video_interpolation.sql #16
Ran migration: 52_asset_links_video_interpolation.sql #17
Ran migration: 53_video_upscale_and_billing_reaudit.sql #1
Ran migration: 53_video_upscale_and_billing_reaudit.sql #2
Ran migration: 53_video_upscale_and_billing_reaudit.sql #3
Ran migration: 53_video_upscale_and_billing_reaudit.sql #4
Ran migration: 53_video_upscale_and_billing_reaudit.sql #5
Ran migration: 53_video_upscale_and_billing_reaudit.sql #6
Ran migration: 53_video_upscale_and_billing_reaudit.sql #7
Ran migration: 53_video_upscale_and_billing_reaudit.sql #9
Ran migration: 53_video_upscale_and_billing_reaudit.sql #10
Ran migration: 54_storyboard_optional_video_postprocess.sql #1
Ran migration: 54_storyboard_optional_video_postprocess.sql #2
Ran migration: 54_storyboard_optional_video_postprocess.sql #3
Ran migration: 55_video_intermediate_cleanup_opt_in.sql
Ran migration: 56_fix_mediakit_postprocess_display_fallback_prices.sql #1
Ran migration: 56_fix_mediakit_postprocess_display_fallback_prices.sql #2
Ran migration: 57_mediakit_shared_connection_defaults.sql
Ran migration: 58_storyboard_active_video_version.sql
Ran migration: 59_operations_alert_settings.sql #1
Ran migration: 59_operations_alert_settings.sql #2
Ran migration: 60_operations_report_snapshots.sql
Ran migration: 61_tenant_billing_and_console_isolation.sql #1
Ran migration: 61_tenant_billing_and_console_isolation.sql #2
Ran migration: 61_tenant_billing_and_console_isolation.sql #3
Ran migration: 61_tenant_billing_and_console_isolation.sql #4
Ran migration: 61_tenant_billing_and_console_isolation.sql #5
Ran migration: 61_tenant_billing_and_console_isolation.sql #6
Ran migration: 61_tenant_billing_and_console_isolation.sql #7
Ran migration: 61_tenant_billing_and_console_isolation.sql #8
Ran migration: 61_tenant_billing_and_console_isolation.sql #9
Ran migration: 61_tenant_billing_and_console_isolation.sql #10
Ran migration: 61_tenant_billing_and_console_isolation.sql #11
Ran migration: 61_tenant_billing_and_console_isolation.sql #12
Ran migration: 61_tenant_billing_and_console_isolation.sql #13
Ran migration: 61_tenant_billing_and_console_isolation.sql #14
Ran migration: 61_tenant_billing_and_console_isolation.sql #15
Ran migration: 61_tenant_billing_and_console_isolation.sql #16
Ran migration: 62_migrate_existing_users_to_default_tenant.sql #1
Ran migration: 62_migrate_existing_users_to_default_tenant.sql #2
Ran migration: 62_migrate_existing_users_to_default_tenant.sql #3
Ran migration: 62_migrate_existing_users_to_default_tenant.sql #4
Ran migration: 62_migrate_existing_users_to_default_tenant.sql #5
Ran migration: 63_geeknow_gpt_image_2_price.sql #1
Ran migration: 63_geeknow_gpt_image_2_price.sql #2
Ran migration: 64_default_tenant_price_book_compatibility.sql
Ran migration: 65_tool_run_tenant_scope.sql #1
Ran migration: 65_tool_run_tenant_scope.sql #2
Ran migration: 66_tenant_config_defaults.sql #1
Ran migration: 66_tenant_config_defaults.sql #2
Ran migration: 66_tenant_config_defaults.sql #3
Ran migration: 66_tenant_config_defaults.sql #4
Ran migration: 66_tenant_config_defaults.sql #5
Ran migration: 67_tenant_owned_ai_configs.sql #1
Ran migration: 67_tenant_owned_ai_configs.sql #2
Ran migration: 68_preserve_legacy_default_tenant.sql #1
Ran migration: 68_preserve_legacy_default_tenant.sql #2
Skip migration (table not found, will be ensured later): 69_homepage_default_video_resources.sql - no such table: global_settings
Ran migration: 70_billing_project_usage_snapshots.sql #1
Ran migration: 70_billing_project_usage_snapshots.sql #2
Ran migration: 70_billing_project_usage_snapshots.sql #3
Ran migration: 70_billing_project_usage_snapshots.sql #4
Ran migration: 70_billing_project_usage_snapshots.sql #5
Ran migration: 70_billing_project_usage_snapshots.sql #6
Ran migration: 70_billing_project_usage_snapshots.sql #7
Ran migration: 70_billing_project_usage_snapshots.sql #8
Ran migration: 70_billing_project_usage_snapshots.sql #9
Ran migration: 70_billing_project_usage_snapshots.sql #10
Ran migration: 70_billing_project_usage_snapshots.sql #11
Ran migration: 70_billing_project_usage_snapshots.sql #12
Ran migration: 70_billing_project_usage_snapshots.sql #13
Ran migration: 70_billing_project_usage_snapshots.sql #14
Ran migration: 71_billable_project_context.sql #1
Ran migration: 71_billable_project_context.sql #2
Ran migration: 71_billable_project_context.sql #3
Ran migration: 71_billable_project_context.sql #4
Migrated billing ledger to micro-points: [33m10000[39m
ensureColumns: added storyboards.layout_description (TEXT)
ensureColumns: added storyboards.image_url (TEXT)
ensureColumns: added storyboards.local_path (TEXT)
ensureColumns: added storyboards.main_panel_idx (INTEGER)
ensureColumns: added storyboards.composed_image (TEXT)
ensureColumns: added storyboards.result (TEXT)
ensureColumns: added storyboards.emotion (TEXT)
ensureColumns: added storyboards.emotion_intensity (INTEGER)
ensureColumns: added storyboards.error_msg (TEXT)
ensureColumns: added storyboards.lighting_style (TEXT)
ensureColumns: added storyboards.depth_of_field (TEXT)
ensureColumns: added storyboards.polished_prompt (TEXT)
ensureColumns: added storyboards.continuity_snapshot (TEXT)
ensureColumns: added storyboards.audio_local_path (TEXT)
ensureColumns: added storyboards.narration_audio_local_path (TEXT)
ensureColumns: added storyboards.omni_prompt_document_json (TEXT)
ensureColumns: added storyboards.first_frame_image_id (INTEGER)
ensureColumns: added storyboards.last_frame_image_id (INTEGER)
ensureColumns: added storyboards.last_frame_image_url (TEXT)
ensureColumns: added storyboards.last_frame_local_path (TEXT)
ensureColumns: added characters.extra_images (TEXT)
ensureColumns: added characters.error_msg (TEXT)
ensureColumns: added characters.ref_image (TEXT)
ensureColumns: added characters.seedance2_voice_asset (TEXT)
ensureColumns: added scenes.polished_prompt (TEXT)
ensureColumns: added scenes.extra_images (TEXT)
ensureColumns: added scenes.ref_image (TEXT)
ensureColumns: added scenes.error_msg (TEXT)
ensureColumns: added props.extra_images (TEXT)
ensureColumns: added props.ref_image (TEXT)
ensureColumns: added props.error_msg (TEXT)
ensureColumns: added tenants.is_new_user_default (INTEGER DEFAULT 0)
ensureColumns: added image_generations.episode_id (INTEGER)
ensureColumns: added image_generations.use_first_frame_layout_lock (INTEGER)
ensureColumns: added image_generations.width (INTEGER)
ensureColumns: added image_generations.height (INTEGER)
ensureColumns: added video_generations.resolution (TEXT)
ensureColumns: added video_generations.seed (INTEGER)
ensureColumns: added video_generations.camera_fixed (INTEGER)
ensureColumns: added video_generations.watermark (INTEGER)
ensureColumns: added video_generations.provider_task_id (TEXT)
ensureColumns: added video_generations.archive_status (TEXT)
ensureColumns: added video_generations.archive_error (TEXT)
ensureColumns: added video_generations.archive_attempts (INTEGER NOT NULL DEFAULT 0)
ensureColumns: added video_generations.archived_at (TEXT)
ensureColumns: added video_merges.merge_options (TEXT)
ensureColumns: added video_merges.merged_url (TEXT)
ensureColumns: added video_merges.duration (INTEGER)
ensureColumns: added video_merges.completed_at (TEXT)
ensureColumns: added video_merges.error_msg (TEXT)
ensureColumns: added assets.reference_alias (TEXT)
ensureColumns: added assets.archived_at (TEXT)
ensureColumns: added omni_video_jobs.storyboard_id (INTEGER)
Ran migration: 01_init.sql #1
Ran migration: 01_init.sql #2
Ran migration: 01_init.sql #3
Ran migration: 01_init.sql #4
Ran migration: 01_init.sql #5
Ran migration: 01_init.sql #6
Ran migration: 01_init.sql #7
Ran migration: 01_init.sql #8
Ran migration: 01_init.sql #9
Ran migration: 01_init.sql #10
Ran migration: 01_init.sql #11
Ran migration: 01_init.sql #12
Ran migration: 01_init.sql #13
Ran migration: 01_init.sql #14
Ran migration: 01_init.sql #15
Ran migration: 01_init.sql #16
Ran migration: 01_init.sql #17
Ran migration: 01_init.sql #18
Skip (already exists): 02_add_default_model.sql
Ran migration: 03_add_props_episode_id.sql
Skip (already exists): 04_async_tasks_columns.sql #1
Skip (already exists): 04_async_tasks_columns.sql #2
Skip (already exists): 04_async_tasks_columns.sql #3
Skip (already exists): 05_add_image_generations_completed_at.sql #1
Skip (already exists): 05_add_image_generations_completed_at.sql #2
Skip (already exists): 06_add_characters_local_path.sql
Skip (already exists): 07_add_scenes_image_columns.sql #1
Skip (already exists): 07_add_scenes_image_columns.sql #2
Skip (already exists): 08_add_video_generations_completed_at.sql #1
Skip (already exists): 08_add_video_generations_completed_at.sql #2
Ran migration: 09_scene_prop_libraries.sql #1
Ran migration: 09_scene_prop_libraries.sql #2
Ran migration: 10_prompt_overrides.sql
Ran migration: 11_add_api_protocol.sql
Ran migration: 12_image_proxy_cache.sql
Ran migration: 13_character_identity_anchors.sql #1
Ran migration: 13_character_identity_anchors.sql #2
Ran migration: 13_character_identity_anchors.sql #3
Ran migration: 13_character_identity_anchors.sql #4
Ran migration: 13_character_identity_anchors.sql #5
Ran migration: 13_character_identity_anchors.sql #6
Ran migration: 13_character_identity_anchors.sql #7
Ran migration: 13_character_identity_anchors.sql #8
Ran migration: 13_character_identity_anchors.sql #9
Ran migration: 14_storyboard_segments_and_model_map.sql #1
Ran migration: 14_storyboard_segments_and_model_map.sql #2
Ran migration: 14_storyboard_segments_and_model_map.sql #3
Ran migration: 15_storyboard_angle_structured.sql #1
Ran migration: 15_storyboard_angle_structured.sql #2
Ran migration: 15_storyboard_angle_structured.sql #3
Ran migration: 16_character_polished_prompt.sql
Ran migration: 17_character_stages.sql
Ran migration: 18_storyboard_narration.sql
Ran migration: 19_storyboard_universal_mode.sql #1
Ran migration: 19_storyboard_universal_mode.sql #2
Ran migration: 20_character_seedance2_asset.sql
Ran migration: 21_asset_negative_prompt.sql #1
Ran migration: 21_asset_negative_prompt.sql #2
Ran migration: 21_asset_negative_prompt.sql #3
Skip (already exists): 22_library_source_id.sql #1
Skip (already exists): 22_library_source_id.sql #2
Skip (already exists): 22_library_source_id.sql #3
Skip (already exists): 22_library_source_id.sql #4
Skip (already exists): 22_library_source_id.sql #5
Skip (already exists): 22_library_source_id.sql #6
Ran migration: 22_library_source_id.sql #7
Ran migration: 22_library_source_id.sql #8
Ran migration: 22_library_source_id.sql #9
Ran migration: 23_omni_video_workbench.sql #1
Ran migration: 23_omni_video_workbench.sql #2
Ran migration: 23_omni_video_workbench.sql #3
Ran migration: 23_omni_video_workbench.sql #4
Ran migration: 23_omni_video_workbench.sql #5
Ran migration: 23_omni_video_workbench.sql #6
Ran migration: 23_omni_video_workbench.sql #7
Ran migration: 23_omni_video_workbench.sql #8
Ran migration: 23_omni_video_workbench.sql #9
Ran migration: 23_omni_video_workbench.sql #10
Ran migration: 23_omni_video_workbench.sql #11
Ran migration: 23_omni_video_workbench.sql #12
Ran migration: 24_asset_seedance2_certification.sql
Ran migration: 25_omni_sequences.sql #1
Ran migration: 25_omni_sequences.sql #2
Ran migration: 25_omni_sequences.sql #3
Ran migration: 25_omni_sequences.sql #4
Ran migration: 25_omni_sequences.sql #5
Ran migration: 26_omni_workbench_improvements.sql #1
Ran migration: 26_omni_workbench_improvements.sql #2
Ran migration: 27_ai_toolbox.sql #1
Ran migration: 27_ai_toolbox.sql #2
Ran migration: 27_ai_toolbox.sql #3
Ran migration: 27_ai_toolbox.sql #4
Ran migration: 27_ai_toolbox.sql #5
Ran migration: 27_ai_toolbox.sql #6
Ran migration: 27_ai_toolbox.sql #7
Ran migration: 28_storyboard_generation_settings.sql #1
Ran migration: 28_storyboard_generation_settings.sql #2
Ran migration: 28_storyboard_generation_settings.sql #3
Ran migration: 28_storyboard_generation_settings.sql #4
Ran migration: 29_resource_seedance2_asset.sql #1
Ran migration: 29_resource_seedance2_asset.sql #2
Ran migration: 30_storyboard_omni_assets.sql #1
Ran migration: 30_storyboard_omni_assets.sql #2
Ran migration: 30_storyboard_omni_assets.sql #3
Ran migration: 30_storyboard_omni_assets.sql #4
Ran migration: 30_storyboard_omni_assets.sql #5
Ran migration: 30_storyboard_omni_assets.sql #6
Ran migration: 30_storyboard_omni_assets.sql #7
Ran migration: 30_storyboard_omni_assets.sql #8
Ran migration: 30_storyboard_omni_assets.sql #9
Ran migration: 31_storyboard_sort_order.sql
Ran migration: 32_asset_favorites.sql
Ran migration: 33_auth_billing_admin.sql #1
Ran migration: 33_auth_billing_admin.sql #2
Ran migration: 33_auth_billing_admin.sql #3
Ran migration: 33_auth_billing_admin.sql #4
Ran migration: 33_auth_billing_admin.sql #5
Ran migration: 33_auth_billing_admin.sql #6
Ran migration: 33_auth_billing_admin.sql #7
Ran migration: 33_auth_billing_admin.sql #8
Ran migration: 33_auth_billing_admin.sql #9
Ran migration: 33_auth_billing_admin.sql #10
Ran migration: 33_auth_billing_admin.sql #11
Ran migration: 33_auth_billing_admin.sql #12
Ran migration: 33_auth_billing_admin.sql #13
Ran migration: 33_auth_billing_admin.sql #14
Ran migration: 33_auth_billing_admin.sql #15
Ran migration: 33_auth_billing_admin.sql #16
Ran migration: 33_auth_billing_admin.sql #17
Ran migration: 33_auth_billing_admin.sql #18
Ran migration: 33_auth_billing_admin.sql #19
Ran migration: 33_auth_billing_admin.sql #20
Ran migration: 33_auth_billing_admin.sql #21
Ran migration: 34_workflow_ownership.sql #1
Ran migration: 34_workflow_ownership.sql #2
Ran migration: 34_workflow_ownership.sql #3
Ran migration: 34_workflow_ownership.sql #4
Ran migration: 34_workflow_ownership.sql #5
Ran migration: 34_workflow_ownership.sql #6
Ran migration: 34_workflow_ownership.sql #7
Ran migration: 35_runtime_auth_settings.sql
Ran migration: 36_volcengine_seedream_official_prices.sql #1
Ran migration: 36_volcengine_seedream_official_prices.sql #2
Ran migration: 36_volcengine_seedream_official_prices.sql #3
Ran migration: 37_points_ratio_and_volcengine_video_prices.sql #1
Ran migration: 37_points_ratio_and_volcengine_video_prices.sql #2
Ran migration: 37_points_ratio_and_volcengine_video_prices.sql #3
Ran migration: 37_points_ratio_and_volcengine_video_prices.sql #4
Ran migration: 37_points_ratio_and_volcengine_video_prices.sql #5
Ran migration: 37_points_ratio_and_volcengine_video_prices.sql #6
Ran migration: 37_points_ratio_and_volcengine_video_prices.sql #7
Ran migration: 37_points_ratio_and_volcengine_video_prices.sql #8
Ran migration: 38_seedance_video_rate_contexts.sql #1
Ran migration: 38_seedance_video_rate_contexts.sql #2
Ran migration: 39_billing_key_for_custom_providers.sql #1
Ran migration: 39_billing_key_for_custom_providers.sql #2
Ran migration: 40_volcengine_text_tts_official_prices.sql #1
Ran migration: 40_volcengine_text_tts_official_prices.sql #2
Ran migration: 40_volcengine_text_tts_official_prices.sql #3
Ran migration: 40_volcengine_text_tts_official_prices.sql #4
Ran migration: 40_volcengine_text_tts_official_prices.sql #5
Ran migration: 41_billing_reconciliation.sql #1
Ran migration: 41_billing_reconciliation.sql #2
Ran migration: 41_billing_reconciliation.sql #3
Ran migration: 42_volcengine_seed_2_lite_prices.sql #1
Ran migration: 42_volcengine_seed_2_lite_prices.sql #2
Ran migration: 43_video_usage_output_meter_and_snapshot.sql #1
Ran migration: 43_video_usage_output_meter_and_snapshot.sql #2
Ran migration: 43_video_usage_output_meter_and_snapshot.sql #3
Ran migration: 44_deduplicate_video_output_meters.sql #1
Ran migration: 44_deduplicate_video_output_meters.sql #2
Ran migration: 45_remove_legacy_model_permissions.sql
Ran migration: 46_seed_2_lite_context_tier.sql #1
Ran migration: 46_seed_2_lite_context_tier.sql #2
Ran migration: 46_seed_2_lite_context_tier.sql #3
Ran migration: 47_seedance_2_mini_price.sql #1
Ran migration: 47_seedance_2_mini_price.sql #2
Ran migration: 48_media_archive_records.sql #1
Ran migration: 48_media_archive_records.sql #2
Ran migration: 49_seedance_2_5_price.sql #1
Ran migration: 49_seedance_2_5_price.sql #2
Ran migration: 50_storyboard_generation_inheritance.sql #1
Ran migration: 50_storyboard_generation_inheritance.sql #2
Ran migration: 51_video_poster_path.sql
Ran migration: 52_asset_links_video_interpolation.sql #1
Ran migration: 52_asset_links_video_interpolation.sql #2
Ran migration: 52_asset_links_video_interpolation.sql #3
Ran migration: 52_asset_links_video_interpolation.sql #4
Ran migration: 52_asset_links_video_interpolation.sql #5
Ran migration: 52_asset_links_video_interpolation.sql #6
Ran migration: 52_asset_links_video_interpolation.sql #7
Ran migration: 52_asset_links_video_interpolation.sql #8
Ran migration: 52_asset_links_video_interpolation.sql #9
Ran migration: 52_asset_links_video_interpolation.sql #10
Ran migration: 52_asset_links_video_interpolation.sql #11
Ran migration: 52_asset_links_video_interpolation.sql #12
Ran migration: 52_asset_links_video_interpolation.sql #13
Ran migration: 52_asset_links_video_interpolation.sql #14
Ran migration: 52_asset_links_video_interpolation.sql #15
Ran migration: 52_asset_links_video_interpolation.sql #16
Ran migration: 52_asset_links_video_interpolation.sql #17
Ran migration: 53_video_upscale_and_billing_reaudit.sql #1
Ran migration: 53_video_upscale_and_billing_reaudit.sql #2
Ran migration: 53_video_upscale_and_billing_reaudit.sql #3
Ran migration: 53_video_upscale_and_billing_reaudit.sql #4
Ran migration: 53_video_upscale_and_billing_reaudit.sql #5
Ran migration: 53_video_upscale_and_billing_reaudit.sql #6
Ran migration: 53_video_upscale_and_billing_reaudit.sql #7
Ran migration: 53_video_upscale_and_billing_reaudit.sql #9
Ran migration: 53_video_upscale_and_billing_reaudit.sql #10
Ran migration: 54_storyboard_optional_video_postprocess.sql #1
Ran migration: 54_storyboard_optional_video_postprocess.sql #2
Ran migration: 54_storyboard_optional_video_postprocess.sql #3
Ran migration: 55_video_intermediate_cleanup_opt_in.sql
Ran migration: 56_fix_mediakit_postprocess_display_fallback_prices.sql #1
Ran migration: 56_fix_mediakit_postprocess_display_fallback_prices.sql #2
Ran migration: 57_mediakit_shared_connection_defaults.sql
Ran migration: 58_storyboard_active_video_version.sql
Ran migration: 59_operations_alert_settings.sql #1
Ran migration: 59_operations_alert_settings.sql #2
Ran migration: 60_operations_report_snapshots.sql
Ran migration: 61_tenant_billing_and_console_isolation.sql #1
Ran migration: 61_tenant_billing_and_console_isolation.sql #2
Ran migration: 61_tenant_billing_and_console_isolation.sql #3
Ran migration: 61_tenant_billing_and_console_isolation.sql #4
Ran migration: 61_tenant_billing_and_console_isolation.sql #5
Ran migration: 61_tenant_billing_and_console_isolation.sql #6
Ran migration: 61_tenant_billing_and_console_isolation.sql #7
Ran migration: 61_tenant_billing_and_console_isolation.sql #8
Ran migration: 61_tenant_billing_and_console_isolation.sql #9
Ran migration: 61_tenant_billing_and_console_isolation.sql #10
Ran migration: 61_tenant_billing_and_console_isolation.sql #11
Ran migration: 61_tenant_billing_and_console_isolation.sql #12
Ran migration: 61_tenant_billing_and_console_isolation.sql #13
Ran migration: 61_tenant_billing_and_console_isolation.sql #14
Ran migration: 61_tenant_billing_and_console_isolation.sql #15
Ran migration: 61_tenant_billing_and_console_isolation.sql #16
Ran migration: 62_migrate_existing_users_to_default_tenant.sql #1
Ran migration: 62_migrate_existing_users_to_default_tenant.sql #2
Ran migration: 62_migrate_existing_users_to_default_tenant.sql #3
Ran migration: 62_migrate_existing_users_to_default_tenant.sql #4
Ran migration: 62_migrate_existing_users_to_default_tenant.sql #5
Ran migration: 63_geeknow_gpt_image_2_price.sql #1
Ran migration: 63_geeknow_gpt_image_2_price.sql #2
Ran migration: 64_default_tenant_price_book_compatibility.sql
Ran migration: 65_tool_run_tenant_scope.sql #1
Ran migration: 65_tool_run_tenant_scope.sql #2
Ran migration: 66_tenant_config_defaults.sql #1
Ran migration: 66_tenant_config_defaults.sql #2
Ran migration: 66_tenant_config_defaults.sql #3
Ran migration: 66_tenant_config_defaults.sql #4
Ran migration: 66_tenant_config_defaults.sql #5
Ran migration: 67_tenant_owned_ai_configs.sql #1
Ran migration: 67_tenant_owned_ai_configs.sql #2
Ran migration: 68_preserve_legacy_default_tenant.sql #1
Ran migration: 68_preserve_legacy_default_tenant.sql #2
Skip migration (table not found, will be ensured later): 69_homepage_default_video_resources.sql - no such table: global_settings
Ran migration: 70_billing_project_usage_snapshots.sql #1
Ran migration: 70_billing_project_usage_snapshots.sql #2
Ran migration: 70_billing_project_usage_snapshots.sql #3
Ran migration: 70_billing_project_usage_snapshots.sql #4
Ran migration: 70_billing_project_usage_snapshots.sql #5
Ran migration: 70_billing_project_usage_snapshots.sql #6
Ran migration: 70_billing_project_usage_snapshots.sql #7
Ran migration: 70_billing_project_usage_snapshots.sql #8
Ran migration: 70_billing_project_usage_snapshots.sql #9
Ran migration: 70_billing_project_usage_snapshots.sql #10
Ran migration: 70_billing_project_usage_snapshots.sql #11
Ran migration: 70_billing_project_usage_snapshots.sql #12
Ran migration: 70_billing_project_usage_snapshots.sql #13
Ran migration: 70_billing_project_usage_snapshots.sql #14
Ran migration: 71_billable_project_context.sql #1
Ran migration: 71_billable_project_context.sql #2
Ran migration: 71_billable_project_context.sql #3
Ran migration: 71_billable_project_context.sql #4
Migrated billing ledger to micro-points: [33m10000[39m
ensureColumns: added storyboards.layout_description (TEXT)
ensureColumns: added storyboards.image_url (TEXT)
ensureColumns: added storyboards.local_path (TEXT)
ensureColumns: added storyboards.main_panel_idx (INTEGER)
ensureColumns: added storyboards.composed_image (TEXT)
ensureColumns: added storyboards.result (TEXT)
ensureColumns: added storyboards.emotion (TEXT)
ensureColumns: added storyboards.emotion_intensity (INTEGER)
ensureColumns: added storyboards.error_msg (TEXT)
ensureColumns: added storyboards.lighting_style (TEXT)
ensureColumns: added storyboards.depth_of_field (TEXT)
ensureColumns: added storyboards.polished_prompt (TEXT)
ensureColumns: added storyboards.continuity_snapshot (TEXT)
ensureColumns: added storyboards.audio_local_path (TEXT)
ensureColumns: added storyboards.narration_audio_local_path (TEXT)
ensureColumns: added storyboards.omni_prompt_document_json (TEXT)
ensureColumns: added storyboards.first_frame_image_id (INTEGER)
ensureColumns: added storyboards.last_frame_image_id (INTEGER)
ensureColumns: added storyboards.last_frame_image_url (TEXT)
ensureColumns: added storyboards.last_frame_local_path (TEXT)
ensureColumns: added characters.extra_images (TEXT)
ensureColumns: added characters.error_msg (TEXT)
ensureColumns: added characters.ref_image (TEXT)
ensureColumns: added characters.seedance2_voice_asset (TEXT)
ensureColumns: added scenes.polished_prompt (TEXT)
ensureColumns: added scenes.extra_images (TEXT)
ensureColumns: added scenes.ref_image (TEXT)
ensureColumns: added scenes.error_msg (TEXT)
ensureColumns: added props.extra_images (TEXT)
ensureColumns: added props.ref_image (TEXT)
ensureColumns: added props.error_msg (TEXT)
ensureColumns: added tenants.is_new_user_default (INTEGER DEFAULT 0)
ensureColumns: added image_generations.episode_id (INTEGER)
ensureColumns: added image_generations.use_first_frame_layout_lock (INTEGER)
ensureColumns: added image_generations.width (INTEGER)
ensureColumns: added image_generations.height (INTEGER)
ensureColumns: added video_generations.resolution (TEXT)
ensureColumns: added video_generations.seed (INTEGER)
ensureColumns: added video_generations.camera_fixed (INTEGER)
ensureColumns: added video_generations.watermark (INTEGER)
ensureColumns: added video_generations.provider_task_id (TEXT)
ensureColumns: added video_generations.archive_status (TEXT)
ensureColumns: added video_generations.archive_error (TEXT)
ensureColumns: added video_generations.archive_attempts (INTEGER NOT NULL DEFAULT 0)
ensureColumns: added video_generations.archived_at (TEXT)
ensureColumns: added video_merges.merge_options (TEXT)
ensureColumns: added video_merges.merged_url (TEXT)
ensureColumns: added video_merges.duration (INTEGER)
ensureColumns: added video_merges.completed_at (TEXT)
ensureColumns: added video_merges.error_msg (TEXT)
ensureColumns: added assets.reference_alias (TEXT)
ensureColumns: added assets.archived_at (TEXT)
ensureColumns: added omni_video_jobs.storyboard_id (INTEGER)
Ran migration: 01_init.sql #1
Ran migration: 01_init.sql #2
Ran migration: 01_init.sql #3
Ran migration: 01_init.sql #4
Ran migration: 01_init.sql #5
Ran migration: 01_init.sql #6
Ran migration: 01_init.sql #7
Ran migration: 01_init.sql #8
Ran migration: 01_init.sql #9
Ran migration: 01_init.sql #10
Ran migration: 01_init.sql #11
Ran migration: 01_init.sql #12
Ran migration: 01_init.sql #13
Ran migration: 01_init.sql #14
Ran migration: 01_init.sql #15
Ran migration: 01_init.sql #16
Ran migration: 01_init.sql #17
Ran migration: 01_init.sql #18
Skip (already exists): 02_add_default_model.sql
Ran migration: 03_add_props_episode_id.sql
Skip (already exists): 04_async_tasks_columns.sql #1
Skip (already exists): 04_async_tasks_columns.sql #2
Skip (already exists): 04_async_tasks_columns.sql #3
Skip (already exists): 05_add_image_generations_completed_at.sql #1
Skip (already exists): 05_add_image_generations_completed_at.sql #2
Skip (already exists): 06_add_characters_local_path.sql
Skip (already exists): 07_add_scenes_image_columns.sql #1
Skip (already exists): 07_add_scenes_image_columns.sql #2
Skip (already exists): 08_add_video_generations_completed_at.sql #1
Skip (already exists): 08_add_video_generations_completed_at.sql #2
Ran migration: 09_scene_prop_libraries.sql #1
Ran migration: 09_scene_prop_libraries.sql #2
Ran migration: 10_prompt_overrides.sql
Ran migration: 11_add_api_protocol.sql
Ran migration: 12_image_proxy_cache.sql
Ran migration: 13_character_identity_anchors.sql #1
Ran migration: 13_character_identity_anchors.sql #2
Ran migration: 13_character_identity_anchors.sql #3
Ran migration: 13_character_identity_anchors.sql #4
Ran migration: 13_character_identity_anchors.sql #5
Ran migration: 13_character_identity_anchors.sql #6
Ran migration: 13_character_identity_anchors.sql #7
Ran migration: 13_character_identity_anchors.sql #8
Ran migration: 13_character_identity_anchors.sql #9
Ran migration: 14_storyboard_segments_and_model_map.sql #1
Ran migration: 14_storyboard_segments_and_model_map.sql #2
Ran migration: 14_storyboard_segments_and_model_map.sql #3
Ran migration: 15_storyboard_angle_structured.sql #1
Ran migration: 15_storyboard_angle_structured.sql #2
Ran migration: 15_storyboard_angle_structured.sql #3
Ran migration: 16_character_polished_prompt.sql
Ran migration: 17_character_stages.sql
Ran migration: 18_storyboard_narration.sql
Ran migration: 19_storyboard_universal_mode.sql #1
Ran migration: 19_storyboard_universal_mode.sql #2
Ran migration: 20_character_seedance2_asset.sql
Ran migration: 21_asset_negative_prompt.sql #1
Ran migration: 21_asset_negative_prompt.sql #2
Ran migration: 21_asset_negative_prompt.sql #3
Skip (already exists): 22_library_source_id.sql #1
Skip (already exists): 22_library_source_id.sql #2
Skip (already exists): 22_library_source_id.sql #3
Skip (already exists): 22_library_source_id.sql #4
Skip (already exists): 22_library_source_id.sql #5
Skip (already exists): 22_library_source_id.sql #6
Ran migration: 22_library_source_id.sql #7
Ran migration: 22_library_source_id.sql #8
Ran migration: 22_library_source_id.sql #9
Ran migration: 23_omni_video_workbench.sql #1
Ran migration: 23_omni_video_workbench.sql #2
Ran migration: 23_omni_video_workbench.sql #3
Ran migration: 23_omni_video_workbench.sql #4
Ran migration: 23_omni_video_workbench.sql #5
Ran migration: 23_omni_video_workbench.sql #6
Ran migration: 23_omni_video_workbench.sql #7
Ran migration: 23_omni_video_workbench.sql #8
Ran migration: 23_omni_video_workbench.sql #9
Ran migration: 23_omni_video_workbench.sql #10
Ran migration: 23_omni_video_workbench.sql #11
Ran migration: 23_omni_video_workbench.sql #12
Ran migration: 24_asset_seedance2_certification.sql
Ran migration: 25_omni_sequences.sql #1
Ran migration: 25_omni_sequences.sql #2
Ran migration: 25_omni_sequences.sql #3
Ran migration: 25_omni_sequences.sql #4
Ran migration: 25_omni_sequences.sql #5
Ran migration: 26_omni_workbench_improvements.sql #1
Ran migration: 26_omni_workbench_improvements.sql #2
Ran migration: 27_ai_toolbox.sql #1
Ran migration: 27_ai_toolbox.sql #2
Ran migration: 27_ai_toolbox.sql #3
Ran migration: 27_ai_toolbox.sql #4
Ran migration: 27_ai_toolbox.sql #5
Ran migration: 27_ai_toolbox.sql #6
Ran migration: 27_ai_toolbox.sql #7
Ran migration: 28_storyboard_generation_settings.sql #1
Ran migration: 28_storyboard_generation_settings.sql #2
Ran migration: 28_storyboard_generation_settings.sql #3
Ran migration: 28_storyboard_generation_settings.sql #4
Ran migration: 29_resource_seedance2_asset.sql #1
Ran migration: 29_resource_seedance2_asset.sql #2
Ran migration: 30_storyboard_omni_assets.sql #1
Ran migration: 30_storyboard_omni_assets.sql #2
Ran migration: 30_storyboard_omni_assets.sql #3
Ran migration: 30_storyboard_omni_assets.sql #4
Ran migration: 30_storyboard_omni_assets.sql #5
Ran migration: 30_storyboard_omni_assets.sql #6
Ran migration: 30_storyboard_omni_assets.sql #7
Ran migration: 30_storyboard_omni_assets.sql #8
Ran migration: 30_storyboard_omni_assets.sql #9
Ran migration: 31_storyboard_sort_order.sql
Ran migration: 32_asset_favorites.sql
Ran migration: 33_auth_billing_admin.sql #1
Ran migration: 33_auth_billing_admin.sql #2
Ran migration: 33_auth_billing_admin.sql #3
Ran migration: 33_auth_billing_admin.sql #4
Ran migration: 33_auth_billing_admin.sql #5
Ran migration: 33_auth_billing_admin.sql #6
Ran migration: 33_auth_billing_admin.sql #7
Ran migration: 33_auth_billing_admin.sql #8
Ran migration: 33_auth_billing_admin.sql #9
Ran migration: 33_auth_billing_admin.sql #10
Ran migration: 33_auth_billing_admin.sql #11
Ran migration: 33_auth_billing_admin.sql #12
Ran migration: 33_auth_billing_admin.sql #13
Ran migration: 33_auth_billing_admin.sql #14
Ran migration: 33_auth_billing_admin.sql #15
Ran migration: 33_auth_billing_admin.sql #16
Ran migration: 33_auth_billing_admin.sql #17
Ran migration: 33_auth_billing_admin.sql #18
Ran migration: 33_auth_billing_admin.sql #19
Ran migration: 33_auth_billing_admin.sql #20
Ran migration: 33_auth_billing_admin.sql #21
Ran migration: 34_workflow_ownership.sql #1
Ran migration: 34_workflow_ownership.sql #2
Ran migration: 34_workflow_ownership.sql #3
Ran migration: 34_workflow_ownership.sql #4
Ran migration: 34_workflow_ownership.sql #5
Ran migration: 34_workflow_ownership.sql #6
Ran migration: 34_workflow_ownership.sql #7
Ran migration: 35_runtime_auth_settings.sql
Ran migration: 36_volcengine_seedream_official_prices.sql #1
Ran migration: 36_volcengine_seedream_official_prices.sql #2
Ran migration: 36_volcengine_seedream_official_prices.sql #3
Ran migration: 37_points_ratio_and_volcengine_video_prices.sql #1
Ran migration: 37_points_ratio_and_volcengine_video_prices.sql #2
Ran migration: 37_points_ratio_and_volcengine_video_prices.sql #3
Ran migration: 37_points_ratio_and_volcengine_video_prices.sql #4
Ran migration: 37_points_ratio_and_volcengine_video_prices.sql #5
Ran migration: 37_points_ratio_and_volcengine_video_prices.sql #6
Ran migration: 37_points_ratio_and_volcengine_video_prices.sql #7
Ran migration: 37_points_ratio_and_volcengine_video_prices.sql #8
Ran migration: 38_seedance_video_rate_contexts.sql #1
Ran migration: 38_seedance_video_rate_contexts.sql #2
Ran migration: 39_billing_key_for_custom_providers.sql #1
Ran migration: 39_billing_key_for_custom_providers.sql #2
Ran migration: 40_volcengine_text_tts_official_prices.sql #1
Ran migration: 40_volcengine_text_tts_official_prices.sql #2
Ran migration: 40_volcengine_text_tts_official_prices.sql #3
Ran migration: 40_volcengine_text_tts_official_prices.sql #4
Ran migration: 40_volcengine_text_tts_official_prices.sql #5
Ran migration: 41_billing_reconciliation.sql #1
Ran migration: 41_billing_reconciliation.sql #2
Ran migration: 41_billing_reconciliation.sql #3
Ran migration: 42_volcengine_seed_2_lite_prices.sql #1
Ran migration: 42_volcengine_seed_2_lite_prices.sql #2
Ran migration: 43_video_usage_output_meter_and_snapshot.sql #1
Ran migration: 43_video_usage_output_meter_and_snapshot.sql #2
Ran migration: 43_video_usage_output_meter_and_snapshot.sql #3
Ran migration: 44_deduplicate_video_output_meters.sql #1
Ran migration: 44_deduplicate_video_output_meters.sql #2
Ran migration: 45_remove_legacy_model_permissions.sql
Ran migration: 46_seed_2_lite_context_tier.sql #1
Ran migration: 46_seed_2_lite_context_tier.sql #2
Ran migration: 46_seed_2_lite_context_tier.sql #3
Ran migration: 47_seedance_2_mini_price.sql #1
Ran migration: 47_seedance_2_mini_price.sql #2
Ran migration: 48_media_archive_records.sql #1
Ran migration: 48_media_archive_records.sql #2
Ran migration: 49_seedance_2_5_price.sql #1
Ran migration: 49_seedance_2_5_price.sql #2
Ran migration: 50_storyboard_generation_inheritance.sql #1
Ran migration: 50_storyboard_generation_inheritance.sql #2
Ran migration: 51_video_poster_path.sql
Ran migration: 52_asset_links_video_interpolation.sql #1
Ran migration: 52_asset_links_video_interpolation.sql #2
Ran migration: 52_asset_links_video_interpolation.sql #3
Ran migration: 52_asset_links_video_interpolation.sql #4
Ran migration: 52_asset_links_video_interpolation.sql #5
Ran migration: 52_asset_links_video_interpolation.sql #6
Ran migration: 52_asset_links_video_interpolation.sql #7
Ran migration: 52_asset_links_video_interpolation.sql #8
Ran migration: 52_asset_links_video_interpolation.sql #9
Ran migration: 52_asset_links_video_interpolation.sql #10
Ran migration: 52_asset_links_video_interpolation.sql #11
Ran migration: 52_asset_links_video_interpolation.sql #12
Ran migration: 52_asset_links_video_interpolation.sql #13
Ran migration: 52_asset_links_video_interpolation.sql #14
Ran migration: 52_asset_links_video_interpolation.sql #15
Ran migration: 52_asset_links_video_interpolation.sql #16
Ran migration: 52_asset_links_video_interpolation.sql #17
Ran migration: 53_video_upscale_and_billing_reaudit.sql #1
Ran migration: 53_video_upscale_and_billing_reaudit.sql #2
Ran migration: 53_video_upscale_and_billing_reaudit.sql #3
Ran migration: 53_video_upscale_and_billing_reaudit.sql #4
Ran migration: 53_video_upscale_and_billing_reaudit.sql #5
Ran migration: 53_video_upscale_and_billing_reaudit.sql #6
Ran migration: 53_video_upscale_and_billing_reaudit.sql #7
Ran migration: 53_video_upscale_and_billing_reaudit.sql #9
Ran migration: 53_video_upscale_and_billing_reaudit.sql #10
Ran migration: 54_storyboard_optional_video_postprocess.sql #1
Ran migration: 54_storyboard_optional_video_postprocess.sql #2
Ran migration: 54_storyboard_optional_video_postprocess.sql #3
Ran migration: 55_video_intermediate_cleanup_opt_in.sql
Ran migration: 56_fix_mediakit_postprocess_display_fallback_prices.sql #1
Ran migration: 56_fix_mediakit_postprocess_display_fallback_prices.sql #2
Ran migration: 57_mediakit_shared_connection_defaults.sql
Ran migration: 58_storyboard_active_video_version.sql
Ran migration: 59_operations_alert_settings.sql #1
Ran migration: 59_operations_alert_settings.sql #2
Ran migration: 60_operations_report_snapshots.sql
Ran migration: 61_tenant_billing_and_console_isolation.sql #1
Ran migration: 61_tenant_billing_and_console_isolation.sql #2
Ran migration: 61_tenant_billing_and_console_isolation.sql #3
Ran migration: 61_tenant_billing_and_console_isolation.sql #4
Ran migration: 61_tenant_billing_and_console_isolation.sql #5
Ran migration: 61_tenant_billing_and_console_isolation.sql #6
Ran migration: 61_tenant_billing_and_console_isolation.sql #7
Ran migration: 61_tenant_billing_and_console_isolation.sql #8
Ran migration: 61_tenant_billing_and_console_isolation.sql #9
Ran migration: 61_tenant_billing_and_console_isolation.sql #10
Ran migration: 61_tenant_billing_and_console_isolation.sql #11
Ran migration: 61_tenant_billing_and_console_isolation.sql #12
Ran migration: 61_tenant_billing_and_console_isolation.sql #13
Ran migration: 61_tenant_billing_and_console_isolation.sql #14
Ran migration: 61_tenant_billing_and_console_isolation.sql #15
Ran migration: 61_tenant_billing_and_console_isolation.sql #16
Ran migration: 62_migrate_existing_users_to_default_tenant.sql #1
Ran migration: 62_migrate_existing_users_to_default_tenant.sql #2
Ran migration: 62_migrate_existing_users_to_default_tenant.sql #3
Ran migration: 62_migrate_existing_users_to_default_tenant.sql #4
Ran migration: 62_migrate_existing_users_to_default_tenant.sql #5
Ran migration: 63_geeknow_gpt_image_2_price.sql #1
Ran migration: 63_geeknow_gpt_image_2_price.sql #2
Ran migration: 64_default_tenant_price_book_compatibility.sql
Ran migration: 65_tool_run_tenant_scope.sql #1
Ran migration: 65_tool_run_tenant_scope.sql #2
Ran migration: 66_tenant_config_defaults.sql #1
Ran migration: 66_tenant_config_defaults.sql #2
Ran migration: 66_tenant_config_defaults.sql #3
Ran migration: 66_tenant_config_defaults.sql #4
Ran migration: 66_tenant_config_defaults.sql #5
Ran migration: 67_tenant_owned_ai_configs.sql #1
Ran migration: 67_tenant_owned_ai_configs.sql #2
Ran migration: 68_preserve_legacy_default_tenant.sql #1
Ran migration: 68_preserve_legacy_default_tenant.sql #2
Skip migration (table not found, will be ensured later): 69_homepage_default_video_resources.sql - no such table: global_settings
Ran migration: 70_billing_project_usage_snapshots.sql #1
Ran migration: 70_billing_project_usage_snapshots.sql #2
Ran migration: 70_billing_project_usage_snapshots.sql #3
Ran migration: 70_billing_project_usage_snapshots.sql #4
Ran migration: 70_billing_project_usage_snapshots.sql #5
Ran migration: 70_billing_project_usage_snapshots.sql #6
Ran migration: 70_billing_project_usage_snapshots.sql #7
Ran migration: 70_billing_project_usage_snapshots.sql #8
Ran migration: 70_billing_project_usage_snapshots.sql #9
Ran migration: 70_billing_project_usage_snapshots.sql #10
Ran migration: 70_billing_project_usage_snapshots.sql #11
Ran migration: 70_billing_project_usage_snapshots.sql #12
Ran migration: 70_billing_project_usage_snapshots.sql #13
Ran migration: 70_billing_project_usage_snapshots.sql #14
Ran migration: 71_billable_project_context.sql #1
Ran migration: 71_billable_project_context.sql #2
Ran migration: 71_billable_project_context.sql #3
Ran migration: 71_billable_project_context.sql #4
Migrated billing ledger to micro-points: [33m10000[39m
ensureColumns: added storyboards.layout_description (TEXT)
ensureColumns: added storyboards.image_url (TEXT)
ensureColumns: added storyboards.local_path (TEXT)
ensureColumns: added storyboards.main_panel_idx (INTEGER)
ensureColumns: added storyboards.composed_image (TEXT)
ensureColumns: added storyboards.result (TEXT)
ensureColumns: added storyboards.emotion (TEXT)
ensureColumns: added storyboards.emotion_intensity (INTEGER)
ensureColumns: added storyboards.error_msg (TEXT)
ensureColumns: added storyboards.lighting_style (TEXT)
ensureColumns: added storyboards.depth_of_field (TEXT)
ensureColumns: added storyboards.polished_prompt (TEXT)
ensureColumns: added storyboards.continuity_snapshot (TEXT)
ensureColumns: added storyboards.audio_local_path (TEXT)
ensureColumns: added storyboards.narration_audio_local_path (TEXT)
ensureColumns: added storyboards.omni_prompt_document_json (TEXT)
ensureColumns: added storyboards.first_frame_image_id (INTEGER)
ensureColumns: added storyboards.last_frame_image_id (INTEGER)
ensureColumns: added storyboards.last_frame_image_url (TEXT)
ensureColumns: added storyboards.last_frame_local_path (TEXT)
ensureColumns: added characters.extra_images (TEXT)
ensureColumns: added characters.error_msg (TEXT)
ensureColumns: added characters.ref_image (TEXT)
ensureColumns: added characters.seedance2_voice_asset (TEXT)
ensureColumns: added scenes.polished_prompt (TEXT)
ensureColumns: added scenes.extra_images (TEXT)
ensureColumns: added scenes.ref_image (TEXT)
ensureColumns: added scenes.error_msg (TEXT)
ensureColumns: added props.extra_images (TEXT)
ensureColumns: added props.ref_image (TEXT)
ensureColumns: added props.error_msg (TEXT)
ensureColumns: added tenants.is_new_user_default (INTEGER DEFAULT 0)
ensureColumns: added image_generations.episode_id (INTEGER)
ensureColumns: added image_generations.use_first_frame_layout_lock (INTEGER)
ensureColumns: added image_generations.width (INTEGER)
ensureColumns: added image_generations.height (INTEGER)
ensureColumns: added video_generations.resolution (TEXT)
ensureColumns: added video_generations.seed (INTEGER)
ensureColumns: added video_generations.camera_fixed (INTEGER)
ensureColumns: added video_generations.watermark (INTEGER)
ensureColumns: added video_generations.provider_task_id (TEXT)
ensureColumns: added video_generations.archive_status (TEXT)
ensureColumns: added video_generations.archive_error (TEXT)
ensureColumns: added video_generations.archive_attempts (INTEGER NOT NULL DEFAULT 0)
ensureColumns: added video_generations.archived_at (TEXT)
ensureColumns: added video_merges.merge_options (TEXT)
ensureColumns: added video_merges.merged_url (TEXT)
ensureColumns: added video_merges.duration (INTEGER)
ensureColumns: added video_merges.completed_at (TEXT)
ensureColumns: added video_merges.error_msg (TEXT)
ensureColumns: added assets.reference_alias (TEXT)
ensureColumns: added assets.archived_at (TEXT)
ensureColumns: added omni_video_jobs.storyboard_id (INTEGER)
Ran migration: 01_init.sql #1
Ran migration: 01_init.sql #2
Ran migration: 01_init.sql #3
Ran migration: 01_init.sql #4
Ran migration: 01_init.sql #5
Ran migration: 01_init.sql #6
Ran migration: 01_init.sql #7
Ran migration: 01_init.sql #8
Ran migration: 01_init.sql #9
Ran migration: 01_init.sql #10
Ran migration: 01_init.sql #11
Ran migration: 01_init.sql #12
Ran migration: 01_init.sql #13
Ran migration: 01_init.sql #14
Ran migration: 01_init.sql #15
Ran migration: 01_init.sql #16
Ran migration: 01_init.sql #17
Ran migration: 01_init.sql #18
Skip (already exists): 02_add_default_model.sql
Ran migration: 03_add_props_episode_id.sql
Skip (already exists): 04_async_tasks_columns.sql #1
Skip (already exists): 04_async_tasks_columns.sql #2
Skip (already exists): 04_async_tasks_columns.sql #3
Skip (already exists): 05_add_image_generations_completed_at.sql #1
Skip (already exists): 05_add_image_generations_completed_at.sql #2
Skip (already exists): 06_add_characters_local_path.sql
Skip (already exists): 07_add_scenes_image_columns.sql #1
Skip (already exists): 07_add_scenes_image_columns.sql #2
Skip (already exists): 08_add_video_generations_completed_at.sql #1
Skip (already exists): 08_add_video_generations_completed_at.sql #2
Ran migration: 09_scene_prop_libraries.sql #1
Ran migration: 09_scene_prop_libraries.sql #2
Ran migration: 10_prompt_overrides.sql
Ran migration: 11_add_api_protocol.sql
Ran migration: 12_image_proxy_cache.sql
Ran migration: 13_character_identity_anchors.sql #1
Ran migration: 13_character_identity_anchors.sql #2
Ran migration: 13_character_identity_anchors.sql #3
Ran migration: 13_character_identity_anchors.sql #4
Ran migration: 13_character_identity_anchors.sql #5
Ran migration: 13_character_identity_anchors.sql #6
Ran migration: 13_character_identity_anchors.sql #7
Ran migration: 13_character_identity_anchors.sql #8
Ran migration: 13_character_identity_anchors.sql #9
Ran migration: 14_storyboard_segments_and_model_map.sql #1
Ran migration: 14_storyboard_segments_and_model_map.sql #2
Ran migration: 14_storyboard_segments_and_model_map.sql #3
Ran migration: 15_storyboard_angle_structured.sql #1
Ran migration: 15_storyboard_angle_structured.sql #2
Ran migration: 15_storyboard_angle_structured.sql #3
Ran migration: 16_character_polished_prompt.sql
Ran migration: 17_character_stages.sql
Ran migration: 18_storyboard_narration.sql
Ran migration: 19_storyboard_universal_mode.sql #1
Ran migration: 19_storyboard_universal_mode.sql #2
Ran migration: 20_character_seedance2_asset.sql
Ran migration: 21_asset_negative_prompt.sql #1
Ran migration: 21_asset_negative_prompt.sql #2
Ran migration: 21_asset_negative_prompt.sql #3
Skip (already exists): 22_library_source_id.sql #1
Skip (already exists): 22_library_source_id.sql #2
Skip (already exists): 22_library_source_id.sql #3
Skip (already exists): 22_library_source_id.sql #4
Skip (already exists): 22_library_source_id.sql #5
Skip (already exists): 22_library_source_id.sql #6
Ran migration: 22_library_source_id.sql #7
Ran migration: 22_library_source_id.sql #8
Ran migration: 22_library_source_id.sql #9
Ran migration: 23_omni_video_workbench.sql #1
Ran migration: 23_omni_video_workbench.sql #2
Ran migration: 23_omni_video_workbench.sql #3
Ran migration: 23_omni_video_workbench.sql #4
Ran migration: 23_omni_video_workbench.sql #5
Ran migration: 23_omni_video_workbench.sql #6
Ran migration: 23_omni_video_workbench.sql #7
Ran migration: 23_omni_video_workbench.sql #8
Ran migration: 23_omni_video_workbench.sql #9
Ran migration: 23_omni_video_workbench.sql #10
Ran migration: 23_omni_video_workbench.sql #11
Ran migration: 23_omni_video_workbench.sql #12
Ran migration: 24_asset_seedance2_certification.sql
Ran migration: 25_omni_sequences.sql #1
Ran migration: 25_omni_sequences.sql #2
Ran migration: 25_omni_sequences.sql #3
Ran migration: 25_omni_sequences.sql #4
Ran migration: 25_omni_sequences.sql #5
Ran migration: 26_omni_workbench_improvements.sql #1
Ran migration: 26_omni_workbench_improvements.sql #2
Ran migration: 27_ai_toolbox.sql #1
Ran migration: 27_ai_toolbox.sql #2
Ran migration: 27_ai_toolbox.sql #3
Ran migration: 27_ai_toolbox.sql #4
Ran migration: 27_ai_toolbox.sql #5
Ran migration: 27_ai_toolbox.sql #6
Ran migration: 27_ai_toolbox.sql #7
Ran migration: 28_storyboard_generation_settings.sql #1
Ran migration: 28_storyboard_generation_settings.sql #2
Ran migration: 28_storyboard_generation_settings.sql #3
Ran migration: 28_storyboard_generation_settings.sql #4
Ran migration: 29_resource_seedance2_asset.sql #1
Ran migration: 29_resource_seedance2_asset.sql #2
Ran migration: 30_storyboard_omni_assets.sql #1
Ran migration: 30_storyboard_omni_assets.sql #2
Ran migration: 30_storyboard_omni_assets.sql #3
Ran migration: 30_storyboard_omni_assets.sql #4
Ran migration: 30_storyboard_omni_assets.sql #5
Ran migration: 30_storyboard_omni_assets.sql #6
Ran migration: 30_storyboard_omni_assets.sql #7
Ran migration: 30_storyboard_omni_assets.sql #8
Ran migration: 30_storyboard_omni_assets.sql #9
Ran migration: 31_storyboard_sort_order.sql
Ran migration: 32_asset_favorites.sql
Ran migration: 33_auth_billing_admin.sql #1
Ran migration: 33_auth_billing_admin.sql #2
Ran migration: 33_auth_billing_admin.sql #3
Ran migration: 33_auth_billing_admin.sql #4
Ran migration: 33_auth_billing_admin.sql #5
Ran migration: 33_auth_billing_admin.sql #6
Ran migration: 33_auth_billing_admin.sql #7
Ran migration: 33_auth_billing_admin.sql #8
Ran migration: 33_auth_billing_admin.sql #9
Ran migration: 33_auth_billing_admin.sql #10
Ran migration: 33_auth_billing_admin.sql #11
Ran migration: 33_auth_billing_admin.sql #12
Ran migration: 33_auth_billing_admin.sql #13
Ran migration: 33_auth_billing_admin.sql #14
Ran migration: 33_auth_billing_admin.sql #15
Ran migration: 33_auth_billing_admin.sql #16
Ran migration: 33_auth_billing_admin.sql #17
Ran migration: 33_auth_billing_admin.sql #18
Ran migration: 33_auth_billing_admin.sql #19
Ran migration: 33_auth_billing_admin.sql #20
Ran migration: 33_auth_billing_admin.sql #21
Ran migration: 34_workflow_ownership.sql #1
Ran migration: 34_workflow_ownership.sql #2
Ran migration: 34_workflow_ownership.sql #3
Ran migration: 34_workflow_ownership.sql #4
Ran migration: 34_workflow_ownership.sql #5
Ran migration: 34_workflow_ownership.sql #6
Ran migration: 34_workflow_ownership.sql #7
Ran migration: 35_runtime_auth_settings.sql
Ran migration: 36_volcengine_seedream_official_prices.sql #1
Ran migration: 36_volcengine_seedream_official_prices.sql #2
Ran migration: 36_volcengine_seedream_official_prices.sql #3
Ran migration: 37_points_ratio_and_volcengine_video_prices.sql #1
Ran migration: 37_points_ratio_and_volcengine_video_prices.sql #2
Ran migration: 37_points_ratio_and_volcengine_video_prices.sql #3
Ran migration: 37_points_ratio_and_volcengine_video_prices.sql #4
Ran migration: 37_points_ratio_and_volcengine_video_prices.sql #5
Ran migration: 37_points_ratio_and_volcengine_video_prices.sql #6
Ran migration: 37_points_ratio_and_volcengine_video_prices.sql #7
Ran migration: 37_points_ratio_and_volcengine_video_prices.sql #8
Ran migration: 38_seedance_video_rate_contexts.sql #1
Ran migration: 38_seedance_video_rate_contexts.sql #2
Ran migration: 39_billing_key_for_custom_providers.sql #1
Ran migration: 39_billing_key_for_custom_providers.sql #2
Ran migration: 40_volcengine_text_tts_official_prices.sql #1
Ran migration: 40_volcengine_text_tts_official_prices.sql #2
Ran migration: 40_volcengine_text_tts_official_prices.sql #3
Ran migration: 40_volcengine_text_tts_official_prices.sql #4
Ran migration: 40_volcengine_text_tts_official_prices.sql #5
Ran migration: 41_billing_reconciliation.sql #1
Ran migration: 41_billing_reconciliation.sql #2
Ran migration: 41_billing_reconciliation.sql #3
Ran migration: 42_volcengine_seed_2_lite_prices.sql #1
Ran migration: 42_volcengine_seed_2_lite_prices.sql #2
Ran migration: 43_video_usage_output_meter_and_snapshot.sql #1
Ran migration: 43_video_usage_output_meter_and_snapshot.sql #2
Ran migration: 43_video_usage_output_meter_and_snapshot.sql #3
Ran migration: 44_deduplicate_video_output_meters.sql #1
Ran migration: 44_deduplicate_video_output_meters.sql #2
Ran migration: 45_remove_legacy_model_permissions.sql
Ran migration: 46_seed_2_lite_context_tier.sql #1
Ran migration: 46_seed_2_lite_context_tier.sql #2
Ran migration: 46_seed_2_lite_context_tier.sql #3
Ran migration: 47_seedance_2_mini_price.sql #1
Ran migration: 47_seedance_2_mini_price.sql #2
Ran migration: 48_media_archive_records.sql #1
Ran migration: 48_media_archive_records.sql #2
Ran migration: 49_seedance_2_5_price.sql #1
Ran migration: 49_seedance_2_5_price.sql #2
Ran migration: 50_storyboard_generation_inheritance.sql #1
Ran migration: 50_storyboard_generation_inheritance.sql #2
Ran migration: 51_video_poster_path.sql
Ran migration: 52_asset_links_video_interpolation.sql #1
Ran migration: 52_asset_links_video_interpolation.sql #2
Ran migration: 52_asset_links_video_interpolation.sql #3
Ran migration: 52_asset_links_video_interpolation.sql #4
Ran migration: 52_asset_links_video_interpolation.sql #5
Ran migration: 52_asset_links_video_interpolation.sql #6
Ran migration: 52_asset_links_video_interpolation.sql #7
Ran migration: 52_asset_links_video_interpolation.sql #8
Ran migration: 52_asset_links_video_interpolation.sql #9
Ran migration: 52_asset_links_video_interpolation.sql #10
Ran migration: 52_asset_links_video_interpolation.sql #11
Ran migration: 52_asset_links_video_interpolation.sql #12
Ran migration: 52_asset_links_video_interpolation.sql #13
Ran migration: 52_asset_links_video_interpolation.sql #14
Ran migration: 52_asset_links_video_interpolation.sql #15
Ran migration: 52_asset_links_video_interpolation.sql #16
Ran migration: 52_asset_links_video_interpolation.sql #17
Ran migration: 53_video_upscale_and_billing_reaudit.sql #1
Ran migration: 53_video_upscale_and_billing_reaudit.sql #2
Ran migration: 53_video_upscale_and_billing_reaudit.sql #3
Ran migration: 53_video_upscale_and_billing_reaudit.sql #4
Ran migration: 53_video_upscale_and_billing_reaudit.sql #5
Ran migration: 53_video_upscale_and_billing_reaudit.sql #6
Ran migration: 53_video_upscale_and_billing_reaudit.sql #7
Ran migration: 53_video_upscale_and_billing_reaudit.sql #9
Ran migration: 53_video_upscale_and_billing_reaudit.sql #10
Ran migration: 54_storyboard_optional_video_postprocess.sql #1
Ran migration: 54_storyboard_optional_video_postprocess.sql #2
Ran migration: 54_storyboard_optional_video_postprocess.sql #3
Ran migration: 55_video_intermediate_cleanup_opt_in.sql
Ran migration: 56_fix_mediakit_postprocess_display_fallback_prices.sql #1
Ran migration: 56_fix_mediakit_postprocess_display_fallback_prices.sql #2
Ran migration: 57_mediakit_shared_connection_defaults.sql
Ran migration: 58_storyboard_active_video_version.sql
Ran migration: 59_operations_alert_settings.sql #1
Ran migration: 59_operations_alert_settings.sql #2
Ran migration: 60_operations_report_snapshots.sql
Ran migration: 61_tenant_billing_and_console_isolation.sql #1
Ran migration: 61_tenant_billing_and_console_isolation.sql #2
Ran migration: 61_tenant_billing_and_console_isolation.sql #3
Ran migration: 61_tenant_billing_and_console_isolation.sql #4
Ran migration: 61_tenant_billing_and_console_isolation.sql #5
Ran migration: 61_tenant_billing_and_console_isolation.sql #6
Ran migration: 61_tenant_billing_and_console_isolation.sql #7
Ran migration: 61_tenant_billing_and_console_isolation.sql #8
Ran migration: 61_tenant_billing_and_console_isolation.sql #9
Ran migration: 61_tenant_billing_and_console_isolation.sql #10
Ran migration: 61_tenant_billing_and_console_isolation.sql #11
Ran migration: 61_tenant_billing_and_console_isolation.sql #12
Ran migration: 61_tenant_billing_and_console_isolation.sql #13
Ran migration: 61_tenant_billing_and_console_isolation.sql #14
Ran migration: 61_tenant_billing_and_console_isolation.sql #15
Ran migration: 61_tenant_billing_and_console_isolation.sql #16
Ran migration: 62_migrate_existing_users_to_default_tenant.sql #1
Ran migration: 62_migrate_existing_users_to_default_tenant.sql #2
Ran migration: 62_migrate_existing_users_to_default_tenant.sql #3
Ran migration: 62_migrate_existing_users_to_default_tenant.sql #4
Ran migration: 62_migrate_existing_users_to_default_tenant.sql #5
Ran migration: 63_geeknow_gpt_image_2_price.sql #1
Ran migration: 63_geeknow_gpt_image_2_price.sql #2
Ran migration: 64_default_tenant_price_book_compatibility.sql
Ran migration: 65_tool_run_tenant_scope.sql #1
Ran migration: 65_tool_run_tenant_scope.sql #2
Ran migration: 66_tenant_config_defaults.sql #1
Ran migration: 66_tenant_config_defaults.sql #2
Ran migration: 66_tenant_config_defaults.sql #3
Ran migration: 66_tenant_config_defaults.sql #4
Ran migration: 66_tenant_config_defaults.sql #5
Ran migration: 67_tenant_owned_ai_configs.sql #1
Ran migration: 67_tenant_owned_ai_configs.sql #2
Ran migration: 68_preserve_legacy_default_tenant.sql #1
Ran migration: 68_preserve_legacy_default_tenant.sql #2
Skip migration (table not found, will be ensured later): 69_homepage_default_video_resources.sql - no such table: global_settings
Ran migration: 70_billing_project_usage_snapshots.sql #1
Ran migration: 70_billing_project_usage_snapshots.sql #2
Ran migration: 70_billing_project_usage_snapshots.sql #3
Ran migration: 70_billing_project_usage_snapshots.sql #4
Ran migration: 70_billing_project_usage_snapshots.sql #5
Ran migration: 70_billing_project_usage_snapshots.sql #6
Ran migration: 70_billing_project_usage_snapshots.sql #7
Ran migration: 70_billing_project_usage_snapshots.sql #8
Ran migration: 70_billing_project_usage_snapshots.sql #9
Ran migration: 70_billing_project_usage_snapshots.sql #10
Ran migration: 70_billing_project_usage_snapshots.sql #11
Ran migration: 70_billing_project_usage_snapshots.sql #12
Ran migration: 70_billing_project_usage_snapshots.sql #13
Ran migration: 70_billing_project_usage_snapshots.sql #14
Ran migration: 71_billable_project_context.sql #1
Ran migration: 71_billable_project_context.sql #2
Ran migration: 71_billable_project_context.sql #3
Ran migration: 71_billable_project_context.sql #4
Migrated billing ledger to micro-points: [33m10000[39m
ensureColumns: added storyboards.layout_description (TEXT)
ensureColumns: added storyboards.image_url (TEXT)
ensureColumns: added storyboards.local_path (TEXT)
ensureColumns: added storyboards.main_panel_idx (INTEGER)
ensureColumns: added storyboards.composed_image (TEXT)
ensureColumns: added storyboards.result (TEXT)
ensureColumns: added storyboards.emotion (TEXT)
ensureColumns: added storyboards.emotion_intensity (INTEGER)
ensureColumns: added storyboards.error_msg (TEXT)
ensureColumns: added storyboards.lighting_style (TEXT)
ensureColumns: added storyboards.depth_of_field (TEXT)
ensureColumns: added storyboards.polished_prompt (TEXT)
ensureColumns: added storyboards.continuity_snapshot (TEXT)
ensureColumns: added storyboards.audio_local_path (TEXT)
ensureColumns: added storyboards.narration_audio_local_path (TEXT)
ensureColumns: added storyboards.omni_prompt_document_json (TEXT)
ensureColumns: added storyboards.first_frame_image_id (INTEGER)
ensureColumns: added storyboards.last_frame_image_id (INTEGER)
ensureColumns: added storyboards.last_frame_image_url (TEXT)
ensureColumns: added storyboards.last_frame_local_path (TEXT)
ensureColumns: added characters.extra_images (TEXT)
ensureColumns: added characters.error_msg (TEXT)
ensureColumns: added characters.ref_image (TEXT)
ensureColumns: added characters.seedance2_voice_asset (TEXT)
ensureColumns: added scenes.polished_prompt (TEXT)
ensureColumns: added scenes.extra_images (TEXT)
ensureColumns: added scenes.ref_image (TEXT)
ensureColumns: added scenes.error_msg (TEXT)
ensureColumns: added props.extra_images (TEXT)
ensureColumns: added props.ref_image (TEXT)
ensureColumns: added props.error_msg (TEXT)
ensureColumns: added tenants.is_new_user_default (INTEGER DEFAULT 0)
ensureColumns: added image_generations.episode_id (INTEGER)
ensureColumns: added image_generations.use_first_frame_layout_lock (INTEGER)
ensureColumns: added image_generations.width (INTEGER)
ensureColumns: added image_generations.height (INTEGER)
ensureColumns: added video_generations.resolution (TEXT)
ensureColumns: added video_generations.seed (INTEGER)
ensureColumns: added video_generations.camera_fixed (INTEGER)
ensureColumns: added video_generations.watermark (INTEGER)
ensureColumns: added video_generations.provider_task_id (TEXT)
ensureColumns: added video_generations.archive_status (TEXT)
ensureColumns: added video_generations.archive_error (TEXT)
ensureColumns: added video_generations.archive_attempts (INTEGER NOT NULL DEFAULT 0)
ensureColumns: added video_generations.archived_at (TEXT)
ensureColumns: added video_merges.merge_options (TEXT)
ensureColumns: added video_merges.merged_url (TEXT)
ensureColumns: added video_merges.duration (INTEGER)
ensureColumns: added video_merges.completed_at (TEXT)
ensureColumns: added video_merges.error_msg (TEXT)
ensureColumns: added assets.reference_alias (TEXT)
ensureColumns: added assets.archived_at (TEXT)
ensureColumns: added omni_video_jobs.storyboard_id (INTEGER)
Ran migration: 01_init.sql #1
Ran migration: 01_init.sql #2
Ran migration: 01_init.sql #3
Ran migration: 01_init.sql #4
Ran migration: 01_init.sql #5
Ran migration: 01_init.sql #6
Ran migration: 01_init.sql #7
Ran migration: 01_init.sql #8
Ran migration: 01_init.sql #9
Ran migration: 01_init.sql #10
Ran migration: 01_init.sql #11
Ran migration: 01_init.sql #12
Ran migration: 01_init.sql #13
Ran migration: 01_init.sql #14
Ran migration: 01_init.sql #15
Ran migration: 01_init.sql #16
Ran migration: 01_init.sql #17
Ran migration: 01_init.sql #18
Skip (already exists): 02_add_default_model.sql
Ran migration: 03_add_props_episode_id.sql
Skip (already exists): 04_async_tasks_columns.sql #1
Skip (already exists): 04_async_tasks_columns.sql #2
Skip (already exists): 04_async_tasks_columns.sql #3
Skip (already exists): 05_add_image_generations_completed_at.sql #1
Skip (already exists): 05_add_image_generations_completed_at.sql #2
Skip (already exists): 06_add_characters_local_path.sql
Skip (already exists): 07_add_scenes_image_columns.sql #1
Skip (already exists): 07_add_scenes_image_columns.sql #2
Skip (already exists): 08_add_video_generations_completed_at.sql #1
Skip (already exists): 08_add_video_generations_completed_at.sql #2
Ran migration: 09_scene_prop_libraries.sql #1
Ran migration: 09_scene_prop_libraries.sql #2
Ran migration: 10_prompt_overrides.sql
Ran migration: 11_add_api_protocol.sql
Ran migration: 12_image_proxy_cache.sql
Ran migration: 13_character_identity_anchors.sql #1
Ran migration: 13_character_identity_anchors.sql #2
Ran migration: 13_character_identity_anchors.sql #3
Ran migration: 13_character_identity_anchors.sql #4
Ran migration: 13_character_identity_anchors.sql #5
Ran migration: 13_character_identity_anchors.sql #6
Ran migration: 13_character_identity_anchors.sql #7
Ran migration: 13_character_identity_anchors.sql #8
Ran migration: 13_character_identity_anchors.sql #9
Ran migration: 14_storyboard_segments_and_model_map.sql #1
Ran migration: 14_storyboard_segments_and_model_map.sql #2
Ran migration: 14_storyboard_segments_and_model_map.sql #3
Ran migration: 15_storyboard_angle_structured.sql #1
Ran migration: 15_storyboard_angle_structured.sql #2
Ran migration: 15_storyboard_angle_structured.sql #3
Ran migration: 16_character_polished_prompt.sql
Ran migration: 17_character_stages.sql
Ran migration: 18_storyboard_narration.sql
Ran migration: 19_storyboard_universal_mode.sql #1
Ran migration: 19_storyboard_universal_mode.sql #2
Ran migration: 20_character_seedance2_asset.sql
Ran migration: 21_asset_negative_prompt.sql #1
Ran migration: 21_asset_negative_prompt.sql #2
Ran migration: 21_asset_negative_prompt.sql #3
Skip (already exists): 22_library_source_id.sql #1
Skip (already exists): 22_library_source_id.sql #2
Skip (already exists): 22_library_source_id.sql #3
Skip (already exists): 22_library_source_id.sql #4
Skip (already exists): 22_library_source_id.sql #5
Skip (already exists): 22_library_source_id.sql #6
Ran migration: 22_library_source_id.sql #7
Ran migration: 22_library_source_id.sql #8
Ran migration: 22_library_source_id.sql #9
Ran migration: 23_omni_video_workbench.sql #1
Ran migration: 23_omni_video_workbench.sql #2
Ran migration: 23_omni_video_workbench.sql #3
Ran migration: 23_omni_video_workbench.sql #4
Ran migration: 23_omni_video_workbench.sql #5
Ran migration: 23_omni_video_workbench.sql #6
Ran migration: 23_omni_video_workbench.sql #7
Ran migration: 23_omni_video_workbench.sql #8
Ran migration: 23_omni_video_workbench.sql #9
Ran migration: 23_omni_video_workbench.sql #10
Ran migration: 23_omni_video_workbench.sql #11
Ran migration: 23_omni_video_workbench.sql #12
Ran migration: 24_asset_seedance2_certification.sql
Ran migration: 25_omni_sequences.sql #1
Ran migration: 25_omni_sequences.sql #2
Ran migration: 25_omni_sequences.sql #3
Ran migration: 25_omni_sequences.sql #4
Ran migration: 25_omni_sequences.sql #5
Ran migration: 26_omni_workbench_improvements.sql #1
Ran migration: 26_omni_workbench_improvements.sql #2
Ran migration: 27_ai_toolbox.sql #1
Ran migration: 27_ai_toolbox.sql #2
Ran migration: 27_ai_toolbox.sql #3
Ran migration: 27_ai_toolbox.sql #4
Ran migration: 27_ai_toolbox.sql #5
Ran migration: 27_ai_toolbox.sql #6
Ran migration: 27_ai_toolbox.sql #7
Ran migration: 28_storyboard_generation_settings.sql #1
Ran migration: 28_storyboard_generation_settings.sql #2
Ran migration: 28_storyboard_generation_settings.sql #3
Ran migration: 28_storyboard_generation_settings.sql #4
Ran migration: 29_resource_seedance2_asset.sql #1
Ran migration: 29_resource_seedance2_asset.sql #2
Ran migration: 30_storyboard_omni_assets.sql #1
Ran migration: 30_storyboard_omni_assets.sql #2
Ran migration: 30_storyboard_omni_assets.sql #3
Ran migration: 30_storyboard_omni_assets.sql #4
Ran migration: 30_storyboard_omni_assets.sql #5
Ran migration: 30_storyboard_omni_assets.sql #6
Ran migration: 30_storyboard_omni_assets.sql #7
Ran migration: 30_storyboard_omni_assets.sql #8
Ran migration: 30_storyboard_omni_assets.sql #9
Ran migration: 31_storyboard_sort_order.sql
Ran migration: 32_asset_favorites.sql
Ran migration: 33_auth_billing_admin.sql #1
Ran migration: 33_auth_billing_admin.sql #2
Ran migration: 33_auth_billing_admin.sql #3
Ran migration: 33_auth_billing_admin.sql #4
Ran migration: 33_auth_billing_admin.sql #5
Ran migration: 33_auth_billing_admin.sql #6
Ran migration: 33_auth_billing_admin.sql #7
Ran migration: 33_auth_billing_admin.sql #8
Ran migration: 33_auth_billing_admin.sql #9
Ran migration: 33_auth_billing_admin.sql #10
Ran migration: 33_auth_billing_admin.sql #11
Ran migration: 33_auth_billing_admin.sql #12
Ran migration: 33_auth_billing_admin.sql #13
Ran migration: 33_auth_billing_admin.sql #14
Ran migration: 33_auth_billing_admin.sql #15
Ran migration: 33_auth_billing_admin.sql #16
Ran migration: 33_auth_billing_admin.sql #17
Ran migration: 33_auth_billing_admin.sql #18
Ran migration: 33_auth_billing_admin.sql #19
Ran migration: 33_auth_billing_admin.sql #20
Ran migration: 33_auth_billing_admin.sql #21
Ran migration: 34_workflow_ownership.sql #1
Ran migration: 34_workflow_ownership.sql #2
Ran migration: 34_workflow_ownership.sql #3
Ran migration: 34_workflow_ownership.sql #4
Ran migration: 34_workflow_ownership.sql #5
Ran migration: 34_workflow_ownership.sql #6
Ran migration: 34_workflow_ownership.sql #7
Ran migration: 35_runtime_auth_settings.sql
Ran migration: 36_volcengine_seedream_official_prices.sql #1
Ran migration: 36_volcengine_seedream_official_prices.sql #2
Ran migration: 36_volcengine_seedream_official_prices.sql #3
Ran migration: 37_points_ratio_and_volcengine_video_prices.sql #1
Ran migration: 37_points_ratio_and_volcengine_video_prices.sql #2
Ran migration: 37_points_ratio_and_volcengine_video_prices.sql #3
Ran migration: 37_points_ratio_and_volcengine_video_prices.sql #4
Ran migration: 37_points_ratio_and_volcengine_video_prices.sql #5
Ran migration: 37_points_ratio_and_volcengine_video_prices.sql #6
Ran migration: 37_points_ratio_and_volcengine_video_prices.sql #7
Ran migration: 37_points_ratio_and_volcengine_video_prices.sql #8
Ran migration: 38_seedance_video_rate_contexts.sql #1
Ran migration: 38_seedance_video_rate_contexts.sql #2
Ran migration: 39_billing_key_for_custom_providers.sql #1
Ran migration: 39_billing_key_for_custom_providers.sql #2
Ran migration: 40_volcengine_text_tts_official_prices.sql #1
Ran migration: 40_volcengine_text_tts_official_prices.sql #2
Ran migration: 40_volcengine_text_tts_official_prices.sql #3
Ran migration: 40_volcengine_text_tts_official_prices.sql #4
Ran migration: 40_volcengine_text_tts_official_prices.sql #5
Ran migration: 41_billing_reconciliation.sql #1
Ran migration: 41_billing_reconciliation.sql #2
Ran migration: 41_billing_reconciliation.sql #3
Ran migration: 42_volcengine_seed_2_lite_prices.sql #1
Ran migration: 42_volcengine_seed_2_lite_prices.sql #2
Ran migration: 43_video_usage_output_meter_and_snapshot.sql #1
Ran migration: 43_video_usage_output_meter_and_snapshot.sql #2
Ran migration: 43_video_usage_output_meter_and_snapshot.sql #3
Ran migration: 44_deduplicate_video_output_meters.sql #1
Ran migration: 44_deduplicate_video_output_meters.sql #2
Ran migration: 45_remove_legacy_model_permissions.sql
Ran migration: 46_seed_2_lite_context_tier.sql #1
Ran migration: 46_seed_2_lite_context_tier.sql #2
Ran migration: 46_seed_2_lite_context_tier.sql #3
Ran migration: 47_seedance_2_mini_price.sql #1
Ran migration: 47_seedance_2_mini_price.sql #2
Ran migration: 48_media_archive_records.sql #1
Ran migration: 48_media_archive_records.sql #2
Ran migration: 49_seedance_2_5_price.sql #1
Ran migration: 49_seedance_2_5_price.sql #2
Ran migration: 50_storyboard_generation_inheritance.sql #1
Ran migration: 50_storyboard_generation_inheritance.sql #2
Ran migration: 51_video_poster_path.sql
Ran migration: 52_asset_links_video_interpolation.sql #1
Ran migration: 52_asset_links_video_interpolation.sql #2
Ran migration: 52_asset_links_video_interpolation.sql #3
Ran migration: 52_asset_links_video_interpolation.sql #4
Ran migration: 52_asset_links_video_interpolation.sql #5
Ran migration: 52_asset_links_video_interpolation.sql #6
Ran migration: 52_asset_links_video_interpolation.sql #7
Ran migration: 52_asset_links_video_interpolation.sql #8
Ran migration: 52_asset_links_video_interpolation.sql #9
Ran migration: 52_asset_links_video_interpolation.sql #10
Ran migration: 52_asset_links_video_interpolation.sql #11
Ran migration: 52_asset_links_video_interpolation.sql #12
Ran migration: 52_asset_links_video_interpolation.sql #13
Ran migration: 52_asset_links_video_interpolation.sql #14
Ran migration: 52_asset_links_video_interpolation.sql #15
Ran migration: 52_asset_links_video_interpolation.sql #16
Ran migration: 52_asset_links_video_interpolation.sql #17
Ran migration: 53_video_upscale_and_billing_reaudit.sql #1
Ran migration: 53_video_upscale_and_billing_reaudit.sql #2
Ran migration: 53_video_upscale_and_billing_reaudit.sql #3
Ran migration: 53_video_upscale_and_billing_reaudit.sql #4
Ran migration: 53_video_upscale_and_billing_reaudit.sql #5
Ran migration: 53_video_upscale_and_billing_reaudit.sql #6
Ran migration: 53_video_upscale_and_billing_reaudit.sql #7
Ran migration: 53_video_upscale_and_billing_reaudit.sql #9
Ran migration: 53_video_upscale_and_billing_reaudit.sql #10
Ran migration: 54_storyboard_optional_video_postprocess.sql #1
Ran migration: 54_storyboard_optional_video_postprocess.sql #2
Ran migration: 54_storyboard_optional_video_postprocess.sql #3
Ran migration: 55_video_intermediate_cleanup_opt_in.sql
Ran migration: 56_fix_mediakit_postprocess_display_fallback_prices.sql #1
Ran migration: 56_fix_mediakit_postprocess_display_fallback_prices.sql #2
Ran migration: 57_mediakit_shared_connection_defaults.sql
Ran migration: 58_storyboard_active_video_version.sql
Ran migration: 59_operations_alert_settings.sql #1
Ran migration: 59_operations_alert_settings.sql #2
Ran migration: 60_operations_report_snapshots.sql
Ran migration: 61_tenant_billing_and_console_isolation.sql #1
Ran migration: 61_tenant_billing_and_console_isolation.sql #2
Ran migration: 61_tenant_billing_and_console_isolation.sql #3
Ran migration: 61_tenant_billing_and_console_isolation.sql #4
Ran migration: 61_tenant_billing_and_console_isolation.sql #5
Ran migration: 61_tenant_billing_and_console_isolation.sql #6
Ran migration: 61_tenant_billing_and_console_isolation.sql #7
Ran migration: 61_tenant_billing_and_console_isolation.sql #8
Ran migration: 61_tenant_billing_and_console_isolation.sql #9
Ran migration: 61_tenant_billing_and_console_isolation.sql #10
Ran migration: 61_tenant_billing_and_console_isolation.sql #11
Ran migration: 61_tenant_billing_and_console_isolation.sql #12
Ran migration: 61_tenant_billing_and_console_isolation.sql #13
Ran migration: 61_tenant_billing_and_console_isolation.sql #14
Ran migration: 61_tenant_billing_and_console_isolation.sql #15
Ran migration: 61_tenant_billing_and_console_isolation.sql #16
Ran migration: 62_migrate_existing_users_to_default_tenant.sql #1
Ran migration: 62_migrate_existing_users_to_default_tenant.sql #2
Ran migration: 62_migrate_existing_users_to_default_tenant.sql #3
Ran migration: 62_migrate_existing_users_to_default_tenant.sql #4
Ran migration: 62_migrate_existing_users_to_default_tenant.sql #5
Ran migration: 63_geeknow_gpt_image_2_price.sql #1
Ran migration: 63_geeknow_gpt_image_2_price.sql #2
Ran migration: 64_default_tenant_price_book_compatibility.sql
Ran migration: 65_tool_run_tenant_scope.sql #1
Ran migration: 65_tool_run_tenant_scope.sql #2
Ran migration: 66_tenant_config_defaults.sql #1
Ran migration: 66_tenant_config_defaults.sql #2
Ran migration: 66_tenant_config_defaults.sql #3
Ran migration: 66_tenant_config_defaults.sql #4
Ran migration: 66_tenant_config_defaults.sql #5
Ran migration: 67_tenant_owned_ai_configs.sql #1
Ran migration: 67_tenant_owned_ai_configs.sql #2
Ran migration: 68_preserve_legacy_default_tenant.sql #1
Ran migration: 68_preserve_legacy_default_tenant.sql #2
Skip migration (table not found, will be ensured later): 69_homepage_default_video_resources.sql - no such table: global_settings
Ran migration: 70_billing_project_usage_snapshots.sql #1
Ran migration: 70_billing_project_usage_snapshots.sql #2
Ran migration: 70_billing_project_usage_snapshots.sql #3
Ran migration: 70_billing_project_usage_snapshots.sql #4
Ran migration: 70_billing_project_usage_snapshots.sql #5
Ran migration: 70_billing_project_usage_snapshots.sql #6
Ran migration: 70_billing_project_usage_snapshots.sql #7
Ran migration: 70_billing_project_usage_snapshots.sql #8
Ran migration: 70_billing_project_usage_snapshots.sql #9
Ran migration: 70_billing_project_usage_snapshots.sql #10
Ran migration: 70_billing_project_usage_snapshots.sql #11
Ran migration: 70_billing_project_usage_snapshots.sql #12
Ran migration: 70_billing_project_usage_snapshots.sql #13
Ran migration: 70_billing_project_usage_snapshots.sql #14
Ran migration: 71_billable_project_context.sql #1
Ran migration: 71_billable_project_context.sql #2
Ran migration: 71_billable_project_context.sql #3
Ran migration: 71_billable_project_context.sql #4
Migrated billing ledger to micro-points: [33m10000[39m
ensureColumns: added storyboards.layout_description (TEXT)
ensureColumns: added storyboards.image_url (TEXT)
ensureColumns: added storyboards.local_path (TEXT)
ensureColumns: added storyboards.main_panel_idx (INTEGER)
ensureColumns: added storyboards.composed_image (TEXT)
ensureColumns: added storyboards.result (TEXT)
ensureColumns: added storyboards.emotion (TEXT)
ensureColumns: added storyboards.emotion_intensity (INTEGER)
ensureColumns: added storyboards.error_msg (TEXT)
ensureColumns: added storyboards.lighting_style (TEXT)
ensureColumns: added storyboards.depth_of_field (TEXT)
ensureColumns: added storyboards.polished_prompt (TEXT)
ensureColumns: added storyboards.continuity_snapshot (TEXT)
ensureColumns: added storyboards.audio_local_path (TEXT)
ensureColumns: added storyboards.narration_audio_local_path (TEXT)
ensureColumns: added storyboards.omni_prompt_document_json (TEXT)
ensureColumns: added storyboards.first_frame_image_id (INTEGER)
ensureColumns: added storyboards.last_frame_image_id (INTEGER)
ensureColumns: added storyboards.last_frame_image_url (TEXT)
ensureColumns: added storyboards.last_frame_local_path (TEXT)
ensureColumns: added characters.extra_images (TEXT)
ensureColumns: added characters.error_msg (TEXT)
ensureColumns: added characters.ref_image (TEXT)
ensureColumns: added characters.seedance2_voice_asset (TEXT)
ensureColumns: added scenes.polished_prompt (TEXT)
ensureColumns: added scenes.extra_images (TEXT)
ensureColumns: added scenes.ref_image (TEXT)
ensureColumns: added scenes.error_msg (TEXT)
ensureColumns: added props.extra_images (TEXT)
ensureColumns: added props.ref_image (TEXT)
ensureColumns: added props.error_msg (TEXT)
ensureColumns: added tenants.is_new_user_default (INTEGER DEFAULT 0)
ensureColumns: added image_generations.episode_id (INTEGER)
ensureColumns: added image_generations.use_first_frame_layout_lock (INTEGER)
ensureColumns: added image_generations.width (INTEGER)
ensureColumns: added image_generations.height (INTEGER)
ensureColumns: added video_generations.resolution (TEXT)
ensureColumns: added video_generations.seed (INTEGER)
ensureColumns: added video_generations.camera_fixed (INTEGER)
ensureColumns: added video_generations.watermark (INTEGER)
ensureColumns: added video_generations.provider_task_id (TEXT)
ensureColumns: added video_generations.archive_status (TEXT)
ensureColumns: added video_generations.archive_error (TEXT)
ensureColumns: added video_generations.archive_attempts (INTEGER NOT NULL DEFAULT 0)
ensureColumns: added video_generations.archived_at (TEXT)
ensureColumns: added video_merges.merge_options (TEXT)
ensureColumns: added video_merges.merged_url (TEXT)
ensureColumns: added video_merges.duration (INTEGER)
ensureColumns: added video_merges.completed_at (TEXT)
ensureColumns: added video_merges.error_msg (TEXT)
ensureColumns: added assets.reference_alias (TEXT)
ensureColumns: added assets.archived_at (TEXT)
ensureColumns: added omni_video_jobs.storyboard_id (INTEGER)
Ran migration: 01_init.sql #1
Ran migration: 01_init.sql #2
Ran migration: 01_init.sql #3
Ran migration: 01_init.sql #4
Ran migration: 01_init.sql #5
Ran migration: 01_init.sql #6
Ran migration: 01_init.sql #7
Ran migration: 01_init.sql #8
Ran migration: 01_init.sql #9
Ran migration: 01_init.sql #10
Ran migration: 01_init.sql #11
Ran migration: 01_init.sql #12
Ran migration: 01_init.sql #13
Ran migration: 01_init.sql #14
Ran migration: 01_init.sql #15
Ran migration: 01_init.sql #16
Ran migration: 01_init.sql #17
Ran migration: 01_init.sql #18
Skip (already exists): 02_add_default_model.sql
Ran migration: 03_add_props_episode_id.sql
Skip (already exists): 04_async_tasks_columns.sql #1
Skip (already exists): 04_async_tasks_columns.sql #2
Skip (already exists): 04_async_tasks_columns.sql #3
Skip (already exists): 05_add_image_generations_completed_at.sql #1
Skip (already exists): 05_add_image_generations_completed_at.sql #2
Skip (already exists): 06_add_characters_local_path.sql
Skip (already exists): 07_add_scenes_image_columns.sql #1
Skip (already exists): 07_add_scenes_image_columns.sql #2
Skip (already exists): 08_add_video_generations_completed_at.sql #1
Skip (already exists): 08_add_video_generations_completed_at.sql #2
Ran migration: 09_scene_prop_libraries.sql #1
Ran migration: 09_scene_prop_libraries.sql #2
Ran migration: 10_prompt_overrides.sql
Ran migration: 11_add_api_protocol.sql
Ran migration: 12_image_proxy_cache.sql
Ran migration: 13_character_identity_anchors.sql #1
Ran migration: 13_character_identity_anchors.sql #2
Ran migration: 13_character_identity_anchors.sql #3
Ran migration: 13_character_identity_anchors.sql #4
Ran migration: 13_character_identity_anchors.sql #5
Ran migration: 13_character_identity_anchors.sql #6
Ran migration: 13_character_identity_anchors.sql #7
Ran migration: 13_character_identity_anchors.sql #8
Ran migration: 13_character_identity_anchors.sql #9
Ran migration: 14_storyboard_segments_and_model_map.sql #1
Ran migration: 14_storyboard_segments_and_model_map.sql #2
Ran migration: 14_storyboard_segments_and_model_map.sql #3
Ran migration: 15_storyboard_angle_structured.sql #1
Ran migration: 15_storyboard_angle_structured.sql #2
Ran migration: 15_storyboard_angle_structured.sql #3
Ran migration: 16_character_polished_prompt.sql
Ran migration: 17_character_stages.sql
Ran migration: 18_storyboard_narration.sql
Ran migration: 19_storyboard_universal_mode.sql #1
Ran migration: 19_storyboard_universal_mode.sql #2
Ran migration: 20_character_seedance2_asset.sql
Ran migration: 21_asset_negative_prompt.sql #1
Ran migration: 21_asset_negative_prompt.sql #2
Ran migration: 21_asset_negative_prompt.sql #3
Skip (already exists): 22_library_source_id.sql #1
Skip (already exists): 22_library_source_id.sql #2
Skip (already exists): 22_library_source_id.sql #3
Skip (already exists): 22_library_source_id.sql #4
Skip (already exists): 22_library_source_id.sql #5
Skip (already exists): 22_library_source_id.sql #6
Ran migration: 22_library_source_id.sql #7
Ran migration: 22_library_source_id.sql #8
Ran migration: 22_library_source_id.sql #9
Ran migration: 23_omni_video_workbench.sql #1
Ran migration: 23_omni_video_workbench.sql #2
Ran migration: 23_omni_video_workbench.sql #3
Ran migration: 23_omni_video_workbench.sql #4
Ran migration: 23_omni_video_workbench.sql #5
Ran migration: 23_omni_video_workbench.sql #6
Ran migration: 23_omni_video_workbench.sql #7
Ran migration: 23_omni_video_workbench.sql #8
Ran migration: 23_omni_video_workbench.sql #9
Ran migration: 23_omni_video_workbench.sql #10
Ran migration: 23_omni_video_workbench.sql #11
Ran migration: 23_omni_video_workbench.sql #12
Ran migration: 24_asset_seedance2_certification.sql
Ran migration: 25_omni_sequences.sql #1
Ran migration: 25_omni_sequences.sql #2
Ran migration: 25_omni_sequences.sql #3
Ran migration: 25_omni_sequences.sql #4
Ran migration: 25_omni_sequences.sql #5
Ran migration: 26_omni_workbench_improvements.sql #1
Ran migration: 26_omni_workbench_improvements.sql #2
Ran migration: 27_ai_toolbox.sql #1
Ran migration: 27_ai_toolbox.sql #2
Ran migration: 27_ai_toolbox.sql #3
Ran migration: 27_ai_toolbox.sql #4
Ran migration: 27_ai_toolbox.sql #5
Ran migration: 27_ai_toolbox.sql #6
Ran migration: 27_ai_toolbox.sql #7
Ran migration: 28_storyboard_generation_settings.sql #1
Ran migration: 28_storyboard_generation_settings.sql #2
Ran migration: 28_storyboard_generation_settings.sql #3
Ran migration: 28_storyboard_generation_settings.sql #4
Ran migration: 29_resource_seedance2_asset.sql #1
Ran migration: 29_resource_seedance2_asset.sql #2
Ran migration: 30_storyboard_omni_assets.sql #1
Ran migration: 30_storyboard_omni_assets.sql #2
Ran migration: 30_storyboard_omni_assets.sql #3
Ran migration: 30_storyboard_omni_assets.sql #4
Ran migration: 30_storyboard_omni_assets.sql #5
Ran migration: 30_storyboard_omni_assets.sql #6
Ran migration: 30_storyboard_omni_assets.sql #7
Ran migration: 30_storyboard_omni_assets.sql #8
Ran migration: 30_storyboard_omni_assets.sql #9
Ran migration: 31_storyboard_sort_order.sql
Ran migration: 32_asset_favorites.sql
Ran migration: 33_auth_billing_admin.sql #1
Ran migration: 33_auth_billing_admin.sql #2
Ran migration: 33_auth_billing_admin.sql #3
Ran migration: 33_auth_billing_admin.sql #4
Ran migration: 33_auth_billing_admin.sql #5
Ran migration: 33_auth_billing_admin.sql #6
Ran migration: 33_auth_billing_admin.sql #7
Ran migration: 33_auth_billing_admin.sql #8
Ran migration: 33_auth_billing_admin.sql #9
Ran migration: 33_auth_billing_admin.sql #10
Ran migration: 33_auth_billing_admin.sql #11
Ran migration: 33_auth_billing_admin.sql #12
Ran migration: 33_auth_billing_admin.sql #13
Ran migration: 33_auth_billing_admin.sql #14
Ran migration: 33_auth_billing_admin.sql #15
Ran migration: 33_auth_billing_admin.sql #16
Ran migration: 33_auth_billing_admin.sql #17
Ran migration: 33_auth_billing_admin.sql #18
Ran migration: 33_auth_billing_admin.sql #19
Ran migration: 33_auth_billing_admin.sql #20
Ran migration: 33_auth_billing_admin.sql #21
Ran migration: 34_workflow_ownership.sql #1
Ran migration: 34_workflow_ownership.sql #2
Ran migration: 34_workflow_ownership.sql #3
Ran migration: 34_workflow_ownership.sql #4
Ran migration: 34_workflow_ownership.sql #5
Ran migration: 34_workflow_ownership.sql #6
Ran migration: 34_workflow_ownership.sql #7
Ran migration: 35_runtime_auth_settings.sql
Ran migration: 36_volcengine_seedream_official_prices.sql #1
Ran migration: 36_volcengine_seedream_official_prices.sql #2
Ran migration: 36_volcengine_seedream_official_prices.sql #3
Ran migration: 37_points_ratio_and_volcengine_video_prices.sql #1
Ran migration: 37_points_ratio_and_volcengine_video_prices.sql #2
Ran migration: 37_points_ratio_and_volcengine_video_prices.sql #3
Ran migration: 37_points_ratio_and_volcengine_video_prices.sql #4
Ran migration: 37_points_ratio_and_volcengine_video_prices.sql #5
Ran migration: 37_points_ratio_and_volcengine_video_prices.sql #6
Ran migration: 37_points_ratio_and_volcengine_video_prices.sql #7
Ran migration: 37_points_ratio_and_volcengine_video_prices.sql #8
Ran migration: 38_seedance_video_rate_contexts.sql #1
Ran migration: 38_seedance_video_rate_contexts.sql #2
Ran migration: 39_billing_key_for_custom_providers.sql #1
Ran migration: 39_billing_key_for_custom_providers.sql #2
Ran migration: 40_volcengine_text_tts_official_prices.sql #1
Ran migration: 40_volcengine_text_tts_official_prices.sql #2
Ran migration: 40_volcengine_text_tts_official_prices.sql #3
Ran migration: 40_volcengine_text_tts_official_prices.sql #4
Ran migration: 40_volcengine_text_tts_official_prices.sql #5
Ran migration: 41_billing_reconciliation.sql #1
Ran migration: 41_billing_reconciliation.sql #2
Ran migration: 41_billing_reconciliation.sql #3
Ran migration: 42_volcengine_seed_2_lite_prices.sql #1
Ran migration: 42_volcengine_seed_2_lite_prices.sql #2
Ran migration: 43_video_usage_output_meter_and_snapshot.sql #1
Ran migration: 43_video_usage_output_meter_and_snapshot.sql #2
Ran migration: 43_video_usage_output_meter_and_snapshot.sql #3
Ran migration: 44_deduplicate_video_output_meters.sql #1
Ran migration: 44_deduplicate_video_output_meters.sql #2
Ran migration: 45_remove_legacy_model_permissions.sql
Ran migration: 46_seed_2_lite_context_tier.sql #1
Ran migration: 46_seed_2_lite_context_tier.sql #2
Ran migration: 46_seed_2_lite_context_tier.sql #3
Ran migration: 47_seedance_2_mini_price.sql #1
Ran migration: 47_seedance_2_mini_price.sql #2
Ran migration: 48_media_archive_records.sql #1
Ran migration: 48_media_archive_records.sql #2
Ran migration: 49_seedance_2_5_price.sql #1
Ran migration: 49_seedance_2_5_price.sql #2
Ran migration: 50_storyboard_generation_inheritance.sql #1
Ran migration: 50_storyboard_generation_inheritance.sql #2
Ran migration: 51_video_poster_path.sql
Ran migration: 52_asset_links_video_interpolation.sql #1
Ran migration: 52_asset_links_video_interpolation.sql #2
Ran migration: 52_asset_links_video_interpolation.sql #3
Ran migration: 52_asset_links_video_interpolation.sql #4
Ran migration: 52_asset_links_video_interpolation.sql #5
Ran migration: 52_asset_links_video_interpolation.sql #6
Ran migration: 52_asset_links_video_interpolation.sql #7
Ran migration: 52_asset_links_video_interpolation.sql #8
Ran migration: 52_asset_links_video_interpolation.sql #9
Ran migration: 52_asset_links_video_interpolation.sql #10
Ran migration: 52_asset_links_video_interpolation.sql #11
Ran migration: 52_asset_links_video_interpolation.sql #12
Ran migration: 52_asset_links_video_interpolation.sql #13
Ran migration: 52_asset_links_video_interpolation.sql #14
Ran migration: 52_asset_links_video_interpolation.sql #15
Ran migration: 52_asset_links_video_interpolation.sql #16
Ran migration: 52_asset_links_video_interpolation.sql #17
Ran migration: 53_video_upscale_and_billing_reaudit.sql #1
Ran migration: 53_video_upscale_and_billing_reaudit.sql #2
Ran migration: 53_video_upscale_and_billing_reaudit.sql #3
Ran migration: 53_video_upscale_and_billing_reaudit.sql #4
Ran migration: 53_video_upscale_and_billing_reaudit.sql #5
Ran migration: 53_video_upscale_and_billing_reaudit.sql #6
Ran migration: 53_video_upscale_and_billing_reaudit.sql #7
Ran migration: 53_video_upscale_and_billing_reaudit.sql #9
Ran migration: 53_video_upscale_and_billing_reaudit.sql #10
Ran migration: 54_storyboard_optional_video_postprocess.sql #1
Ran migration: 54_storyboard_optional_video_postprocess.sql #2
Ran migration: 54_storyboard_optional_video_postprocess.sql #3
Ran migration: 55_video_intermediate_cleanup_opt_in.sql
Ran migration: 56_fix_mediakit_postprocess_display_fallback_prices.sql #1
Ran migration: 56_fix_mediakit_postprocess_display_fallback_prices.sql #2
Ran migration: 57_mediakit_shared_connection_defaults.sql
Ran migration: 58_storyboard_active_video_version.sql
Ran migration: 59_operations_alert_settings.sql #1
Ran migration: 59_operations_alert_settings.sql #2
Ran migration: 60_operations_report_snapshots.sql
Ran migration: 61_tenant_billing_and_console_isolation.sql #1
Ran migration: 61_tenant_billing_and_console_isolation.sql #2
Ran migration: 61_tenant_billing_and_console_isolation.sql #3
Ran migration: 61_tenant_billing_and_console_isolation.sql #4
Ran migration: 61_tenant_billing_and_console_isolation.sql #5
Ran migration: 61_tenant_billing_and_console_isolation.sql #6
Ran migration: 61_tenant_billing_and_console_isolation.sql #7
Ran migration: 61_tenant_billing_and_console_isolation.sql #8
Ran migration: 61_tenant_billing_and_console_isolation.sql #9
Ran migration: 61_tenant_billing_and_console_isolation.sql #10
Ran migration: 61_tenant_billing_and_console_isolation.sql #11
Ran migration: 61_tenant_billing_and_console_isolation.sql #12
Ran migration: 61_tenant_billing_and_console_isolation.sql #13
Ran migration: 61_tenant_billing_and_console_isolation.sql #14
Ran migration: 61_tenant_billing_and_console_isolation.sql #15
Ran migration: 61_tenant_billing_and_console_isolation.sql #16
Ran migration: 62_migrate_existing_users_to_default_tenant.sql #1
Ran migration: 62_migrate_existing_users_to_default_tenant.sql #2
Ran migration: 62_migrate_existing_users_to_default_tenant.sql #3
Ran migration: 62_migrate_existing_users_to_default_tenant.sql #4
Ran migration: 62_migrate_existing_users_to_default_tenant.sql #5
Ran migration: 63_geeknow_gpt_image_2_price.sql #1
Ran migration: 63_geeknow_gpt_image_2_price.sql #2
Ran migration: 64_default_tenant_price_book_compatibility.sql
Ran migration: 65_tool_run_tenant_scope.sql #1
Ran migration: 65_tool_run_tenant_scope.sql #2
Ran migration: 66_tenant_config_defaults.sql #1
Ran migration: 66_tenant_config_defaults.sql #2
Ran migration: 66_tenant_config_defaults.sql #3
Ran migration: 66_tenant_config_defaults.sql #4
Ran migration: 66_tenant_config_defaults.sql #5
Ran migration: 67_tenant_owned_ai_configs.sql #1
Ran migration: 67_tenant_owned_ai_configs.sql #2
Ran migration: 68_preserve_legacy_default_tenant.sql #1
Ran migration: 68_preserve_legacy_default_tenant.sql #2
Skip migration (table not found, will be ensured later): 69_homepage_default_video_resources.sql - no such table: global_settings
Ran migration: 70_billing_project_usage_snapshots.sql #1
Ran migration: 70_billing_project_usage_snapshots.sql #2
Ran migration: 70_billing_project_usage_snapshots.sql #3
Ran migration: 70_billing_project_usage_snapshots.sql #4
Ran migration: 70_billing_project_usage_snapshots.sql #5
Ran migration: 70_billing_project_usage_snapshots.sql #6
Ran migration: 70_billing_project_usage_snapshots.sql #7
Ran migration: 70_billing_project_usage_snapshots.sql #8
Ran migration: 70_billing_project_usage_snapshots.sql #9
Ran migration: 70_billing_project_usage_snapshots.sql #10
Ran migration: 70_billing_project_usage_snapshots.sql #11
Ran migration: 70_billing_project_usage_snapshots.sql #12
Ran migration: 70_billing_project_usage_snapshots.sql #13
Ran migration: 70_billing_project_usage_snapshots.sql #14
Ran migration: 71_billable_project_context.sql #1
Ran migration: 71_billable_project_context.sql #2
Ran migration: 71_billable_project_context.sql #3
Ran migration: 71_billable_project_context.sql #4
Migrated billing ledger to micro-points: [33m10000[39m
ensureColumns: added storyboards.layout_description (TEXT)
ensureColumns: added storyboards.image_url (TEXT)
ensureColumns: added storyboards.local_path (TEXT)
ensureColumns: added storyboards.main_panel_idx (INTEGER)
ensureColumns: added storyboards.composed_image (TEXT)
ensureColumns: added storyboards.result (TEXT)
ensureColumns: added storyboards.emotion (TEXT)
ensureColumns: added storyboards.emotion_intensity (INTEGER)
ensureColumns: added storyboards.error_msg (TEXT)
ensureColumns: added storyboards.lighting_style (TEXT)
ensureColumns: added storyboards.depth_of_field (TEXT)
ensureColumns: added storyboards.polished_prompt (TEXT)
ensureColumns: added storyboards.continuity_snapshot (TEXT)
ensureColumns: added storyboards.audio_local_path (TEXT)
ensureColumns: added storyboards.narration_audio_local_path (TEXT)
ensureColumns: added storyboards.omni_prompt_document_json (TEXT)
ensureColumns: added storyboards.first_frame_image_id (INTEGER)
ensureColumns: added storyboards.last_frame_image_id (INTEGER)
ensureColumns: added storyboards.last_frame_image_url (TEXT)
ensureColumns: added storyboards.last_frame_local_path (TEXT)
ensureColumns: added characters.extra_images (TEXT)
ensureColumns: added characters.error_msg (TEXT)
ensureColumns: added characters.ref_image (TEXT)
ensureColumns: added characters.seedance2_voice_asset (TEXT)
ensureColumns: added scenes.polished_prompt (TEXT)
ensureColumns: added scenes.extra_images (TEXT)
ensureColumns: added scenes.ref_image (TEXT)
ensureColumns: added scenes.error_msg (TEXT)
ensureColumns: added props.extra_images (TEXT)
ensureColumns: added props.ref_image (TEXT)
ensureColumns: added props.error_msg (TEXT)
ensureColumns: added tenants.is_new_user_default (INTEGER DEFAULT 0)
ensureColumns: added image_generations.episode_id (INTEGER)
ensureColumns: added image_generations.use_first_frame_layout_lock (INTEGER)
ensureColumns: added image_generations.width (INTEGER)
ensureColumns: added image_generations.height (INTEGER)
ensureColumns: added video_generations.resolution (TEXT)
ensureColumns: added video_generations.seed (INTEGER)
ensureColumns: added video_generations.camera_fixed (INTEGER)
ensureColumns: added video_generations.watermark (INTEGER)
ensureColumns: added video_generations.provider_task_id (TEXT)
ensureColumns: added video_generations.archive_status (TEXT)
ensureColumns: added video_generations.archive_error (TEXT)
ensureColumns: added video_generations.archive_attempts (INTEGER NOT NULL DEFAULT 0)
ensureColumns: added video_generations.archived_at (TEXT)
ensureColumns: added video_merges.merge_options (TEXT)
ensureColumns: added video_merges.merged_url (TEXT)
ensureColumns: added video_merges.duration (INTEGER)
ensureColumns: added video_merges.completed_at (TEXT)
ensureColumns: added video_merges.error_msg (TEXT)
ensureColumns: added assets.reference_alias (TEXT)
ensureColumns: added assets.archived_at (TEXT)
ensureColumns: added omni_video_jobs.storyboard_id (INTEGER)
Ran migration: 01_init.sql #1
Ran migration: 01_init.sql #2
Ran migration: 01_init.sql #3
Ran migration: 01_init.sql #4
Ran migration: 01_init.sql #5
Ran migration: 01_init.sql #6
Ran migration: 01_init.sql #7
Ran migration: 01_init.sql #8
Ran migration: 01_init.sql #9
Ran migration: 01_init.sql #10
Ran migration: 01_init.sql #11
Ran migration: 01_init.sql #12
Ran migration: 01_init.sql #13
Ran migration: 01_init.sql #14
Ran migration: 01_init.sql #15
Ran migration: 01_init.sql #16
Ran migration: 01_init.sql #17
Ran migration: 01_init.sql #18
Skip (already exists): 02_add_default_model.sql
Ran migration: 03_add_props_episode_id.sql
Skip (already exists): 04_async_tasks_columns.sql #1
Skip (already exists): 04_async_tasks_columns.sql #2
Skip (already exists): 04_async_tasks_columns.sql #3
Skip (already exists): 05_add_image_generations_completed_at.sql #1
Skip (already exists): 05_add_image_generations_completed_at.sql #2
Skip (already exists): 06_add_characters_local_path.sql
Skip (already exists): 07_add_scenes_image_columns.sql #1
Skip (already exists): 07_add_scenes_image_columns.sql #2
Skip (already exists): 08_add_video_generations_completed_at.sql #1
Skip (already exists): 08_add_video_generations_completed_at.sql #2
Ran migration: 09_scene_prop_libraries.sql #1
Ran migration: 09_scene_prop_libraries.sql #2
Ran migration: 10_prompt_overrides.sql
Ran migration: 11_add_api_protocol.sql
Ran migration: 12_image_proxy_cache.sql
Ran migration: 13_character_identity_anchors.sql #1
Ran migration: 13_character_identity_anchors.sql #2
Ran migration: 13_character_identity_anchors.sql #3
Ran migration: 13_character_identity_anchors.sql #4
Ran migration: 13_character_identity_anchors.sql #5
Ran migration: 13_character_identity_anchors.sql #6
Ran migration: 13_character_identity_anchors.sql #7
Ran migration: 13_character_identity_anchors.sql #8
Ran migration: 13_character_identity_anchors.sql #9
Ran migration: 14_storyboard_segments_and_model_map.sql #1
Ran migration: 14_storyboard_segments_and_model_map.sql #2
Ran migration: 14_storyboard_segments_and_model_map.sql #3
Ran migration: 15_storyboard_angle_structured.sql #1
Ran migration: 15_storyboard_angle_structured.sql #2
Ran migration: 15_storyboard_angle_structured.sql #3
Ran migration: 16_character_polished_prompt.sql
Ran migration: 17_character_stages.sql
Ran migration: 18_storyboard_narration.sql
Ran migration: 19_storyboard_universal_mode.sql #1
Ran migration: 19_storyboard_universal_mode.sql #2
Ran migration: 20_character_seedance2_asset.sql
Ran migration: 21_asset_negative_prompt.sql #1
Ran migration: 21_asset_negative_prompt.sql #2
Ran migration: 21_asset_negative_prompt.sql #3
Skip (already exists): 22_library_source_id.sql #1
Skip (already exists): 22_library_source_id.sql #2
Skip (already exists): 22_library_source_id.sql #3
Skip (already exists): 22_library_source_id.sql #4
Skip (already exists): 22_library_source_id.sql #5
Skip (already exists): 22_library_source_id.sql #6
Ran migration: 22_library_source_id.sql #7
Ran migration: 22_library_source_id.sql #8
Ran migration: 22_library_source_id.sql #9
Ran migration: 23_omni_video_workbench.sql #1
Ran migration: 23_omni_video_workbench.sql #2
Ran migration: 23_omni_video_workbench.sql #3
Ran migration: 23_omni_video_workbench.sql #4
Ran migration: 23_omni_video_workbench.sql #5
Ran migration: 23_omni_video_workbench.sql #6
Ran migration: 23_omni_video_workbench.sql #7
Ran migration: 23_omni_video_workbench.sql #8
Ran migration: 23_omni_video_workbench.sql #9
Ran migration: 23_omni_video_workbench.sql #10
Ran migration: 23_omni_video_workbench.sql #11
Ran migration: 23_omni_video_workbench.sql #12
Ran migration: 24_asset_seedance2_certification.sql
Ran migration: 25_omni_sequences.sql #1
Ran migration: 25_omni_sequences.sql #2
Ran migration: 25_omni_sequences.sql #3
Ran migration: 25_omni_sequences.sql #4
Ran migration: 25_omni_sequences.sql #5
Ran migration: 26_omni_workbench_improvements.sql #1
Ran migration: 26_omni_workbench_improvements.sql #2
Ran migration: 27_ai_toolbox.sql #1
Ran migration: 27_ai_toolbox.sql #2
Ran migration: 27_ai_toolbox.sql #3
Ran migration: 27_ai_toolbox.sql #4
Ran migration: 27_ai_toolbox.sql #5
Ran migration: 27_ai_toolbox.sql #6
Ran migration: 27_ai_toolbox.sql #7
Ran migration: 28_storyboard_generation_settings.sql #1
Ran migration: 28_storyboard_generation_settings.sql #2
Ran migration: 28_storyboard_generation_settings.sql #3
Ran migration: 28_storyboard_generation_settings.sql #4
Ran migration: 29_resource_seedance2_asset.sql #1
Ran migration: 29_resource_seedance2_asset.sql #2
Ran migration: 30_storyboard_omni_assets.sql #1
Ran migration: 30_storyboard_omni_assets.sql #2
Ran migration: 30_storyboard_omni_assets.sql #3
Ran migration: 30_storyboard_omni_assets.sql #4
Ran migration: 30_storyboard_omni_assets.sql #5
Ran migration: 30_storyboard_omni_assets.sql #6
Ran migration: 30_storyboard_omni_assets.sql #7
Ran migration: 30_storyboard_omni_assets.sql #8
Ran migration: 30_storyboard_omni_assets.sql #9
Ran migration: 31_storyboard_sort_order.sql
Ran migration: 32_asset_favorites.sql
Ran migration: 33_auth_billing_admin.sql #1
Ran migration: 33_auth_billing_admin.sql #2
Ran migration: 33_auth_billing_admin.sql #3
Ran migration: 33_auth_billing_admin.sql #4
Ran migration: 33_auth_billing_admin.sql #5
Ran migration: 33_auth_billing_admin.sql #6
Ran migration: 33_auth_billing_admin.sql #7
Ran migration: 33_auth_billing_admin.sql #8
Ran migration: 33_auth_billing_admin.sql #9
Ran migration: 33_auth_billing_admin.sql #10
Ran migration: 33_auth_billing_admin.sql #11
Ran migration: 33_auth_billing_admin.sql #12
Ran migration: 33_auth_billing_admin.sql #13
Ran migration: 33_auth_billing_admin.sql #14
Ran migration: 33_auth_billing_admin.sql #15
Ran migration: 33_auth_billing_admin.sql #16
Ran migration: 33_auth_billing_admin.sql #17
Ran migration: 33_auth_billing_admin.sql #18
Ran migration: 33_auth_billing_admin.sql #19
Ran migration: 33_auth_billing_admin.sql #20
Ran migration: 33_auth_billing_admin.sql #21
Ran migration: 34_workflow_ownership.sql #1
Ran migration: 34_workflow_ownership.sql #2
Ran migration: 34_workflow_ownership.sql #3
Ran migration: 34_workflow_ownership.sql #4
Ran migration: 34_workflow_ownership.sql #5
Ran migration: 34_workflow_ownership.sql #6
Ran migration: 34_workflow_ownership.sql #7
Ran migration: 35_runtime_auth_settings.sql
Ran migration: 36_volcengine_seedream_official_prices.sql #1
Ran migration: 36_volcengine_seedream_official_prices.sql #2
Ran migration: 36_volcengine_seedream_official_prices.sql #3
Ran migration: 37_points_ratio_and_volcengine_video_prices.sql #1
Ran migration: 37_points_ratio_and_volcengine_video_prices.sql #2
Ran migration: 37_points_ratio_and_volcengine_video_prices.sql #3
Ran migration: 37_points_ratio_and_volcengine_video_prices.sql #4
Ran migration: 37_points_ratio_and_volcengine_video_prices.sql #5
Ran migration: 37_points_ratio_and_volcengine_video_prices.sql #6
Ran migration: 37_points_ratio_and_volcengine_video_prices.sql #7
Ran migration: 37_points_ratio_and_volcengine_video_prices.sql #8
Ran migration: 38_seedance_video_rate_contexts.sql #1
Ran migration: 38_seedance_video_rate_contexts.sql #2
Ran migration: 39_billing_key_for_custom_providers.sql #1
Ran migration: 39_billing_key_for_custom_providers.sql #2
Ran migration: 40_volcengine_text_tts_official_prices.sql #1
Ran migration: 40_volcengine_text_tts_official_prices.sql #2
Ran migration: 40_volcengine_text_tts_official_prices.sql #3
Ran migration: 40_volcengine_text_tts_official_prices.sql #4
Ran migration: 40_volcengine_text_tts_official_prices.sql #5
Ran migration: 41_billing_reconciliation.sql #1
Ran migration: 41_billing_reconciliation.sql #2
Ran migration: 41_billing_reconciliation.sql #3
Ran migration: 42_volcengine_seed_2_lite_prices.sql #1
Ran migration: 42_volcengine_seed_2_lite_prices.sql #2
Ran migration: 43_video_usage_output_meter_and_snapshot.sql #1
Ran migration: 43_video_usage_output_meter_and_snapshot.sql #2
Ran migration: 43_video_usage_output_meter_and_snapshot.sql #3
Ran migration: 44_deduplicate_video_output_meters.sql #1
Ran migration: 44_deduplicate_video_output_meters.sql #2
Ran migration: 45_remove_legacy_model_permissions.sql
Ran migration: 46_seed_2_lite_context_tier.sql #1
Ran migration: 46_seed_2_lite_context_tier.sql #2
Ran migration: 46_seed_2_lite_context_tier.sql #3
Ran migration: 47_seedance_2_mini_price.sql #1
Ran migration: 47_seedance_2_mini_price.sql #2
Ran migration: 48_media_archive_records.sql #1
Ran migration: 48_media_archive_records.sql #2
Ran migration: 49_seedance_2_5_price.sql #1
Ran migration: 49_seedance_2_5_price.sql #2
Ran migration: 50_storyboard_generation_inheritance.sql #1
Ran migration: 50_storyboard_generation_inheritance.sql #2
Ran migration: 51_video_poster_path.sql
Ran migration: 52_asset_links_video_interpolation.sql #1
Ran migration: 52_asset_links_video_interpolation.sql #2
Ran migration: 52_asset_links_video_interpolation.sql #3
Ran migration: 52_asset_links_video_interpolation.sql #4
Ran migration: 52_asset_links_video_interpolation.sql #5
Ran migration: 52_asset_links_video_interpolation.sql #6
Ran migration: 52_asset_links_video_interpolation.sql #7
Ran migration: 52_asset_links_video_interpolation.sql #8
Ran migration: 52_asset_links_video_interpolation.sql #9
Ran migration: 52_asset_links_video_interpolation.sql #10
Ran migration: 52_asset_links_video_interpolation.sql #11
Ran migration: 52_asset_links_video_interpolation.sql #12
Ran migration: 52_asset_links_video_interpolation.sql #13
Ran migration: 52_asset_links_video_interpolation.sql #14
Ran migration: 52_asset_links_video_interpolation.sql #15
Ran migration: 52_asset_links_video_interpolation.sql #16
Ran migration: 52_asset_links_video_interpolation.sql #17
Ran migration: 53_video_upscale_and_billing_reaudit.sql #1
Ran migration: 53_video_upscale_and_billing_reaudit.sql #2
Ran migration: 53_video_upscale_and_billing_reaudit.sql #3
Ran migration: 53_video_upscale_and_billing_reaudit.sql #4
Ran migration: 53_video_upscale_and_billing_reaudit.sql #5
Ran migration: 53_video_upscale_and_billing_reaudit.sql #6
Ran migration: 53_video_upscale_and_billing_reaudit.sql #7
Ran migration: 53_video_upscale_and_billing_reaudit.sql #9
Ran migration: 53_video_upscale_and_billing_reaudit.sql #10
Ran migration: 54_storyboard_optional_video_postprocess.sql #1
Ran migration: 54_storyboard_optional_video_postprocess.sql #2
Ran migration: 54_storyboard_optional_video_postprocess.sql #3
Ran migration: 55_video_intermediate_cleanup_opt_in.sql
Ran migration: 56_fix_mediakit_postprocess_display_fallback_prices.sql #1
Ran migration: 56_fix_mediakit_postprocess_display_fallback_prices.sql #2
Ran migration: 57_mediakit_shared_connection_defaults.sql
Ran migration: 58_storyboard_active_video_version.sql
Ran migration: 59_operations_alert_settings.sql #1
Ran migration: 59_operations_alert_settings.sql #2
Ran migration: 60_operations_report_snapshots.sql
Ran migration: 61_tenant_billing_and_console_isolation.sql #1
Ran migration: 61_tenant_billing_and_console_isolation.sql #2
Ran migration: 61_tenant_billing_and_console_isolation.sql #3
Ran migration: 61_tenant_billing_and_console_isolation.sql #4
Ran migration: 61_tenant_billing_and_console_isolation.sql #5
Ran migration: 61_tenant_billing_and_console_isolation.sql #6
Ran migration: 61_tenant_billing_and_console_isolation.sql #7
Ran migration: 61_tenant_billing_and_console_isolation.sql #8
Ran migration: 61_tenant_billing_and_console_isolation.sql #9
Ran migration: 61_tenant_billing_and_console_isolation.sql #10
Ran migration: 61_tenant_billing_and_console_isolation.sql #11
Ran migration: 61_tenant_billing_and_console_isolation.sql #12
Ran migration: 61_tenant_billing_and_console_isolation.sql #13
Ran migration: 61_tenant_billing_and_console_isolation.sql #14
Ran migration: 61_tenant_billing_and_console_isolation.sql #15
Ran migration: 61_tenant_billing_and_console_isolation.sql #16
Ran migration: 62_migrate_existing_users_to_default_tenant.sql #1
Ran migration: 62_migrate_existing_users_to_default_tenant.sql #2
Ran migration: 62_migrate_existing_users_to_default_tenant.sql #3
Ran migration: 62_migrate_existing_users_to_default_tenant.sql #4
Ran migration: 62_migrate_existing_users_to_default_tenant.sql #5
Ran migration: 63_geeknow_gpt_image_2_price.sql #1
Ran migration: 63_geeknow_gpt_image_2_price.sql #2
Ran migration: 64_default_tenant_price_book_compatibility.sql
Ran migration: 65_tool_run_tenant_scope.sql #1
Ran migration: 65_tool_run_tenant_scope.sql #2
Ran migration: 66_tenant_config_defaults.sql #1
Ran migration: 66_tenant_config_defaults.sql #2
Ran migration: 66_tenant_config_defaults.sql #3
Ran migration: 66_tenant_config_defaults.sql #4
Ran migration: 66_tenant_config_defaults.sql #5
Ran migration: 67_tenant_owned_ai_configs.sql #1
Ran migration: 67_tenant_owned_ai_configs.sql #2
Ran migration: 68_preserve_legacy_default_tenant.sql #1
Ran migration: 68_preserve_legacy_default_tenant.sql #2
Skip migration (table not found, will be ensured later): 69_homepage_default_video_resources.sql - no such table: global_settings
Ran migration: 70_billing_project_usage_snapshots.sql #1
Ran migration: 70_billing_project_usage_snapshots.sql #2
Ran migration: 70_billing_project_usage_snapshots.sql #3
Ran migration: 70_billing_project_usage_snapshots.sql #4
Ran migration: 70_billing_project_usage_snapshots.sql #5
Ran migration: 70_billing_project_usage_snapshots.sql #6
Ran migration: 70_billing_project_usage_snapshots.sql #7
Ran migration: 70_billing_project_usage_snapshots.sql #8
Ran migration: 70_billing_project_usage_snapshots.sql #9
Ran migration: 70_billing_project_usage_snapshots.sql #10
Ran migration: 70_billing_project_usage_snapshots.sql #11
Ran migration: 70_billing_project_usage_snapshots.sql #12
Ran migration: 70_billing_project_usage_snapshots.sql #13
Ran migration: 70_billing_project_usage_snapshots.sql #14
Ran migration: 71_billable_project_context.sql #1
Ran migration: 71_billable_project_context.sql #2
Ran migration: 71_billable_project_context.sql #3
Ran migration: 71_billable_project_context.sql #4
Migrated billing ledger to micro-points: [33m10000[39m
ensureColumns: added storyboards.layout_description (TEXT)
ensureColumns: added storyboards.image_url (TEXT)
ensureColumns: added storyboards.local_path (TEXT)
ensureColumns: added storyboards.main_panel_idx (INTEGER)
ensureColumns: added storyboards.composed_image (TEXT)
ensureColumns: added storyboards.result (TEXT)
ensureColumns: added storyboards.emotion (TEXT)
ensureColumns: added storyboards.emotion_intensity (INTEGER)
ensureColumns: added storyboards.error_msg (TEXT)
ensureColumns: added storyboards.lighting_style (TEXT)
ensureColumns: added storyboards.depth_of_field (TEXT)
ensureColumns: added storyboards.polished_prompt (TEXT)
ensureColumns: added storyboards.continuity_snapshot (TEXT)
ensureColumns: added storyboards.audio_local_path (TEXT)
ensureColumns: added storyboards.narration_audio_local_path (TEXT)
ensureColumns: added storyboards.omni_prompt_document_json (TEXT)
ensureColumns: added storyboards.first_frame_image_id (INTEGER)
ensureColumns: added storyboards.last_frame_image_id (INTEGER)
ensureColumns: added storyboards.last_frame_image_url (TEXT)
ensureColumns: added storyboards.last_frame_local_path (TEXT)
ensureColumns: added characters.extra_images (TEXT)
ensureColumns: added characters.error_msg (TEXT)
ensureColumns: added characters.ref_image (TEXT)
ensureColumns: added characters.seedance2_voice_asset (TEXT)
ensureColumns: added scenes.polished_prompt (TEXT)
ensureColumns: added scenes.extra_images (TEXT)
ensureColumns: added scenes.ref_image (TEXT)
ensureColumns: added scenes.error_msg (TEXT)
ensureColumns: added props.extra_images (TEXT)
ensureColumns: added props.ref_image (TEXT)
ensureColumns: added props.error_msg (TEXT)
ensureColumns: added tenants.is_new_user_default (INTEGER DEFAULT 0)
ensureColumns: added image_generations.episode_id (INTEGER)
ensureColumns: added image_generations.use_first_frame_layout_lock (INTEGER)
ensureColumns: added image_generations.width (INTEGER)
ensureColumns: added image_generations.height (INTEGER)
ensureColumns: added video_generations.resolution (TEXT)
ensureColumns: added video_generations.seed (INTEGER)
ensureColumns: added video_generations.camera_fixed (INTEGER)
ensureColumns: added video_generations.watermark (INTEGER)
ensureColumns: added video_generations.provider_task_id (TEXT)
ensureColumns: added video_generations.archive_status (TEXT)
ensureColumns: added video_generations.archive_error (TEXT)
ensureColumns: added video_generations.archive_attempts (INTEGER NOT NULL DEFAULT 0)
ensureColumns: added video_generations.archived_at (TEXT)
ensureColumns: added video_merges.merge_options (TEXT)
ensureColumns: added video_merges.merged_url (TEXT)
ensureColumns: added video_merges.duration (INTEGER)
ensureColumns: added video_merges.completed_at (TEXT)
ensureColumns: added video_merges.error_msg (TEXT)
ensureColumns: added assets.reference_alias (TEXT)
ensureColumns: added assets.archived_at (TEXT)
ensureColumns: added omni_video_jobs.storyboard_id (INTEGER)
Ran migration: 01_init.sql #1
Ran migration: 01_init.sql #2
Ran migration: 01_init.sql #3
Ran migration: 01_init.sql #4
Ran migration: 01_init.sql #5
Ran migration: 01_init.sql #6
Ran migration: 01_init.sql #7
Ran migration: 01_init.sql #8
Ran migration: 01_init.sql #9
Ran migration: 01_init.sql #10
Ran migration: 01_init.sql #11
Ran migration: 01_init.sql #12
Ran migration: 01_init.sql #13
Ran migration: 01_init.sql #14
Ran migration: 01_init.sql #15
Ran migration: 01_init.sql #16
Ran migration: 01_init.sql #17
Ran migration: 01_init.sql #18
Skip (already exists): 02_add_default_model.sql
Ran migration: 03_add_props_episode_id.sql
Skip (already exists): 04_async_tasks_columns.sql #1
Skip (already exists): 04_async_tasks_columns.sql #2
Skip (already exists): 04_async_tasks_columns.sql #3
Skip (already exists): 05_add_image_generations_completed_at.sql #1
Skip (already exists): 05_add_image_generations_completed_at.sql #2
Skip (already exists): 06_add_characters_local_path.sql
Skip (already exists): 07_add_scenes_image_columns.sql #1
Skip (already exists): 07_add_scenes_image_columns.sql #2
Skip (already exists): 08_add_video_generations_completed_at.sql #1
Skip (already exists): 08_add_video_generations_completed_at.sql #2
Ran migration: 09_scene_prop_libraries.sql #1
Ran migration: 09_scene_prop_libraries.sql #2
Ran migration: 10_prompt_overrides.sql
Ran migration: 11_add_api_protocol.sql
Ran migration: 12_image_proxy_cache.sql
Ran migration: 13_character_identity_anchors.sql #1
Ran migration: 13_character_identity_anchors.sql #2
Ran migration: 13_character_identity_anchors.sql #3
Ran migration: 13_character_identity_anchors.sql #4
Ran migration: 13_character_identity_anchors.sql #5
Ran migration: 13_character_identity_anchors.sql #6
Ran migration: 13_character_identity_anchors.sql #7
Ran migration: 13_character_identity_anchors.sql #8
Ran migration: 13_character_identity_anchors.sql #9
Ran migration: 14_storyboard_segments_and_model_map.sql #1
Ran migration: 14_storyboard_segments_and_model_map.sql #2
Ran migration: 14_storyboard_segments_and_model_map.sql #3
Ran migration: 15_storyboard_angle_structured.sql #1
Ran migration: 15_storyboard_angle_structured.sql #2
Ran migration: 15_storyboard_angle_structured.sql #3
Ran migration: 16_character_polished_prompt.sql
Ran migration: 17_character_stages.sql
Ran migration: 18_storyboard_narration.sql
Ran migration: 19_storyboard_universal_mode.sql #1
Ran migration: 19_storyboard_universal_mode.sql #2
Ran migration: 20_character_seedance2_asset.sql
Ran migration: 21_asset_negative_prompt.sql #1
Ran migration: 21_asset_negative_prompt.sql #2
Ran migration: 21_asset_negative_prompt.sql #3
Skip (already exists): 22_library_source_id.sql #1
Skip (already exists): 22_library_source_id.sql #2
Skip (already exists): 22_library_source_id.sql #3
Skip (already exists): 22_library_source_id.sql #4
Skip (already exists): 22_library_source_id.sql #5
Skip (already exists): 22_library_source_id.sql #6
Ran migration: 22_library_source_id.sql #7
Ran migration: 22_library_source_id.sql #8
Ran migration: 22_library_source_id.sql #9
Ran migration: 23_omni_video_workbench.sql #1
Ran migration: 23_omni_video_workbench.sql #2
Ran migration: 23_omni_video_workbench.sql #3
Ran migration: 23_omni_video_workbench.sql #4
Ran migration: 23_omni_video_workbench.sql #5
Ran migration: 23_omni_video_workbench.sql #6
Ran migration: 23_omni_video_workbench.sql #7
Ran migration: 23_omni_video_workbench.sql #8
Ran migration: 23_omni_video_workbench.sql #9
Ran migration: 23_omni_video_workbench.sql #10
Ran migration: 23_omni_video_workbench.sql #11
Ran migration: 23_omni_video_workbench.sql #12
Ran migration: 24_asset_seedance2_certification.sql
Ran migration: 25_omni_sequences.sql #1
Ran migration: 25_omni_sequences.sql #2
Ran migration: 25_omni_sequences.sql #3
Ran migration: 25_omni_sequences.sql #4
Ran migration: 25_omni_sequences.sql #5
Ran migration: 26_omni_workbench_improvements.sql #1
Ran migration: 26_omni_workbench_improvements.sql #2
Ran migration: 27_ai_toolbox.sql #1
Ran migration: 27_ai_toolbox.sql #2
Ran migration: 27_ai_toolbox.sql #3
Ran migration: 27_ai_toolbox.sql #4
Ran migration: 27_ai_toolbox.sql #5
Ran migration: 27_ai_toolbox.sql #6
Ran migration: 27_ai_toolbox.sql #7
Ran migration: 28_storyboard_generation_settings.sql #1
Ran migration: 28_storyboard_generation_settings.sql #2
Ran migration: 28_storyboard_generation_settings.sql #3
Ran migration: 28_storyboard_generation_settings.sql #4
Ran migration: 29_resource_seedance2_asset.sql #1
Ran migration: 29_resource_seedance2_asset.sql #2
Ran migration: 30_storyboard_omni_assets.sql #1
Ran migration: 30_storyboard_omni_assets.sql #2
Ran migration: 30_storyboard_omni_assets.sql #3
Ran migration: 30_storyboard_omni_assets.sql #4
Ran migration: 30_storyboard_omni_assets.sql #5
Ran migration: 30_storyboard_omni_assets.sql #6
Ran migration: 30_storyboard_omni_assets.sql #7
Ran migration: 30_storyboard_omni_assets.sql #8
Ran migration: 30_storyboard_omni_assets.sql #9
Ran migration: 31_storyboard_sort_order.sql
Ran migration: 32_asset_favorites.sql
Ran migration: 33_auth_billing_admin.sql #1
Ran migration: 33_auth_billing_admin.sql #2
Ran migration: 33_auth_billing_admin.sql #3
Ran migration: 33_auth_billing_admin.sql #4
Ran migration: 33_auth_billing_admin.sql #5
Ran migration: 33_auth_billing_admin.sql #6
Ran migration: 33_auth_billing_admin.sql #7
Ran migration: 33_auth_billing_admin.sql #8
Ran migration: 33_auth_billing_admin.sql #9
Ran migration: 33_auth_billing_admin.sql #10
Ran migration: 33_auth_billing_admin.sql #11
Ran migration: 33_auth_billing_admin.sql #12
Ran migration: 33_auth_billing_admin.sql #13
Ran migration: 33_auth_billing_admin.sql #14
Ran migration: 33_auth_billing_admin.sql #15
Ran migration: 33_auth_billing_admin.sql #16
Ran migration: 33_auth_billing_admin.sql #17
Ran migration: 33_auth_billing_admin.sql #18
Ran migration: 33_auth_billing_admin.sql #19
Ran migration: 33_auth_billing_admin.sql #20
Ran migration: 33_auth_billing_admin.sql #21
Ran migration: 34_workflow_ownership.sql #1
Ran migration: 34_workflow_ownership.sql #2
Ran migration: 34_workflow_ownership.sql #3
Ran migration: 34_workflow_ownership.sql #4
Ran migration: 34_workflow_ownership.sql #5
Ran migration: 34_workflow_ownership.sql #6
Ran migration: 34_workflow_ownership.sql #7
Ran migration: 35_runtime_auth_settings.sql
Ran migration: 36_volcengine_seedream_official_prices.sql #1
Ran migration: 36_volcengine_seedream_official_prices.sql #2
Ran migration: 36_volcengine_seedream_official_prices.sql #3
Ran migration: 37_points_ratio_and_volcengine_video_prices.sql #1
Ran migration: 37_points_ratio_and_volcengine_video_prices.sql #2
Ran migration: 37_points_ratio_and_volcengine_video_prices.sql #3
Ran migration: 37_points_ratio_and_volcengine_video_prices.sql #4
Ran migration: 37_points_ratio_and_volcengine_video_prices.sql #5
Ran migration: 37_points_ratio_and_volcengine_video_prices.sql #6
Ran migration: 37_points_ratio_and_volcengine_video_prices.sql #7
Ran migration: 37_points_ratio_and_volcengine_video_prices.sql #8
Ran migration: 38_seedance_video_rate_contexts.sql #1
Ran migration: 38_seedance_video_rate_contexts.sql #2
Ran migration: 39_billing_key_for_custom_providers.sql #1
Ran migration: 39_billing_key_for_custom_providers.sql #2
Ran migration: 40_volcengine_text_tts_official_prices.sql #1
Ran migration: 40_volcengine_text_tts_official_prices.sql #2
Ran migration: 40_volcengine_text_tts_official_prices.sql #3
Ran migration: 40_volcengine_text_tts_official_prices.sql #4
Ran migration: 40_volcengine_text_tts_official_prices.sql #5
Ran migration: 41_billing_reconciliation.sql #1
Ran migration: 41_billing_reconciliation.sql #2
Ran migration: 41_billing_reconciliation.sql #3
Ran migration: 42_volcengine_seed_2_lite_prices.sql #1
Ran migration: 42_volcengine_seed_2_lite_prices.sql #2
Ran migration: 43_video_usage_output_meter_and_snapshot.sql #1
Ran migration: 43_video_usage_output_meter_and_snapshot.sql #2
Ran migration: 43_video_usage_output_meter_and_snapshot.sql #3
Ran migration: 44_deduplicate_video_output_meters.sql #1
Ran migration: 44_deduplicate_video_output_meters.sql #2
Ran migration: 45_remove_legacy_model_permissions.sql
Ran migration: 46_seed_2_lite_context_tier.sql #1
Ran migration: 46_seed_2_lite_context_tier.sql #2
Ran migration: 46_seed_2_lite_context_tier.sql #3
Ran migration: 47_seedance_2_mini_price.sql #1
Ran migration: 47_seedance_2_mini_price.sql #2
Ran migration: 48_media_archive_records.sql #1
Ran migration: 48_media_archive_records.sql #2
Ran migration: 49_seedance_2_5_price.sql #1
Ran migration: 49_seedance_2_5_price.sql #2
Ran migration: 50_storyboard_generation_inheritance.sql #1
Ran migration: 50_storyboard_generation_inheritance.sql #2
Ran migration: 51_video_poster_path.sql
Ran migration: 52_asset_links_video_interpolation.sql #1
Ran migration: 52_asset_links_video_interpolation.sql #2
Ran migration: 52_asset_links_video_interpolation.sql #3
Ran migration: 52_asset_links_video_interpolation.sql #4
Ran migration: 52_asset_links_video_interpolation.sql #5
Ran migration: 52_asset_links_video_interpolation.sql #6
Ran migration: 52_asset_links_video_interpolation.sql #7
Ran migration: 52_asset_links_video_interpolation.sql #8
Ran migration: 52_asset_links_video_interpolation.sql #9
Ran migration: 52_asset_links_video_interpolation.sql #10
Ran migration: 52_asset_links_video_interpolation.sql #11
Ran migration: 52_asset_links_video_interpolation.sql #12
Ran migration: 52_asset_links_video_interpolation.sql #13
Ran migration: 52_asset_links_video_interpolation.sql #14
Ran migration: 52_asset_links_video_interpolation.sql #15
Ran migration: 52_asset_links_video_interpolation.sql #16
Ran migration: 52_asset_links_video_interpolation.sql #17
Ran migration: 53_video_upscale_and_billing_reaudit.sql #1
Ran migration: 53_video_upscale_and_billing_reaudit.sql #2
Ran migration: 53_video_upscale_and_billing_reaudit.sql #3
Ran migration: 53_video_upscale_and_billing_reaudit.sql #4
Ran migration: 53_video_upscale_and_billing_reaudit.sql #5
Ran migration: 53_video_upscale_and_billing_reaudit.sql #6
Ran migration: 53_video_upscale_and_billing_reaudit.sql #7
Ran migration: 53_video_upscale_and_billing_reaudit.sql #9
Ran migration: 53_video_upscale_and_billing_reaudit.sql #10
Ran migration: 54_storyboard_optional_video_postprocess.sql #1
Ran migration: 54_storyboard_optional_video_postprocess.sql #2
Ran migration: 54_storyboard_optional_video_postprocess.sql #3
Ran migration: 55_video_intermediate_cleanup_opt_in.sql
Ran migration: 56_fix_mediakit_postprocess_display_fallback_prices.sql #1
Ran migration: 56_fix_mediakit_postprocess_display_fallback_prices.sql #2
Ran migration: 57_mediakit_shared_connection_defaults.sql
Ran migration: 58_storyboard_active_video_version.sql
Ran migration: 59_operations_alert_settings.sql #1
Ran migration: 59_operations_alert_settings.sql #2
Ran migration: 60_operations_report_snapshots.sql
Ran migration: 61_tenant_billing_and_console_isolation.sql #1
Ran migration: 61_tenant_billing_and_console_isolation.sql #2
Ran migration: 61_tenant_billing_and_console_isolation.sql #3
Ran migration: 61_tenant_billing_and_console_isolation.sql #4
Ran migration: 61_tenant_billing_and_console_isolation.sql #5
Ran migration: 61_tenant_billing_and_console_isolation.sql #6
Ran migration: 61_tenant_billing_and_console_isolation.sql #7
Ran migration: 61_tenant_billing_and_console_isolation.sql #8
Ran migration: 61_tenant_billing_and_console_isolation.sql #9
Ran migration: 61_tenant_billing_and_console_isolation.sql #10
Ran migration: 61_tenant_billing_and_console_isolation.sql #11
Ran migration: 61_tenant_billing_and_console_isolation.sql #12
Ran migration: 61_tenant_billing_and_console_isolation.sql #13
Ran migration: 61_tenant_billing_and_console_isolation.sql #14
Ran migration: 61_tenant_billing_and_console_isolation.sql #15
Ran migration: 61_tenant_billing_and_console_isolation.sql #16
Ran migration: 62_migrate_existing_users_to_default_tenant.sql #1
Ran migration: 62_migrate_existing_users_to_default_tenant.sql #2
Ran migration: 62_migrate_existing_users_to_default_tenant.sql #3
Ran migration: 62_migrate_existing_users_to_default_tenant.sql #4
Ran migration: 62_migrate_existing_users_to_default_tenant.sql #5
Ran migration: 63_geeknow_gpt_image_2_price.sql #1
Ran migration: 63_geeknow_gpt_image_2_price.sql #2
Ran migration: 64_default_tenant_price_book_compatibility.sql
Ran migration: 65_tool_run_tenant_scope.sql #1
Ran migration: 65_tool_run_tenant_scope.sql #2
Ran migration: 66_tenant_config_defaults.sql #1
Ran migration: 66_tenant_config_defaults.sql #2
Ran migration: 66_tenant_config_defaults.sql #3
Ran migration: 66_tenant_config_defaults.sql #4
Ran migration: 66_tenant_config_defaults.sql #5
Ran migration: 67_tenant_owned_ai_configs.sql #1
Ran migration: 67_tenant_owned_ai_configs.sql #2
Ran migration: 68_preserve_legacy_default_tenant.sql #1
Ran migration: 68_preserve_legacy_default_tenant.sql #2
Skip migration (table not found, will be ensured later): 69_homepage_default_video_resources.sql - no such table: global_settings
Ran migration: 70_billing_project_usage_snapshots.sql #1
Ran migration: 70_billing_project_usage_snapshots.sql #2
Ran migration: 70_billing_project_usage_snapshots.sql #3
Ran migration: 70_billing_project_usage_snapshots.sql #4
Ran migration: 70_billing_project_usage_snapshots.sql #5
Ran migration: 70_billing_project_usage_snapshots.sql #6
Ran migration: 70_billing_project_usage_snapshots.sql #7
Ran migration: 70_billing_project_usage_snapshots.sql #8
Ran migration: 70_billing_project_usage_snapshots.sql #9
Ran migration: 70_billing_project_usage_snapshots.sql #10
Ran migration: 70_billing_project_usage_snapshots.sql #11
Ran migration: 70_billing_project_usage_snapshots.sql #12
Ran migration: 70_billing_project_usage_snapshots.sql #13
Ran migration: 70_billing_project_usage_snapshots.sql #14
Ran migration: 71_billable_project_context.sql #1
Ran migration: 71_billable_project_context.sql #2
Ran migration: 71_billable_project_context.sql #3
Ran migration: 71_billable_project_context.sql #4
Migrated billing ledger to micro-points: [33m10000[39m
ensureColumns: added storyboards.layout_description (TEXT)
ensureColumns: added storyboards.image_url (TEXT)
ensureColumns: added storyboards.local_path (TEXT)
ensureColumns: added storyboards.main_panel_idx (INTEGER)
ensureColumns: added storyboards.composed_image (TEXT)
ensureColumns: added storyboards.result (TEXT)
ensureColumns: added storyboards.emotion (TEXT)
ensureColumns: added storyboards.emotion_intensity (INTEGER)
ensureColumns: added storyboards.error_msg (TEXT)
ensureColumns: added storyboards.lighting_style (TEXT)
ensureColumns: added storyboards.depth_of_field (TEXT)
ensureColumns: added storyboards.polished_prompt (TEXT)
ensureColumns: added storyboards.continuity_snapshot (TEXT)
ensureColumns: added storyboards.audio_local_path (TEXT)
ensureColumns: added storyboards.narration_audio_local_path (TEXT)
ensureColumns: added storyboards.omni_prompt_document_json (TEXT)
ensureColumns: added storyboards.first_frame_image_id (INTEGER)
ensureColumns: added storyboards.last_frame_image_id (INTEGER)
ensureColumns: added storyboards.last_frame_image_url (TEXT)
ensureColumns: added storyboards.last_frame_local_path (TEXT)
ensureColumns: added characters.extra_images (TEXT)
ensureColumns: added characters.error_msg (TEXT)
ensureColumns: added characters.ref_image (TEXT)
ensureColumns: added characters.seedance2_voice_asset (TEXT)
ensureColumns: added scenes.polished_prompt (TEXT)
ensureColumns: added scenes.extra_images (TEXT)
ensureColumns: added scenes.ref_image (TEXT)
ensureColumns: added scenes.error_msg (TEXT)
ensureColumns: added props.extra_images (TEXT)
ensureColumns: added props.ref_image (TEXT)
ensureColumns: added props.error_msg (TEXT)
ensureColumns: added tenants.is_new_user_default (INTEGER DEFAULT 0)
ensureColumns: added image_generations.episode_id (INTEGER)
ensureColumns: added image_generations.use_first_frame_layout_lock (INTEGER)
ensureColumns: added image_generations.width (INTEGER)
ensureColumns: added image_generations.height (INTEGER)
ensureColumns: added video_generations.resolution (TEXT)
ensureColumns: added video_generations.seed (INTEGER)
ensureColumns: added video_generations.camera_fixed (INTEGER)
ensureColumns: added video_generations.watermark (INTEGER)
ensureColumns: added video_generations.provider_task_id (TEXT)
ensureColumns: added video_generations.archive_status (TEXT)
ensureColumns: added video_generations.archive_error (TEXT)
ensureColumns: added video_generations.archive_attempts (INTEGER NOT NULL DEFAULT 0)
ensureColumns: added video_generations.archived_at (TEXT)
ensureColumns: added video_merges.merge_options (TEXT)
ensureColumns: added video_merges.merged_url (TEXT)
ensureColumns: added video_merges.duration (INTEGER)
ensureColumns: added video_merges.completed_at (TEXT)
ensureColumns: added video_merges.error_msg (TEXT)
ensureColumns: added assets.reference_alias (TEXT)
ensureColumns: added assets.archived_at (TEXT)
ensureColumns: added omni_video_jobs.storyboard_id (INTEGER)
Ran migration: 01_init.sql #1
Ran migration: 01_init.sql #2
Ran migration: 01_init.sql #3
Ran migration: 01_init.sql #4
Ran migration: 01_init.sql #5
Ran migration: 01_init.sql #6
Ran migration: 01_init.sql #7
Ran migration: 01_init.sql #8
Ran migration: 01_init.sql #9
Ran migration: 01_init.sql #10
Ran migration: 01_init.sql #11
Ran migration: 01_init.sql #12
Ran migration: 01_init.sql #13
Ran migration: 01_init.sql #14
Ran migration: 01_init.sql #15
Ran migration: 01_init.sql #16
Ran migration: 01_init.sql #17
Ran migration: 01_init.sql #18
Skip (already exists): 02_add_default_model.sql
Ran migration: 03_add_props_episode_id.sql
Skip (already exists): 04_async_tasks_columns.sql #1
Skip (already exists): 04_async_tasks_columns.sql #2
Skip (already exists): 04_async_tasks_columns.sql #3
Skip (already exists): 05_add_image_generations_completed_at.sql #1
Skip (already exists): 05_add_image_generations_completed_at.sql #2
Skip (already exists): 06_add_characters_local_path.sql
Skip (already exists): 07_add_scenes_image_columns.sql #1
Skip (already exists): 07_add_scenes_image_columns.sql #2
Skip (already exists): 08_add_video_generations_completed_at.sql #1
Skip (already exists): 08_add_video_generations_completed_at.sql #2
Ran migration: 09_scene_prop_libraries.sql #1
Ran migration: 09_scene_prop_libraries.sql #2
Ran migration: 10_prompt_overrides.sql
Ran migration: 11_add_api_protocol.sql
Ran migration: 12_image_proxy_cache.sql
Ran migration: 13_character_identity_anchors.sql #1
Ran migration: 13_character_identity_anchors.sql #2
Ran migration: 13_character_identity_anchors.sql #3
Ran migration: 13_character_identity_anchors.sql #4
Ran migration: 13_character_identity_anchors.sql #5
Ran migration: 13_character_identity_anchors.sql #6
Ran migration: 13_character_identity_anchors.sql #7
Ran migration: 13_character_identity_anchors.sql #8
Ran migration: 13_character_identity_anchors.sql #9
Ran migration: 14_storyboard_segments_and_model_map.sql #1
Ran migration: 14_storyboard_segments_and_model_map.sql #2
Ran migration: 14_storyboard_segments_and_model_map.sql #3
Ran migration: 15_storyboard_angle_structured.sql #1
Ran migration: 15_storyboard_angle_structured.sql #2
Ran migration: 15_storyboard_angle_structured.sql #3
Ran migration: 16_character_polished_prompt.sql
Ran migration: 17_character_stages.sql
Ran migration: 18_storyboard_narration.sql
Ran migration: 19_storyboard_universal_mode.sql #1
Ran migration: 19_storyboard_universal_mode.sql #2
Ran migration: 20_character_seedance2_asset.sql
Ran migration: 21_asset_negative_prompt.sql #1
Ran migration: 21_asset_negative_prompt.sql #2
Ran migration: 21_asset_negative_prompt.sql #3
Skip (already exists): 22_library_source_id.sql #1
Skip (already exists): 22_library_source_id.sql #2
Skip (already exists): 22_library_source_id.sql #3
Skip (already exists): 22_library_source_id.sql #4
Skip (already exists): 22_library_source_id.sql #5
Skip (already exists): 22_library_source_id.sql #6
Ran migration: 22_library_source_id.sql #7
Ran migration: 22_library_source_id.sql #8
Ran migration: 22_library_source_id.sql #9
Ran migration: 23_omni_video_workbench.sql #1
Ran migration: 23_omni_video_workbench.sql #2
Ran migration: 23_omni_video_workbench.sql #3
Ran migration: 23_omni_video_workbench.sql #4
Ran migration: 23_omni_video_workbench.sql #5
Ran migration: 23_omni_video_workbench.sql #6
Ran migration: 23_omni_video_workbench.sql #7
Ran migration: 23_omni_video_workbench.sql #8
Ran migration: 23_omni_video_workbench.sql #9
Ran migration: 23_omni_video_workbench.sql #10
Ran migration: 23_omni_video_workbench.sql #11
Ran migration: 23_omni_video_workbench.sql #12
Ran migration: 24_asset_seedance2_certification.sql
Ran migration: 25_omni_sequences.sql #1
Ran migration: 25_omni_sequences.sql #2
Ran migration: 25_omni_sequences.sql #3
Ran migration: 25_omni_sequences.sql #4
Ran migration: 25_omni_sequences.sql #5
Ran migration: 26_omni_workbench_improvements.sql #1
Ran migration: 26_omni_workbench_improvements.sql #2
Ran migration: 27_ai_toolbox.sql #1
Ran migration: 27_ai_toolbox.sql #2
Ran migration: 27_ai_toolbox.sql #3
Ran migration: 27_ai_toolbox.sql #4
Ran migration: 27_ai_toolbox.sql #5
Ran migration: 27_ai_toolbox.sql #6
Ran migration: 27_ai_toolbox.sql #7
Ran migration: 28_storyboard_generation_settings.sql #1
Ran migration: 28_storyboard_generation_settings.sql #2
Ran migration: 28_storyboard_generation_settings.sql #3
Ran migration: 28_storyboard_generation_settings.sql #4
Ran migration: 29_resource_seedance2_asset.sql #1
Ran migration: 29_resource_seedance2_asset.sql #2
Ran migration: 30_storyboard_omni_assets.sql #1
Ran migration: 30_storyboard_omni_assets.sql #2
Ran migration: 30_storyboard_omni_assets.sql #3
Ran migration: 30_storyboard_omni_assets.sql #4
Ran migration: 30_storyboard_omni_assets.sql #5
Ran migration: 30_storyboard_omni_assets.sql #6
Ran migration: 30_storyboard_omni_assets.sql #7
Ran migration: 30_storyboard_omni_assets.sql #8
Ran migration: 30_storyboard_omni_assets.sql #9
Ran migration: 31_storyboard_sort_order.sql
Ran migration: 32_asset_favorites.sql
Ran migration: 33_auth_billing_admin.sql #1
Ran migration: 33_auth_billing_admin.sql #2
Ran migration: 33_auth_billing_admin.sql #3
Ran migration: 33_auth_billing_admin.sql #4
Ran migration: 33_auth_billing_admin.sql #5
Ran migration: 33_auth_billing_admin.sql #6
Ran migration: 33_auth_billing_admin.sql #7
Ran migration: 33_auth_billing_admin.sql #8
Ran migration: 33_auth_billing_admin.sql #9
Ran migration: 33_auth_billing_admin.sql #10
Ran migration: 33_auth_billing_admin.sql #11
Ran migration: 33_auth_billing_admin.sql #12
Ran migration: 33_auth_billing_admin.sql #13
Ran migration: 33_auth_billing_admin.sql #14
Ran migration: 33_auth_billing_admin.sql #15
Ran migration: 33_auth_billing_admin.sql #16
Ran migration: 33_auth_billing_admin.sql #17
Ran migration: 33_auth_billing_admin.sql #18
Ran migration: 33_auth_billing_admin.sql #19
Ran migration: 33_auth_billing_admin.sql #20
Ran migration: 33_auth_billing_admin.sql #21
Ran migration: 34_workflow_ownership.sql #1
Ran migration: 34_workflow_ownership.sql #2
Ran migration: 34_workflow_ownership.sql #3
Ran migration: 34_workflow_ownership.sql #4
Ran migration: 34_workflow_ownership.sql #5
Ran migration: 34_workflow_ownership.sql #6
Ran migration: 34_workflow_ownership.sql #7
Ran migration: 35_runtime_auth_settings.sql
Ran migration: 36_volcengine_seedream_official_prices.sql #1
Ran migration: 36_volcengine_seedream_official_prices.sql #2
Ran migration: 36_volcengine_seedream_official_prices.sql #3
Ran migration: 37_points_ratio_and_volcengine_video_prices.sql #1
Ran migration: 37_points_ratio_and_volcengine_video_prices.sql #2
Ran migration: 37_points_ratio_and_volcengine_video_prices.sql #3
Ran migration: 37_points_ratio_and_volcengine_video_prices.sql #4
Ran migration: 37_points_ratio_and_volcengine_video_prices.sql #5
Ran migration: 37_points_ratio_and_volcengine_video_prices.sql #6
Ran migration: 37_points_ratio_and_volcengine_video_prices.sql #7
Ran migration: 37_points_ratio_and_volcengine_video_prices.sql #8
Ran migration: 38_seedance_video_rate_contexts.sql #1
Ran migration: 38_seedance_video_rate_contexts.sql #2
Ran migration: 39_billing_key_for_custom_providers.sql #1
Ran migration: 39_billing_key_for_custom_providers.sql #2
Ran migration: 40_volcengine_text_tts_official_prices.sql #1
Ran migration: 40_volcengine_text_tts_official_prices.sql #2
Ran migration: 40_volcengine_text_tts_official_prices.sql #3
Ran migration: 40_volcengine_text_tts_official_prices.sql #4
Ran migration: 40_volcengine_text_tts_official_prices.sql #5
Ran migration: 41_billing_reconciliation.sql #1
Ran migration: 41_billing_reconciliation.sql #2
Ran migration: 41_billing_reconciliation.sql #3
Ran migration: 42_volcengine_seed_2_lite_prices.sql #1
Ran migration: 42_volcengine_seed_2_lite_prices.sql #2
Ran migration: 43_video_usage_output_meter_and_snapshot.sql #1
Ran migration: 43_video_usage_output_meter_and_snapshot.sql #2
Ran migration: 43_video_usage_output_meter_and_snapshot.sql #3
Ran migration: 44_deduplicate_video_output_meters.sql #1
Ran migration: 44_deduplicate_video_output_meters.sql #2
Ran migration: 45_remove_legacy_model_permissions.sql
Ran migration: 46_seed_2_lite_context_tier.sql #1
Ran migration: 46_seed_2_lite_context_tier.sql #2
Ran migration: 46_seed_2_lite_context_tier.sql #3
Ran migration: 47_seedance_2_mini_price.sql #1
Ran migration: 47_seedance_2_mini_price.sql #2
Ran migration: 48_media_archive_records.sql #1
Ran migration: 48_media_archive_records.sql #2
Ran migration: 49_seedance_2_5_price.sql #1
Ran migration: 49_seedance_2_5_price.sql #2
Ran migration: 50_storyboard_generation_inheritance.sql #1
Ran migration: 50_storyboard_generation_inheritance.sql #2
Ran migration: 51_video_poster_path.sql
Ran migration: 52_asset_links_video_interpolation.sql #1
Ran migration: 52_asset_links_video_interpolation.sql #2
Ran migration: 52_asset_links_video_interpolation.sql #3
Ran migration: 52_asset_links_video_interpolation.sql #4
Ran migration: 52_asset_links_video_interpolation.sql #5
Ran migration: 52_asset_links_video_interpolation.sql #6
Ran migration: 52_asset_links_video_interpolation.sql #7
Ran migration: 52_asset_links_video_interpolation.sql #8
Ran migration: 52_asset_links_video_interpolation.sql #9
Ran migration: 52_asset_links_video_interpolation.sql #10
Ran migration: 52_asset_links_video_interpolation.sql #11
Ran migration: 52_asset_links_video_interpolation.sql #12
Ran migration: 52_asset_links_video_interpolation.sql #13
Ran migration: 52_asset_links_video_interpolation.sql #14
Ran migration: 52_asset_links_video_interpolation.sql #15
Ran migration: 52_asset_links_video_interpolation.sql #16
Ran migration: 52_asset_links_video_interpolation.sql #17
Ran migration: 53_video_upscale_and_billing_reaudit.sql #1
Ran migration: 53_video_upscale_and_billing_reaudit.sql #2
Ran migration: 53_video_upscale_and_billing_reaudit.sql #3
Ran migration: 53_video_upscale_and_billing_reaudit.sql #4
Ran migration: 53_video_upscale_and_billing_reaudit.sql #5
Ran migration: 53_video_upscale_and_billing_reaudit.sql #6
Ran migration: 53_video_upscale_and_billing_reaudit.sql #7
Ran migration: 53_video_upscale_and_billing_reaudit.sql #9
Ran migration: 53_video_upscale_and_billing_reaudit.sql #10
Ran migration: 54_storyboard_optional_video_postprocess.sql #1
Ran migration: 54_storyboard_optional_video_postprocess.sql #2
Ran migration: 54_storyboard_optional_video_postprocess.sql #3
Ran migration: 55_video_intermediate_cleanup_opt_in.sql
Ran migration: 56_fix_mediakit_postprocess_display_fallback_prices.sql #1
Ran migration: 56_fix_mediakit_postprocess_display_fallback_prices.sql #2
Ran migration: 57_mediakit_shared_connection_defaults.sql
Ran migration: 58_storyboard_active_video_version.sql
Ran migration: 59_operations_alert_settings.sql #1
Ran migration: 59_operations_alert_settings.sql #2
Ran migration: 60_operations_report_snapshots.sql
Ran migration: 61_tenant_billing_and_console_isolation.sql #1
Ran migration: 61_tenant_billing_and_console_isolation.sql #2
Ran migration: 61_tenant_billing_and_console_isolation.sql #3
Ran migration: 61_tenant_billing_and_console_isolation.sql #4
Ran migration: 61_tenant_billing_and_console_isolation.sql #5
Ran migration: 61_tenant_billing_and_console_isolation.sql #6
Ran migration: 61_tenant_billing_and_console_isolation.sql #7
Ran migration: 61_tenant_billing_and_console_isolation.sql #8
Ran migration: 61_tenant_billing_and_console_isolation.sql #9
Ran migration: 61_tenant_billing_and_console_isolation.sql #10
Ran migration: 61_tenant_billing_and_console_isolation.sql #11
Ran migration: 61_tenant_billing_and_console_isolation.sql #12
Ran migration: 61_tenant_billing_and_console_isolation.sql #13
Ran migration: 61_tenant_billing_and_console_isolation.sql #14
Ran migration: 61_tenant_billing_and_console_isolation.sql #15
Ran migration: 61_tenant_billing_and_console_isolation.sql #16
Ran migration: 62_migrate_existing_users_to_default_tenant.sql #1
Ran migration: 62_migrate_existing_users_to_default_tenant.sql #2
Ran migration: 62_migrate_existing_users_to_default_tenant.sql #3
Ran migration: 62_migrate_existing_users_to_default_tenant.sql #4
Ran migration: 62_migrate_existing_users_to_default_tenant.sql #5
Ran migration: 63_geeknow_gpt_image_2_price.sql #1
Ran migration: 63_geeknow_gpt_image_2_price.sql #2
Ran migration: 64_default_tenant_price_book_compatibility.sql
Ran migration: 65_tool_run_tenant_scope.sql #1
Ran migration: 65_tool_run_tenant_scope.sql #2
Ran migration: 66_tenant_config_defaults.sql #1
Ran migration: 66_tenant_config_defaults.sql #2
Ran migration: 66_tenant_config_defaults.sql #3
Ran migration: 66_tenant_config_defaults.sql #4
Ran migration: 66_tenant_config_defaults.sql #5
Ran migration: 67_tenant_owned_ai_configs.sql #1
Ran migration: 67_tenant_owned_ai_configs.sql #2
Ran migration: 68_preserve_legacy_default_tenant.sql #1
Ran migration: 68_preserve_legacy_default_tenant.sql #2
Skip migration (table not found, will be ensured later): 69_homepage_default_video_resources.sql - no such table: global_settings
Ran migration: 70_billing_project_usage_snapshots.sql #1
Ran migration: 70_billing_project_usage_snapshots.sql #2
Ran migration: 70_billing_project_usage_snapshots.sql #3
Ran migration: 70_billing_project_usage_snapshots.sql #4
Ran migration: 70_billing_project_usage_snapshots.sql #5
Ran migration: 70_billing_project_usage_snapshots.sql #6
Ran migration: 70_billing_project_usage_snapshots.sql #7
Ran migration: 70_billing_project_usage_snapshots.sql #8
Ran migration: 70_billing_project_usage_snapshots.sql #9
Ran migration: 70_billing_project_usage_snapshots.sql #10
Ran migration: 70_billing_project_usage_snapshots.sql #11
Ran migration: 70_billing_project_usage_snapshots.sql #12
Ran migration: 70_billing_project_usage_snapshots.sql #13
Ran migration: 70_billing_project_usage_snapshots.sql #14
Ran migration: 71_billable_project_context.sql #1
Ran migration: 71_billable_project_context.sql #2
Ran migration: 71_billable_project_context.sql #3
Ran migration: 71_billable_project_context.sql #4
Migrated billing ledger to micro-points: [33m10000[39m
ensureColumns: added storyboards.layout_description (TEXT)
ensureColumns: added storyboards.image_url (TEXT)
ensureColumns: added storyboards.local_path (TEXT)
ensureColumns: added storyboards.main_panel_idx (INTEGER)
ensureColumns: added storyboards.composed_image (TEXT)
ensureColumns: added storyboards.result (TEXT)
ensureColumns: added storyboards.emotion (TEXT)
ensureColumns: added storyboards.emotion_intensity (INTEGER)
ensureColumns: added storyboards.error_msg (TEXT)
ensureColumns: added storyboards.lighting_style (TEXT)
ensureColumns: added storyboards.depth_of_field (TEXT)
ensureColumns: added storyboards.polished_prompt (TEXT)
ensureColumns: added storyboards.continuity_snapshot (TEXT)
ensureColumns: added storyboards.audio_local_path (TEXT)
ensureColumns: added storyboards.narration_audio_local_path (TEXT)
ensureColumns: added storyboards.omni_prompt_document_json (TEXT)
ensureColumns: added storyboards.first_frame_image_id (INTEGER)
ensureColumns: added storyboards.last_frame_image_id (INTEGER)
ensureColumns: added storyboards.last_frame_image_url (TEXT)
ensureColumns: added storyboards.last_frame_local_path (TEXT)
ensureColumns: added characters.extra_images (TEXT)
ensureColumns: added characters.error_msg (TEXT)
ensureColumns: added characters.ref_image (TEXT)
ensureColumns: added characters.seedance2_voice_asset (TEXT)
ensureColumns: added scenes.polished_prompt (TEXT)
ensureColumns: added scenes.extra_images (TEXT)
ensureColumns: added scenes.ref_image (TEXT)
ensureColumns: added scenes.error_msg (TEXT)
ensureColumns: added props.extra_images (TEXT)
ensureColumns: added props.ref_image (TEXT)
ensureColumns: added props.error_msg (TEXT)
ensureColumns: added tenants.is_new_user_default (INTEGER DEFAULT 0)
ensureColumns: added image_generations.episode_id (INTEGER)
ensureColumns: added image_generations.use_first_frame_layout_lock (INTEGER)
ensureColumns: added image_generations.width (INTEGER)
ensureColumns: added image_generations.height (INTEGER)
ensureColumns: added video_generations.resolution (TEXT)
ensureColumns: added video_generations.seed (INTEGER)
ensureColumns: added video_generations.camera_fixed (INTEGER)
ensureColumns: added video_generations.watermark (INTEGER)
ensureColumns: added video_generations.provider_task_id (TEXT)
ensureColumns: added video_generations.archive_status (TEXT)
ensureColumns: added video_generations.archive_error (TEXT)
ensureColumns: added video_generations.archive_attempts (INTEGER NOT NULL DEFAULT 0)
ensureColumns: added video_generations.archived_at (TEXT)
ensureColumns: added video_merges.merge_options (TEXT)
ensureColumns: added video_merges.merged_url (TEXT)
ensureColumns: added video_merges.duration (INTEGER)
ensureColumns: added video_merges.completed_at (TEXT)
ensureColumns: added video_merges.error_msg (TEXT)
ensureColumns: added assets.reference_alias (TEXT)
ensureColumns: added assets.archived_at (TEXT)
ensureColumns: added omni_video_jobs.storyboard_id (INTEGER)
Ran migration: 01_init.sql #1
Ran migration: 01_init.sql #2
Ran migration: 01_init.sql #3
Ran migration: 01_init.sql #4
Ran migration: 01_init.sql #5
Ran migration: 01_init.sql #6
Ran migration: 01_init.sql #7
Ran migration: 01_init.sql #8
Ran migration: 01_init.sql #9
Ran migration: 01_init.sql #10
Ran migration: 01_init.sql #11
Ran migration: 01_init.sql #12
Ran migration: 01_init.sql #13
Ran migration: 01_init.sql #14
Ran migration: 01_init.sql #15
Ran migration: 01_init.sql #16
Ran migration: 01_init.sql #17
Ran migration: 01_init.sql #18
Skip (already exists): 02_add_default_model.sql
Ran migration: 03_add_props_episode_id.sql
Skip (already exists): 04_async_tasks_columns.sql #1
Skip (already exists): 04_async_tasks_columns.sql #2
Skip (already exists): 04_async_tasks_columns.sql #3
Skip (already exists): 05_add_image_generations_completed_at.sql #1
Skip (already exists): 05_add_image_generations_completed_at.sql #2
Skip (already exists): 06_add_characters_local_path.sql
Skip (already exists): 07_add_scenes_image_columns.sql #1
Skip (already exists): 07_add_scenes_image_columns.sql #2
Skip (already exists): 08_add_video_generations_completed_at.sql #1
Skip (already exists): 08_add_video_generations_completed_at.sql #2
Ran migration: 09_scene_prop_libraries.sql #1
Ran migration: 09_scene_prop_libraries.sql #2
Ran migration: 10_prompt_overrides.sql
Ran migration: 11_add_api_protocol.sql
Ran migration: 12_image_proxy_cache.sql
Ran migration: 13_character_identity_anchors.sql #1
Ran migration: 13_character_identity_anchors.sql #2
Ran migration: 13_character_identity_anchors.sql #3
Ran migration: 13_character_identity_anchors.sql #4
Ran migration: 13_character_identity_anchors.sql #5
Ran migration: 13_character_identity_anchors.sql #6
Ran migration: 13_character_identity_anchors.sql #7
Ran migration: 13_character_identity_anchors.sql #8
Ran migration: 13_character_identity_anchors.sql #9
Ran migration: 14_storyboard_segments_and_model_map.sql #1
Ran migration: 14_storyboard_segments_and_model_map.sql #2
Ran migration: 14_storyboard_segments_and_model_map.sql #3
Ran migration: 15_storyboard_angle_structured.sql #1
Ran migration: 15_storyboard_angle_structured.sql #2
Ran migration: 15_storyboard_angle_structured.sql #3
Ran migration: 16_character_polished_prompt.sql
Ran migration: 17_character_stages.sql
Ran migration: 18_storyboard_narration.sql
Ran migration: 19_storyboard_universal_mode.sql #1
Ran migration: 19_storyboard_universal_mode.sql #2
Ran migration: 20_character_seedance2_asset.sql
Ran migration: 21_asset_negative_prompt.sql #1
Ran migration: 21_asset_negative_prompt.sql #2
Ran migration: 21_asset_negative_prompt.sql #3
Skip (already exists): 22_library_source_id.sql #1
Skip (already exists): 22_library_source_id.sql #2
Skip (already exists): 22_library_source_id.sql #3
Skip (already exists): 22_library_source_id.sql #4
Skip (already exists): 22_library_source_id.sql #5
Skip (already exists): 22_library_source_id.sql #6
Ran migration: 22_library_source_id.sql #7
Ran migration: 22_library_source_id.sql #8
Ran migration: 22_library_source_id.sql #9
Ran migration: 23_omni_video_workbench.sql #1
Ran migration: 23_omni_video_workbench.sql #2
Ran migration: 23_omni_video_workbench.sql #3
Ran migration: 23_omni_video_workbench.sql #4
Ran migration: 23_omni_video_workbench.sql #5
Ran migration: 23_omni_video_workbench.sql #6
Ran migration: 23_omni_video_workbench.sql #7
Ran migration: 23_omni_video_workbench.sql #8
Ran migration: 23_omni_video_workbench.sql #9
Ran migration: 23_omni_video_workbench.sql #10
Ran migration: 23_omni_video_workbench.sql #11
Ran migration: 23_omni_video_workbench.sql #12
Ran migration: 24_asset_seedance2_certification.sql
Ran migration: 25_omni_sequences.sql #1
Ran migration: 25_omni_sequences.sql #2
Ran migration: 25_omni_sequences.sql #3
Ran migration: 25_omni_sequences.sql #4
Ran migration: 25_omni_sequences.sql #5
Ran migration: 26_omni_workbench_improvements.sql #1
Ran migration: 26_omni_workbench_improvements.sql #2
Ran migration: 27_ai_toolbox.sql #1
Ran migration: 27_ai_toolbox.sql #2
Ran migration: 27_ai_toolbox.sql #3
Ran migration: 27_ai_toolbox.sql #4
Ran migration: 27_ai_toolbox.sql #5
Ran migration: 27_ai_toolbox.sql #6
Ran migration: 27_ai_toolbox.sql #7
Ran migration: 28_storyboard_generation_settings.sql #1
Ran migration: 28_storyboard_generation_settings.sql #2
Ran migration: 28_storyboard_generation_settings.sql #3
Ran migration: 28_storyboard_generation_settings.sql #4
Ran migration: 29_resource_seedance2_asset.sql #1
Ran migration: 29_resource_seedance2_asset.sql #2
Ran migration: 30_storyboard_omni_assets.sql #1
Ran migration: 30_storyboard_omni_assets.sql #2
Ran migration: 30_storyboard_omni_assets.sql #3
Ran migration: 30_storyboard_omni_assets.sql #4
Ran migration: 30_storyboard_omni_assets.sql #5
Ran migration: 30_storyboard_omni_assets.sql #6
Ran migration: 30_storyboard_omni_assets.sql #7
Ran migration: 30_storyboard_omni_assets.sql #8
Ran migration: 30_storyboard_omni_assets.sql #9
Ran migration: 31_storyboard_sort_order.sql
Ran migration: 32_asset_favorites.sql
Ran migration: 33_auth_billing_admin.sql #1
Ran migration: 33_auth_billing_admin.sql #2
Ran migration: 33_auth_billing_admin.sql #3
Ran migration: 33_auth_billing_admin.sql #4
Ran migration: 33_auth_billing_admin.sql #5
Ran migration: 33_auth_billing_admin.sql #6
Ran migration: 33_auth_billing_admin.sql #7
Ran migration: 33_auth_billing_admin.sql #8
Ran migration: 33_auth_billing_admin.sql #9
Ran migration: 33_auth_billing_admin.sql #10
Ran migration: 33_auth_billing_admin.sql #11
Ran migration: 33_auth_billing_admin.sql #12
Ran migration: 33_auth_billing_admin.sql #13
Ran migration: 33_auth_billing_admin.sql #14
Ran migration: 33_auth_billing_admin.sql #15
Ran migration: 33_auth_billing_admin.sql #16
Ran migration: 33_auth_billing_admin.sql #17
Ran migration: 33_auth_billing_admin.sql #18
Ran migration: 33_auth_billing_admin.sql #19
Ran migration: 33_auth_billing_admin.sql #20
Ran migration: 33_auth_billing_admin.sql #21
Ran migration: 34_workflow_ownership.sql #1
Ran migration: 34_workflow_ownership.sql #2
Ran migration: 34_workflow_ownership.sql #3
Ran migration: 34_workflow_ownership.sql #4
Ran migration: 34_workflow_ownership.sql #5
Ran migration: 34_workflow_ownership.sql #6
Ran migration: 34_workflow_ownership.sql #7
Ran migration: 35_runtime_auth_settings.sql
Ran migration: 36_volcengine_seedream_official_prices.sql #1
Ran migration: 36_volcengine_seedream_official_prices.sql #2
Ran migration: 36_volcengine_seedream_official_prices.sql #3
Ran migration: 37_points_ratio_and_volcengine_video_prices.sql #1
Ran migration: 37_points_ratio_and_volcengine_video_prices.sql #2
Ran migration: 37_points_ratio_and_volcengine_video_prices.sql #3
Ran migration: 37_points_ratio_and_volcengine_video_prices.sql #4
Ran migration: 37_points_ratio_and_volcengine_video_prices.sql #5
Ran migration: 37_points_ratio_and_volcengine_video_prices.sql #6
Ran migration: 37_points_ratio_and_volcengine_video_prices.sql #7
Ran migration: 37_points_ratio_and_volcengine_video_prices.sql #8
Ran migration: 38_seedance_video_rate_contexts.sql #1
Ran migration: 38_seedance_video_rate_contexts.sql #2
Ran migration: 39_billing_key_for_custom_providers.sql #1
Ran migration: 39_billing_key_for_custom_providers.sql #2
Ran migration: 40_volcengine_text_tts_official_prices.sql #1
Ran migration: 40_volcengine_text_tts_official_prices.sql #2
Ran migration: 40_volcengine_text_tts_official_prices.sql #3
Ran migration: 40_volcengine_text_tts_official_prices.sql #4
Ran migration: 40_volcengine_text_tts_official_prices.sql #5
Ran migration: 41_billing_reconciliation.sql #1
Ran migration: 41_billing_reconciliation.sql #2
Ran migration: 41_billing_reconciliation.sql #3
Ran migration: 42_volcengine_seed_2_lite_prices.sql #1
Ran migration: 42_volcengine_seed_2_lite_prices.sql #2
Ran migration: 43_video_usage_output_meter_and_snapshot.sql #1
Ran migration: 43_video_usage_output_meter_and_snapshot.sql #2
Ran migration: 43_video_usage_output_meter_and_snapshot.sql #3
Ran migration: 44_deduplicate_video_output_meters.sql #1
Ran migration: 44_deduplicate_video_output_meters.sql #2
Ran migration: 45_remove_legacy_model_permissions.sql
Ran migration: 46_seed_2_lite_context_tier.sql #1
Ran migration: 46_seed_2_lite_context_tier.sql #2
Ran migration: 46_seed_2_lite_context_tier.sql #3
Ran migration: 47_seedance_2_mini_price.sql #1
Ran migration: 47_seedance_2_mini_price.sql #2
Ran migration: 48_media_archive_records.sql #1
Ran migration: 48_media_archive_records.sql #2
Ran migration: 49_seedance_2_5_price.sql #1
Ran migration: 49_seedance_2_5_price.sql #2
Ran migration: 50_storyboard_generation_inheritance.sql #1
Ran migration: 50_storyboard_generation_inheritance.sql #2
Ran migration: 51_video_poster_path.sql
Ran migration: 52_asset_links_video_interpolation.sql #1
Ran migration: 52_asset_links_video_interpolation.sql #2
Ran migration: 52_asset_links_video_interpolation.sql #3
Ran migration: 52_asset_links_video_interpolation.sql #4
Ran migration: 52_asset_links_video_interpolation.sql #5
Ran migration: 52_asset_links_video_interpolation.sql #6
Ran migration: 52_asset_links_video_interpolation.sql #7
Ran migration: 52_asset_links_video_interpolation.sql #8
Ran migration: 52_asset_links_video_interpolation.sql #9
Ran migration: 52_asset_links_video_interpolation.sql #10
Ran migration: 52_asset_links_video_interpolation.sql #11
Ran migration: 52_asset_links_video_interpolation.sql #12
Ran migration: 52_asset_links_video_interpolation.sql #13
Ran migration: 52_asset_links_video_interpolation.sql #14
Ran migration: 52_asset_links_video_interpolation.sql #15
Ran migration: 52_asset_links_video_interpolation.sql #16
Ran migration: 52_asset_links_video_interpolation.sql #17
Ran migration: 53_video_upscale_and_billing_reaudit.sql #1
Ran migration: 53_video_upscale_and_billing_reaudit.sql #2
Ran migration: 53_video_upscale_and_billing_reaudit.sql #3
Ran migration: 53_video_upscale_and_billing_reaudit.sql #4
Ran migration: 53_video_upscale_and_billing_reaudit.sql #5
Ran migration: 53_video_upscale_and_billing_reaudit.sql #6
Ran migration: 53_video_upscale_and_billing_reaudit.sql #7
Ran migration: 53_video_upscale_and_billing_reaudit.sql #9
Ran migration: 53_video_upscale_and_billing_reaudit.sql #10
Ran migration: 54_storyboard_optional_video_postprocess.sql #1
Ran migration: 54_storyboard_optional_video_postprocess.sql #2
Ran migration: 54_storyboard_optional_video_postprocess.sql #3
Ran migration: 55_video_intermediate_cleanup_opt_in.sql
Ran migration: 56_fix_mediakit_postprocess_display_fallback_prices.sql #1
Ran migration: 56_fix_mediakit_postprocess_display_fallback_prices.sql #2
Ran migration: 57_mediakit_shared_connection_defaults.sql
Ran migration: 58_storyboard_active_video_version.sql
Ran migration: 59_operations_alert_settings.sql #1
Ran migration: 59_operations_alert_settings.sql #2
Ran migration: 60_operations_report_snapshots.sql
Ran migration: 61_tenant_billing_and_console_isolation.sql #1
Ran migration: 61_tenant_billing_and_console_isolation.sql #2
Ran migration: 61_tenant_billing_and_console_isolation.sql #3
Ran migration: 61_tenant_billing_and_console_isolation.sql #4
Ran migration: 61_tenant_billing_and_console_isolation.sql #5
Ran migration: 61_tenant_billing_and_console_isolation.sql #6
Ran migration: 61_tenant_billing_and_console_isolation.sql #7
Ran migration: 61_tenant_billing_and_console_isolation.sql #8
Ran migration: 61_tenant_billing_and_console_isolation.sql #9
Ran migration: 61_tenant_billing_and_console_isolation.sql #10
Ran migration: 61_tenant_billing_and_console_isolation.sql #11
Ran migration: 61_tenant_billing_and_console_isolation.sql #12
Ran migration: 61_tenant_billing_and_console_isolation.sql #13
Ran migration: 61_tenant_billing_and_console_isolation.sql #14
Ran migration: 61_tenant_billing_and_console_isolation.sql #15
Ran migration: 61_tenant_billing_and_console_isolation.sql #16
Ran migration: 62_migrate_existing_users_to_default_tenant.sql #1
Ran migration: 62_migrate_existing_users_to_default_tenant.sql #2
Ran migration: 62_migrate_existing_users_to_default_tenant.sql #3
Ran migration: 62_migrate_existing_users_to_default_tenant.sql #4
Ran migration: 62_migrate_existing_users_to_default_tenant.sql #5
Ran migration: 63_geeknow_gpt_image_2_price.sql #1
Ran migration: 63_geeknow_gpt_image_2_price.sql #2
Ran migration: 64_default_tenant_price_book_compatibility.sql
Ran migration: 65_tool_run_tenant_scope.sql #1
Ran migration: 65_tool_run_tenant_scope.sql #2
Ran migration: 66_tenant_config_defaults.sql #1
Ran migration: 66_tenant_config_defaults.sql #2
Ran migration: 66_tenant_config_defaults.sql #3
Ran migration: 66_tenant_config_defaults.sql #4
Ran migration: 66_tenant_config_defaults.sql #5
Ran migration: 67_tenant_owned_ai_configs.sql #1
Ran migration: 67_tenant_owned_ai_configs.sql #2
Ran migration: 68_preserve_legacy_default_tenant.sql #1
Ran migration: 68_preserve_legacy_default_tenant.sql #2
Skip migration (table not found, will be ensured later): 69_homepage_default_video_resources.sql - no such table: global_settings
Ran migration: 70_billing_project_usage_snapshots.sql #1
Ran migration: 70_billing_project_usage_snapshots.sql #2
Ran migration: 70_billing_project_usage_snapshots.sql #3
Ran migration: 70_billing_project_usage_snapshots.sql #4
Ran migration: 70_billing_project_usage_snapshots.sql #5
Ran migration: 70_billing_project_usage_snapshots.sql #6
Ran migration: 70_billing_project_usage_snapshots.sql #7
Ran migration: 70_billing_project_usage_snapshots.sql #8
Ran migration: 70_billing_project_usage_snapshots.sql #9
Ran migration: 70_billing_project_usage_snapshots.sql #10
Ran migration: 70_billing_project_usage_snapshots.sql #11
Ran migration: 70_billing_project_usage_snapshots.sql #12
Ran migration: 70_billing_project_usage_snapshots.sql #13
Ran migration: 70_billing_project_usage_snapshots.sql #14
Ran migration: 71_billable_project_context.sql #1
Ran migration: 71_billable_project_context.sql #2
Ran migration: 71_billable_project_context.sql #3
Ran migration: 71_billable_project_context.sql #4
Migrated billing ledger to micro-points: [33m10000[39m
ensureColumns: added storyboards.layout_description (TEXT)
ensureColumns: added storyboards.image_url (TEXT)
ensureColumns: added storyboards.local_path (TEXT)
ensureColumns: added storyboards.main_panel_idx (INTEGER)
ensureColumns: added storyboards.composed_image (TEXT)
ensureColumns: added storyboards.result (TEXT)
ensureColumns: added storyboards.emotion (TEXT)
ensureColumns: added storyboards.emotion_intensity (INTEGER)
ensureColumns: added storyboards.error_msg (TEXT)
ensureColumns: added storyboards.lighting_style (TEXT)
ensureColumns: added storyboards.depth_of_field (TEXT)
ensureColumns: added storyboards.polished_prompt (TEXT)
ensureColumns: added storyboards.continuity_snapshot (TEXT)
ensureColumns: added storyboards.audio_local_path (TEXT)
ensureColumns: added storyboards.narration_audio_local_path (TEXT)
ensureColumns: added storyboards.omni_prompt_document_json (TEXT)
ensureColumns: added storyboards.first_frame_image_id (INTEGER)
ensureColumns: added storyboards.last_frame_image_id (INTEGER)
ensureColumns: added storyboards.last_frame_image_url (TEXT)
ensureColumns: added storyboards.last_frame_local_path (TEXT)
ensureColumns: added characters.extra_images (TEXT)
ensureColumns: added characters.error_msg (TEXT)
ensureColumns: added characters.ref_image (TEXT)
ensureColumns: added characters.seedance2_voice_asset (TEXT)
ensureColumns: added scenes.polished_prompt (TEXT)
ensureColumns: added scenes.extra_images (TEXT)
ensureColumns: added scenes.ref_image (TEXT)
ensureColumns: added scenes.error_msg (TEXT)
ensureColumns: added props.extra_images (TEXT)
ensureColumns: added props.ref_image (TEXT)
ensureColumns: added props.error_msg (TEXT)
ensureColumns: added tenants.is_new_user_default (INTEGER DEFAULT 0)
ensureColumns: added image_generations.episode_id (INTEGER)
ensureColumns: added image_generations.use_first_frame_layout_lock (INTEGER)
ensureColumns: added image_generations.width (INTEGER)
ensureColumns: added image_generations.height (INTEGER)
ensureColumns: added video_generations.resolution (TEXT)
ensureColumns: added video_generations.seed (INTEGER)
ensureColumns: added video_generations.camera_fixed (INTEGER)
ensureColumns: added video_generations.watermark (INTEGER)
ensureColumns: added video_generations.provider_task_id (TEXT)
ensureColumns: added video_generations.archive_status (TEXT)
ensureColumns: added video_generations.archive_error (TEXT)
ensureColumns: added video_generations.archive_attempts (INTEGER NOT NULL DEFAULT 0)
ensureColumns: added video_generations.archived_at (TEXT)
ensureColumns: added video_merges.merge_options (TEXT)
ensureColumns: added video_merges.merged_url (TEXT)
ensureColumns: added video_merges.duration (INTEGER)
ensureColumns: added video_merges.completed_at (TEXT)
ensureColumns: added video_merges.error_msg (TEXT)
ensureColumns: added assets.reference_alias (TEXT)
ensureColumns: added assets.archived_at (TEXT)
ensureColumns: added omni_video_jobs.storyboard_id (INTEGER)
Ran migration: 01_init.sql #1
Ran migration: 01_init.sql #2
Ran migration: 01_init.sql #3
Ran migration: 01_init.sql #4
Ran migration: 01_init.sql #5
Ran migration: 01_init.sql #6
Ran migration: 01_init.sql #7
Ran migration: 01_init.sql #8
Ran migration: 01_init.sql #9
Ran migration: 01_init.sql #10
Ran migration: 01_init.sql #11
Ran migration: 01_init.sql #12
Ran migration: 01_init.sql #13
Ran migration: 01_init.sql #14
Ran migration: 01_init.sql #15
Ran migration: 01_init.sql #16
Ran migration: 01_init.sql #17
Ran migration: 01_init.sql #18
Skip (already exists): 02_add_default_model.sql
Ran migration: 03_add_props_episode_id.sql
Skip (already exists): 04_async_tasks_columns.sql #1
Skip (already exists): 04_async_tasks_columns.sql #2
Skip (already exists): 04_async_tasks_columns.sql #3
Skip (already exists): 05_add_image_generations_completed_at.sql #1
Skip (already exists): 05_add_image_generations_completed_at.sql #2
Skip (already exists): 06_add_characters_local_path.sql
Skip (already exists): 07_add_scenes_image_columns.sql #1
Skip (already exists): 07_add_scenes_image_columns.sql #2
Skip (already exists): 08_add_video_generations_completed_at.sql #1
Skip (already exists): 08_add_video_generations_completed_at.sql #2
Ran migration: 09_scene_prop_libraries.sql #1
Ran migration: 09_scene_prop_libraries.sql #2
Ran migration: 10_prompt_overrides.sql
Ran migration: 11_add_api_protocol.sql
Ran migration: 12_image_proxy_cache.sql
Ran migration: 13_character_identity_anchors.sql #1
Ran migration: 13_character_identity_anchors.sql #2
Ran migration: 13_character_identity_anchors.sql #3
Ran migration: 13_character_identity_anchors.sql #4
Ran migration: 13_character_identity_anchors.sql #5
Ran migration: 13_character_identity_anchors.sql #6
Ran migration: 13_character_identity_anchors.sql #7
Ran migration: 13_character_identity_anchors.sql #8
Ran migration: 13_character_identity_anchors.sql #9
Ran migration: 14_storyboard_segments_and_model_map.sql #1
Ran migration: 14_storyboard_segments_and_model_map.sql #2
Ran migration: 14_storyboard_segments_and_model_map.sql #3
Ran migration: 15_storyboard_angle_structured.sql #1
Ran migration: 15_storyboard_angle_structured.sql #2
Ran migration: 15_storyboard_angle_structured.sql #3
Ran migration: 16_character_polished_prompt.sql
Ran migration: 17_character_stages.sql
Ran migration: 18_storyboard_narration.sql
Ran migration: 19_storyboard_universal_mode.sql #1
Ran migration: 19_storyboard_universal_mode.sql #2
Ran migration: 20_character_seedance2_asset.sql
Ran migration: 21_asset_negative_prompt.sql #1
Ran migration: 21_asset_negative_prompt.sql #2
Ran migration: 21_asset_negative_prompt.sql #3
Skip (already exists): 22_library_source_id.sql #1
Skip (already exists): 22_library_source_id.sql #2
Skip (already exists): 22_library_source_id.sql #3
Skip (already exists): 22_library_source_id.sql #4
Skip (already exists): 22_library_source_id.sql #5
Skip (already exists): 22_library_source_id.sql #6
Ran migration: 22_library_source_id.sql #7
Ran migration: 22_library_source_id.sql #8
Ran migration: 22_library_source_id.sql #9
Ran migration: 23_omni_video_workbench.sql #1
Ran migration: 23_omni_video_workbench.sql #2
Ran migration: 23_omni_video_workbench.sql #3
Ran migration: 23_omni_video_workbench.sql #4
Ran migration: 23_omni_video_workbench.sql #5
Ran migration: 23_omni_video_workbench.sql #6
Ran migration: 23_omni_video_workbench.sql #7
Ran migration: 23_omni_video_workbench.sql #8
Ran migration: 23_omni_video_workbench.sql #9
Ran migration: 23_omni_video_workbench.sql #10
Ran migration: 23_omni_video_workbench.sql #11
Ran migration: 23_omni_video_workbench.sql #12
Ran migration: 24_asset_seedance2_certification.sql
Ran migration: 25_omni_sequences.sql #1
Ran migration: 25_omni_sequences.sql #2
Ran migration: 25_omni_sequences.sql #3
Ran migration: 25_omni_sequences.sql #4
Ran migration: 25_omni_sequences.sql #5
Ran migration: 26_omni_workbench_improvements.sql #1
Ran migration: 26_omni_workbench_improvements.sql #2
Ran migration: 27_ai_toolbox.sql #1
Ran migration: 27_ai_toolbox.sql #2
Ran migration: 27_ai_toolbox.sql #3
Ran migration: 27_ai_toolbox.sql #4
Ran migration: 27_ai_toolbox.sql #5
Ran migration: 27_ai_toolbox.sql #6
Ran migration: 27_ai_toolbox.sql #7
Ran migration: 28_storyboard_generation_settings.sql #1
Ran migration: 28_storyboard_generation_settings.sql #2
Ran migration: 28_storyboard_generation_settings.sql #3
Ran migration: 28_storyboard_generation_settings.sql #4
Ran migration: 29_resource_seedance2_asset.sql #1
Ran migration: 29_resource_seedance2_asset.sql #2
Ran migration: 30_storyboard_omni_assets.sql #1
Ran migration: 30_storyboard_omni_assets.sql #2
Ran migration: 30_storyboard_omni_assets.sql #3
Ran migration: 30_storyboard_omni_assets.sql #4
Ran migration: 30_storyboard_omni_assets.sql #5
Ran migration: 30_storyboard_omni_assets.sql #6
Ran migration: 30_storyboard_omni_assets.sql #7
Ran migration: 30_storyboard_omni_assets.sql #8
Ran migration: 30_storyboard_omni_assets.sql #9
Ran migration: 31_storyboard_sort_order.sql
Ran migration: 32_asset_favorites.sql
Ran migration: 33_auth_billing_admin.sql #1
Ran migration: 33_auth_billing_admin.sql #2
Ran migration: 33_auth_billing_admin.sql #3
Ran migration: 33_auth_billing_admin.sql #4
Ran migration: 33_auth_billing_admin.sql #5
Ran migration: 33_auth_billing_admin.sql #6
Ran migration: 33_auth_billing_admin.sql #7
Ran migration: 33_auth_billing_admin.sql #8
Ran migration: 33_auth_billing_admin.sql #9
Ran migration: 33_auth_billing_admin.sql #10
Ran migration: 33_auth_billing_admin.sql #11
Ran migration: 33_auth_billing_admin.sql #12
Ran migration: 33_auth_billing_admin.sql #13
Ran migration: 33_auth_billing_admin.sql #14
Ran migration: 33_auth_billing_admin.sql #15
Ran migration: 33_auth_billing_admin.sql #16
Ran migration: 33_auth_billing_admin.sql #17
Ran migration: 33_auth_billing_admin.sql #18
Ran migration: 33_auth_billing_admin.sql #19
Ran migration: 33_auth_billing_admin.sql #20
Ran migration: 33_auth_billing_admin.sql #21
Ran migration: 34_workflow_ownership.sql #1
Ran migration: 34_workflow_ownership.sql #2
Ran migration: 34_workflow_ownership.sql #3
Ran migration: 34_workflow_ownership.sql #4
Ran migration: 34_workflow_ownership.sql #5
Ran migration: 34_workflow_ownership.sql #6
Ran migration: 34_workflow_ownership.sql #7
Ran migration: 35_runtime_auth_settings.sql
Ran migration: 36_volcengine_seedream_official_prices.sql #1
Ran migration: 36_volcengine_seedream_official_prices.sql #2
Ran migration: 36_volcengine_seedream_official_prices.sql #3
Ran migration: 37_points_ratio_and_volcengine_video_prices.sql #1
Ran migration: 37_points_ratio_and_volcengine_video_prices.sql #2
Ran migration: 37_points_ratio_and_volcengine_video_prices.sql #3
Ran migration: 37_points_ratio_and_volcengine_video_prices.sql #4
Ran migration: 37_points_ratio_and_volcengine_video_prices.sql #5
Ran migration: 37_points_ratio_and_volcengine_video_prices.sql #6
Ran migration: 37_points_ratio_and_volcengine_video_prices.sql #7
Ran migration: 37_points_ratio_and_volcengine_video_prices.sql #8
Ran migration: 38_seedance_video_rate_contexts.sql #1
Ran migration: 38_seedance_video_rate_contexts.sql #2
Ran migration: 39_billing_key_for_custom_providers.sql #1
Ran migration: 39_billing_key_for_custom_providers.sql #2
Ran migration: 40_volcengine_text_tts_official_prices.sql #1
Ran migration: 40_volcengine_text_tts_official_prices.sql #2
Ran migration: 40_volcengine_text_tts_official_prices.sql #3
Ran migration: 40_volcengine_text_tts_official_prices.sql #4
Ran migration: 40_volcengine_text_tts_official_prices.sql #5
Ran migration: 41_billing_reconciliation.sql #1
Ran migration: 41_billing_reconciliation.sql #2
Ran migration: 41_billing_reconciliation.sql #3
Ran migration: 42_volcengine_seed_2_lite_prices.sql #1
Ran migration: 42_volcengine_seed_2_lite_prices.sql #2
Ran migration: 43_video_usage_output_meter_and_snapshot.sql #1
Ran migration: 43_video_usage_output_meter_and_snapshot.sql #2
Ran migration: 43_video_usage_output_meter_and_snapshot.sql #3
Ran migration: 44_deduplicate_video_output_meters.sql #1
Ran migration: 44_deduplicate_video_output_meters.sql #2
Ran migration: 45_remove_legacy_model_permissions.sql
Ran migration: 46_seed_2_lite_context_tier.sql #1
Ran migration: 46_seed_2_lite_context_tier.sql #2
Ran migration: 46_seed_2_lite_context_tier.sql #3
Ran migration: 47_seedance_2_mini_price.sql #1
Ran migration: 47_seedance_2_mini_price.sql #2
Ran migration: 48_media_archive_records.sql #1
Ran migration: 48_media_archive_records.sql #2
Ran migration: 49_seedance_2_5_price.sql #1
Ran migration: 49_seedance_2_5_price.sql #2
Ran migration: 50_storyboard_generation_inheritance.sql #1
Ran migration: 50_storyboard_generation_inheritance.sql #2
Ran migration: 51_video_poster_path.sql
Ran migration: 52_asset_links_video_interpolation.sql #1
Ran migration: 52_asset_links_video_interpolation.sql #2
Ran migration: 52_asset_links_video_interpolation.sql #3
Ran migration: 52_asset_links_video_interpolation.sql #4
Ran migration: 52_asset_links_video_interpolation.sql #5
Ran migration: 52_asset_links_video_interpolation.sql #6
Ran migration: 52_asset_links_video_interpolation.sql #7
Ran migration: 52_asset_links_video_interpolation.sql #8
Ran migration: 52_asset_links_video_interpolation.sql #9
Ran migration: 52_asset_links_video_interpolation.sql #10
Ran migration: 52_asset_links_video_interpolation.sql #11
Ran migration: 52_asset_links_video_interpolation.sql #12
Ran migration: 52_asset_links_video_interpolation.sql #13
Ran migration: 52_asset_links_video_interpolation.sql #14
Ran migration: 52_asset_links_video_interpolation.sql #15
Ran migration: 52_asset_links_video_interpolation.sql #16
Ran migration: 52_asset_links_video_interpolation.sql #17
Ran migration: 53_video_upscale_and_billing_reaudit.sql #1
Ran migration: 53_video_upscale_and_billing_reaudit.sql #2
Ran migration: 53_video_upscale_and_billing_reaudit.sql #3
Ran migration: 53_video_upscale_and_billing_reaudit.sql #4
Ran migration: 53_video_upscale_and_billing_reaudit.sql #5
Ran migration: 53_video_upscale_and_billing_reaudit.sql #6
Ran migration: 53_video_upscale_and_billing_reaudit.sql #7
Ran migration: 53_video_upscale_and_billing_reaudit.sql #9
Ran migration: 53_video_upscale_and_billing_reaudit.sql #10
Ran migration: 54_storyboard_optional_video_postprocess.sql #1
Ran migration: 54_storyboard_optional_video_postprocess.sql #2
Ran migration: 54_storyboard_optional_video_postprocess.sql #3
Ran migration: 55_video_intermediate_cleanup_opt_in.sql
Ran migration: 56_fix_mediakit_postprocess_display_fallback_prices.sql #1
Ran migration: 56_fix_mediakit_postprocess_display_fallback_prices.sql #2
Ran migration: 57_mediakit_shared_connection_defaults.sql
Ran migration: 58_storyboard_active_video_version.sql
Ran migration: 59_operations_alert_settings.sql #1
Ran migration: 59_operations_alert_settings.sql #2
Ran migration: 60_operations_report_snapshots.sql
Ran migration: 61_tenant_billing_and_console_isolation.sql #1
Ran migration: 61_tenant_billing_and_console_isolation.sql #2
Ran migration: 61_tenant_billing_and_console_isolation.sql #3
Ran migration: 61_tenant_billing_and_console_isolation.sql #4
Ran migration: 61_tenant_billing_and_console_isolation.sql #5
Ran migration: 61_tenant_billing_and_console_isolation.sql #6
Ran migration: 61_tenant_billing_and_console_isolation.sql #7
Ran migration: 61_tenant_billing_and_console_isolation.sql #8
Ran migration: 61_tenant_billing_and_console_isolation.sql #9
Ran migration: 61_tenant_billing_and_console_isolation.sql #10
Ran migration: 61_tenant_billing_and_console_isolation.sql #11
Ran migration: 61_tenant_billing_and_console_isolation.sql #12
Ran migration: 61_tenant_billing_and_console_isolation.sql #13
Ran migration: 61_tenant_billing_and_console_isolation.sql #14
Ran migration: 61_tenant_billing_and_console_isolation.sql #15
Ran migration: 61_tenant_billing_and_console_isolation.sql #16
Ran migration: 62_migrate_existing_users_to_default_tenant.sql #1
Ran migration: 62_migrate_existing_users_to_default_tenant.sql #2
Ran migration: 62_migrate_existing_users_to_default_tenant.sql #3
Ran migration: 62_migrate_existing_users_to_default_tenant.sql #4
Ran migration: 62_migrate_existing_users_to_default_tenant.sql #5
Ran migration: 63_geeknow_gpt_image_2_price.sql #1
Ran migration: 63_geeknow_gpt_image_2_price.sql #2
Ran migration: 64_default_tenant_price_book_compatibility.sql
Ran migration: 65_tool_run_tenant_scope.sql #1
Ran migration: 65_tool_run_tenant_scope.sql #2
Ran migration: 66_tenant_config_defaults.sql #1
Ran migration: 66_tenant_config_defaults.sql #2
Ran migration: 66_tenant_config_defaults.sql #3
Ran migration: 66_tenant_config_defaults.sql #4
Ran migration: 66_tenant_config_defaults.sql #5
Ran migration: 67_tenant_owned_ai_configs.sql #1
Ran migration: 67_tenant_owned_ai_configs.sql #2
Ran migration: 68_preserve_legacy_default_tenant.sql #1
Ran migration: 68_preserve_legacy_default_tenant.sql #2
Skip migration (table not found, will be ensured later): 69_homepage_default_video_resources.sql - no such table: global_settings
Ran migration: 70_billing_project_usage_snapshots.sql #1
Ran migration: 70_billing_project_usage_snapshots.sql #2
Ran migration: 70_billing_project_usage_snapshots.sql #3
Ran migration: 70_billing_project_usage_snapshots.sql #4
Ran migration: 70_billing_project_usage_snapshots.sql #5
Ran migration: 70_billing_project_usage_snapshots.sql #6
Ran migration: 70_billing_project_usage_snapshots.sql #7
Ran migration: 70_billing_project_usage_snapshots.sql #8
Ran migration: 70_billing_project_usage_snapshots.sql #9
Ran migration: 70_billing_project_usage_snapshots.sql #10
Ran migration: 70_billing_project_usage_snapshots.sql #11
Ran migration: 70_billing_project_usage_snapshots.sql #12
Ran migration: 70_billing_project_usage_snapshots.sql #13
Ran migration: 70_billing_project_usage_snapshots.sql #14
Ran migration: 71_billable_project_context.sql #1
Ran migration: 71_billable_project_context.sql #2
Ran migration: 71_billable_project_context.sql #3
Ran migration: 71_billable_project_context.sql #4
Migrated billing ledger to micro-points: [33m10000[39m
ensureColumns: added storyboards.layout_description (TEXT)
ensureColumns: added storyboards.image_url (TEXT)
ensureColumns: added storyboards.local_path (TEXT)
ensureColumns: added storyboards.main_panel_idx (INTEGER)
ensureColumns: added storyboards.composed_image (TEXT)
ensureColumns: added storyboards.result (TEXT)
ensureColumns: added storyboards.emotion (TEXT)
ensureColumns: added storyboards.emotion_intensity (INTEGER)
ensureColumns: added storyboards.error_msg (TEXT)
ensureColumns: added storyboards.lighting_style (TEXT)
ensureColumns: added storyboards.depth_of_field (TEXT)
ensureColumns: added storyboards.polished_prompt (TEXT)
ensureColumns: added storyboards.continuity_snapshot (TEXT)
ensureColumns: added storyboards.audio_local_path (TEXT)
ensureColumns: added storyboards.narration_audio_local_path (TEXT)
ensureColumns: added storyboards.omni_prompt_document_json (TEXT)
ensureColumns: added storyboards.first_frame_image_id (INTEGER)
ensureColumns: added storyboards.last_frame_image_id (INTEGER)
ensureColumns: added storyboards.last_frame_image_url (TEXT)
ensureColumns: added storyboards.last_frame_local_path (TEXT)
ensureColumns: added characters.extra_images (TEXT)
ensureColumns: added characters.error_msg (TEXT)
ensureColumns: added characters.ref_image (TEXT)
ensureColumns: added characters.seedance2_voice_asset (TEXT)
ensureColumns: added scenes.polished_prompt (TEXT)
ensureColumns: added scenes.extra_images (TEXT)
ensureColumns: added scenes.ref_image (TEXT)
ensureColumns: added scenes.error_msg (TEXT)
ensureColumns: added props.extra_images (TEXT)
ensureColumns: added props.ref_image (TEXT)
ensureColumns: added props.error_msg (TEXT)
ensureColumns: added tenants.is_new_user_default (INTEGER DEFAULT 0)
ensureColumns: added image_generations.episode_id (INTEGER)
ensureColumns: added image_generations.use_first_frame_layout_lock (INTEGER)
ensureColumns: added image_generations.width (INTEGER)
ensureColumns: added image_generations.height (INTEGER)
ensureColumns: added video_generations.resolution (TEXT)
ensureColumns: added video_generations.seed (INTEGER)
ensureColumns: added video_generations.camera_fixed (INTEGER)
ensureColumns: added video_generations.watermark (INTEGER)
ensureColumns: added video_generations.provider_task_id (TEXT)
ensureColumns: added video_generations.archive_status (TEXT)
ensureColumns: added video_generations.archive_error (TEXT)
ensureColumns: added video_generations.archive_attempts (INTEGER NOT NULL DEFAULT 0)
ensureColumns: added video_generations.archived_at (TEXT)
ensureColumns: added video_merges.merge_options (TEXT)
ensureColumns: added video_merges.merged_url (TEXT)
ensureColumns: added video_merges.duration (INTEGER)
ensureColumns: added video_merges.completed_at (TEXT)
ensureColumns: added video_merges.error_msg (TEXT)
ensureColumns: added assets.reference_alias (TEXT)
ensureColumns: added assets.archived_at (TEXT)
ensureColumns: added omni_video_jobs.storyboard_id (INTEGER)
Ran migration: 01_init.sql #1
Ran migration: 01_init.sql #2
Ran migration: 01_init.sql #3
Ran migration: 01_init.sql #4
Ran migration: 01_init.sql #5
Ran migration: 01_init.sql #6
Ran migration: 01_init.sql #7
Ran migration: 01_init.sql #8
Ran migration: 01_init.sql #9
Ran migration: 01_init.sql #10
Ran migration: 01_init.sql #11
Ran migration: 01_init.sql #12
Ran migration: 01_init.sql #13
Ran migration: 01_init.sql #14
Ran migration: 01_init.sql #15
Ran migration: 01_init.sql #16
Ran migration: 01_init.sql #17
Ran migration: 01_init.sql #18
Skip (already exists): 02_add_default_model.sql
Skip (already exists): 03_add_props_episode_id.sql
Skip (already exists): 04_async_tasks_columns.sql #1
Skip (already exists): 04_async_tasks_columns.sql #2
Skip (already exists): 04_async_tasks_columns.sql #3
Skip (already exists): 05_add_image_generations_completed_at.sql #1
Skip (already exists): 05_add_image_generations_completed_at.sql #2
Skip (already exists): 06_add_characters_local_path.sql
Skip (already exists): 07_add_scenes_image_columns.sql #1
Skip (already exists): 07_add_scenes_image_columns.sql #2
Skip (already exists): 08_add_video_generations_completed_at.sql #1
Skip (already exists): 08_add_video_generations_completed_at.sql #2
Ran migration: 09_scene_prop_libraries.sql #1
Ran migration: 09_scene_prop_libraries.sql #2
Ran migration: 10_prompt_overrides.sql
Skip (already exists): 11_add_api_protocol.sql
Ran migration: 12_image_proxy_cache.sql
Skip (already exists): 13_character_identity_anchors.sql #1
Skip (already exists): 13_character_identity_anchors.sql #2
Skip (already exists): 13_character_identity_anchors.sql #3
Skip (already exists): 13_character_identity_anchors.sql #4
Skip (already exists): 13_character_identity_anchors.sql #5
Skip (already exists): 13_character_identity_anchors.sql #6
Skip (already exists): 13_character_identity_anchors.sql #7
Skip (already exists): 13_character_identity_anchors.sql #8
Skip (already exists): 13_character_identity_anchors.sql #9
Skip (already exists): 14_storyboard_segments_and_model_map.sql #1
Skip (already exists): 14_storyboard_segments_and_model_map.sql #2
Ran migration: 14_storyboard_segments_and_model_map.sql #3
Skip (already exists): 15_storyboard_angle_structured.sql #1
Skip (already exists): 15_storyboard_angle_structured.sql #2
Skip (already exists): 15_storyboard_angle_structured.sql #3
Skip (already exists): 16_character_polished_prompt.sql
Skip (already exists): 17_character_stages.sql
Skip (already exists): 18_storyboard_narration.sql
Skip (already exists): 19_storyboard_universal_mode.sql #1
Skip (already exists): 19_storyboard_universal_mode.sql #2
Skip (already exists): 20_character_seedance2_asset.sql
Skip (already exists): 21_asset_negative_prompt.sql #1
Skip (already exists): 21_asset_negative_prompt.sql #2
Skip (already exists): 21_asset_negative_prompt.sql #3
Skip (already exists): 22_library_source_id.sql #1
Skip (already exists): 22_library_source_id.sql #2
Skip (already exists): 22_library_source_id.sql #3
Skip (already exists): 22_library_source_id.sql #4
Skip (already exists): 22_library_source_id.sql #5
Skip (already exists): 22_library_source_id.sql #6
Ran migration: 22_library_source_id.sql #7
Ran migration: 22_library_source_id.sql #8
Ran migration: 22_library_source_id.sql #9
Skip (already exists): 23_omni_video_workbench.sql #1
Skip (already exists): 23_omni_video_workbench.sql #2
Skip (already exists): 23_omni_video_workbench.sql #3
Skip (already exists): 23_omni_video_workbench.sql #4
Skip (already exists): 23_omni_video_workbench.sql #5
Skip (already exists): 23_omni_video_workbench.sql #6
Skip (already exists): 23_omni_video_workbench.sql #7
Skip (already exists): 23_omni_video_workbench.sql #8
Ran migration: 23_omni_video_workbench.sql #9
Ran migration: 23_omni_video_workbench.sql #10
Ran migration: 23_omni_video_workbench.sql #11
Ran migration: 23_omni_video_workbench.sql #12
Skip (already exists): 24_asset_seedance2_certification.sql
Ran migration: 25_omni_sequences.sql #1
Ran migration: 25_omni_sequences.sql #2
Ran migration: 25_omni_sequences.sql #3
Skip (already exists): 25_omni_sequences.sql #4
Skip (already exists): 25_omni_sequences.sql #5
Skip (already exists): 26_omni_workbench_improvements.sql #1
Skip (already exists): 26_omni_workbench_improvements.sql #2
Ran migration: 27_ai_toolbox.sql #1
Ran migration: 27_ai_toolbox.sql #2
Ran migration: 27_ai_toolbox.sql #3
Ran migration: 27_ai_toolbox.sql #4
Ran migration: 27_ai_toolbox.sql #5
Ran migration: 27_ai_toolbox.sql #6
Ran migration: 27_ai_toolbox.sql #7
Skip (already exists): 28_storyboard_generation_settings.sql #1
Skip (already exists): 28_storyboard_generation_settings.sql #2
Skip (already exists): 28_storyboard_generation_settings.sql #3
Skip (already exists): 28_storyboard_generation_settings.sql #4
Skip (already exists): 29_resource_seedance2_asset.sql #1
Skip (already exists): 29_resource_seedance2_asset.sql #2
Skip (already exists): 30_storyboard_omni_assets.sql #1
Skip (already exists): 30_storyboard_omni_assets.sql #2
Skip (already exists): 30_storyboard_omni_assets.sql #3
Skip (already exists): 30_storyboard_omni_assets.sql #4
Skip (already exists): 30_storyboard_omni_assets.sql #5
Skip (already exists): 30_storyboard_omni_assets.sql #6
Skip (already exists): 30_storyboard_omni_assets.sql #7
Skip (already exists): 30_storyboard_omni_assets.sql #8
Skip (already exists): 30_storyboard_omni_assets.sql #9
Skip (already exists): 31_storyboard_sort_order.sql
Skip (already exists): 32_asset_favorites.sql
Ran migration: 33_auth_billing_admin.sql #1
Ran migration: 33_auth_billing_admin.sql #2
Ran migration: 33_auth_billing_admin.sql #3
Ran migration: 33_auth_billing_admin.sql #4
Ran migration: 33_auth_billing_admin.sql #5
Ran migration: 33_auth_billing_admin.sql #6
Ran migration: 33_auth_billing_admin.sql #7
Ran migration: 33_auth_billing_admin.sql #8
Skip (already exists): 33_auth_billing_admin.sql #9
Skip (already exists): 33_auth_billing_admin.sql #10
Skip (already exists): 33_auth_billing_admin.sql #11
Skip (already exists): 33_auth_billing_admin.sql #12
Skip (already exists): 33_auth_billing_admin.sql #13
Skip (already exists): 33_auth_billing_admin.sql #14
Skip (already exists): 33_auth_billing_admin.sql #15
Ran migration: 33_auth_billing_admin.sql #16
Ran migration: 33_auth_billing_admin.sql #17
Ran migration: 33_auth_billing_admin.sql #18
Ran migration: 33_auth_billing_admin.sql #19
Ran migration: 33_auth_billing_admin.sql #20
Ran migration: 33_auth_billing_admin.sql #21
Skip (already exists): 34_workflow_ownership.sql #1
Skip (already exists): 34_workflow_ownership.sql #2
Skip (already exists): 34_workflow_ownership.sql #3
Skip (already exists): 34_workflow_ownership.sql #4
Ran migration: 34_workflow_ownership.sql #5
Ran migration: 34_workflow_ownership.sql #6
Ran migration: 34_workflow_ownership.sql #7
Ran migration: 35_runtime_auth_settings.sql
Ran migration: 36_volcengine_seedream_official_prices.sql #1
Ran migration: 36_volcengine_seedream_official_prices.sql #2
Ran migration: 36_volcengine_seedream_official_prices.sql #3
Ran migration: 37_points_ratio_and_volcengine_video_prices.sql #1
Ran migration: 37_points_ratio_and_volcengine_video_prices.sql #2
Ran migration: 37_points_ratio_and_volcengine_video_prices.sql #3
Ran migration: 37_points_ratio_and_volcengine_video_prices.sql #4
Ran migration: 37_points_ratio_and_volcengine_video_prices.sql #5
Ran migration: 37_points_ratio_and_volcengine_video_prices.sql #6
Ran migration: 37_points_ratio_and_volcengine_video_prices.sql #7
Ran migration: 37_points_ratio_and_volcengine_video_prices.sql #8
Ran migration: 38_seedance_video_rate_contexts.sql #1
Ran migration: 38_seedance_video_rate_contexts.sql #2
Skip (already exists): 39_billing_key_for_custom_providers.sql #1
Ran migration: 39_billing_key_for_custom_providers.sql #2
Ran migration: 40_volcengine_text_tts_official_prices.sql #1
Ran migration: 40_volcengine_text_tts_official_prices.sql #2
Ran migration: 40_volcengine_text_tts_official_prices.sql #3
Ran migration: 40_volcengine_text_tts_official_prices.sql #4
Ran migration: 40_volcengine_text_tts_official_prices.sql #5
Ran migration: 41_billing_reconciliation.sql #1
Ran migration: 41_billing_reconciliation.sql #2
Ran migration: 41_billing_reconciliation.sql #3
Ran migration: 42_volcengine_seed_2_lite_prices.sql #1
Ran migration: 42_volcengine_seed_2_lite_prices.sql #2
Ran migration: 43_video_usage_output_meter_and_snapshot.sql #1
Ran migration: 43_video_usage_output_meter_and_snapshot.sql #2
Skip (already exists): 43_video_usage_output_meter_and_snapshot.sql #3
Ran migration: 44_deduplicate_video_output_meters.sql #1
Ran migration: 44_deduplicate_video_output_meters.sql #2
Ran migration: 45_remove_legacy_model_permissions.sql
Ran migration: 46_seed_2_lite_context_tier.sql #1
Ran migration: 46_seed_2_lite_context_tier.sql #2
Ran migration: 46_seed_2_lite_context_tier.sql #3
Ran migration: 47_seedance_2_mini_price.sql #1
Ran migration: 47_seedance_2_mini_price.sql #2
Ran migration: 48_media_archive_records.sql #1
Ran migration: 48_media_archive_records.sql #2
Ran migration: 49_seedance_2_5_price.sql #1
Ran migration: 49_seedance_2_5_price.sql #2
Skip (already exists): 50_storyboard_generation_inheritance.sql #1
Skip (already exists): 50_storyboard_generation_inheritance.sql #2
Skip (already exists): 51_video_poster_path.sql
Ran migration: 52_asset_links_video_interpolation.sql #1
Ran migration: 52_asset_links_video_interpolation.sql #2
Ran migration: 52_asset_links_video_interpolation.sql #3
Ran migration: 52_asset_links_video_interpolation.sql #4
Ran migration: 52_asset_links_video_interpolation.sql #5
Ran migration: 52_asset_links_video_interpolation.sql #6
Skip (already exists): 52_asset_links_video_interpolation.sql #7
Skip (already exists): 52_asset_links_video_interpolation.sql #8
Skip (already exists): 52_asset_links_video_interpolation.sql #9
Skip (already exists): 52_asset_links_video_interpolation.sql #10
Skip (already exists): 52_asset_links_video_interpolation.sql #11
Skip (already exists): 52_asset_links_video_interpolation.sql #12
Skip (already exists): 52_asset_links_video_interpolation.sql #13
Skip (already exists): 52_asset_links_video_interpolation.sql #14
Skip (already exists): 52_asset_links_video_interpolation.sql #15
Skip (already exists): 52_asset_links_video_interpolation.sql #16
Ran migration: 52_asset_links_video_interpolation.sql #17
Ran migration: 53_video_upscale_and_billing_reaudit.sql #1
Ran migration: 53_video_upscale_and_billing_reaudit.sql #2
Skip (already exists): 53_video_upscale_and_billing_reaudit.sql #3
Skip (already exists): 53_video_upscale_and_billing_reaudit.sql #4
Skip (already exists): 53_video_upscale_and_billing_reaudit.sql #5
Skip (already exists): 53_video_upscale_and_billing_reaudit.sql #6
Skip (already exists): 53_video_upscale_and_billing_reaudit.sql #7
Ran migration: 53_video_upscale_and_billing_reaudit.sql #9
Ran migration: 53_video_upscale_and_billing_reaudit.sql #10
Skip (already exists): 54_storyboard_optional_video_postprocess.sql #1
Skip (already exists): 54_storyboard_optional_video_postprocess.sql #2
Ran migration: 54_storyboard_optional_video_postprocess.sql #3
Skip (already exists): 55_video_intermediate_cleanup_opt_in.sql
Ran migration: 56_fix_mediakit_postprocess_display_fallback_prices.sql #1
Ran migration: 56_fix_mediakit_postprocess_display_fallback_prices.sql #2
Ran migration: 57_mediakit_shared_connection_defaults.sql
Skip (already exists): 58_storyboard_active_video_version.sql
Ran migration: 59_operations_alert_settings.sql #1
Ran migration: 59_operations_alert_settings.sql #2
Ran migration: 60_operations_report_snapshots.sql
Ran migration: 61_tenant_billing_and_console_isolation.sql #1
Ran migration: 61_tenant_billing_and_console_isolation.sql #2
Ran migration: 61_tenant_billing_and_console_isolation.sql #3
Ran migration: 61_tenant_billing_and_console_isolation.sql #4
Ran migration: 61_tenant_billing_and_console_isolation.sql #5
Skip (already exists): 61_tenant_billing_and_console_isolation.sql #6
Skip (already exists): 61_tenant_billing_and_console_isolation.sql #7
Skip (already exists): 61_tenant_billing_and_console_isolation.sql #8
Skip (already exists): 61_tenant_billing_and_console_isolation.sql #9
Skip (already exists): 61_tenant_billing_and_console_isolation.sql #10
Skip (already exists): 61_tenant_billing_and_console_isolation.sql #11
Skip (already exists): 61_tenant_billing_and_console_isolation.sql #12
Ran migration: 61_tenant_billing_and_console_isolation.sql #13
Ran migration: 61_tenant_billing_and_console_isolation.sql #14
Ran migration: 61_tenant_billing_and_console_isolation.sql #15
Ran migration: 61_tenant_billing_and_console_isolation.sql #16
Ran migration: 62_migrate_existing_users_to_default_tenant.sql #1
Ran migration: 62_migrate_existing_users_to_default_tenant.sql #2
Ran migration: 62_migrate_existing_users_to_default_tenant.sql #3
Ran migration: 62_migrate_existing_users_to_default_tenant.sql #4
Ran migration: 62_migrate_existing_users_to_default_tenant.sql #5
Ran migration: 63_geeknow_gpt_image_2_price.sql #1
Ran migration: 63_geeknow_gpt_image_2_price.sql #2
Ran migration: 64_default_tenant_price_book_compatibility.sql
Skip (already exists): 65_tool_run_tenant_scope.sql #1
Ran migration: 65_tool_run_tenant_scope.sql #2
Skip (already exists): 66_tenant_config_defaults.sql #1
Skip (already exists): 66_tenant_config_defaults.sql #2
Ran migration: 66_tenant_config_defaults.sql #3
Ran migration: 66_tenant_config_defaults.sql #4
Ran migration: 66_tenant_config_defaults.sql #5
Skip (already exists): 67_tenant_owned_ai_configs.sql #1
Ran migration: 67_tenant_owned_ai_configs.sql #2
Skip (already exists): 68_preserve_legacy_default_tenant.sql #1
Ran migration: 68_preserve_legacy_default_tenant.sql #2
Ran migration: 69_homepage_default_video_resources.sql
Skip (already exists): 70_billing_project_usage_snapshots.sql #1
Skip (already exists): 70_billing_project_usage_snapshots.sql #2
Skip (already exists): 70_billing_project_usage_snapshots.sql #3
Skip (already exists): 70_billing_project_usage_snapshots.sql #4
Skip (already exists): 70_billing_project_usage_snapshots.sql #5
Skip (already exists): 70_billing_project_usage_snapshots.sql #6
Skip (already exists): 70_billing_project_usage_snapshots.sql #7
Skip (already exists): 70_billing_project_usage_snapshots.sql #8
Ran migration: 70_billing_project_usage_snapshots.sql #9
Ran migration: 70_billing_project_usage_snapshots.sql #10
Skip (already exists): 70_billing_project_usage_snapshots.sql #11
Skip (already exists): 70_billing_project_usage_snapshots.sql #12
Skip (already exists): 70_billing_project_usage_snapshots.sql #13
Ran migration: 70_billing_project_usage_snapshots.sql #14
Skip (already exists): 71_billable_project_context.sql #1
Skip (already exists): 71_billable_project_context.sql #2
Ran migration: 71_billable_project_context.sql #3
Ran migration: 71_billable_project_context.sql #4
Ran migration: 01_init.sql #1
Ran migration: 01_init.sql #2
Ran migration: 01_init.sql #3
Ran migration: 01_init.sql #4
Ran migration: 01_init.sql #5
Ran migration: 01_init.sql #6
Ran migration: 01_init.sql #7
Ran migration: 01_init.sql #8
Ran migration: 01_init.sql #9
Ran migration: 01_init.sql #10
Ran migration: 01_init.sql #11
Ran migration: 01_init.sql #12
Ran migration: 01_init.sql #13
Ran migration: 01_init.sql #14
Ran migration: 01_init.sql #15
Ran migration: 01_init.sql #16
Ran migration: 01_init.sql #17
Ran migration: 01_init.sql #18
Skip (already exists): 02_add_default_model.sql
Ran migration: 03_add_props_episode_id.sql
Skip (already exists): 04_async_tasks_columns.sql #1
Skip (already exists): 04_async_tasks_columns.sql #2
Skip (already exists): 04_async_tasks_columns.sql #3
Skip (already exists): 05_add_image_generations_completed_at.sql #1
Skip (already exists): 05_add_image_generations_completed_at.sql #2
Skip (already exists): 06_add_characters_local_path.sql
Skip (already exists): 07_add_scenes_image_columns.sql #1
Skip (already exists): 07_add_scenes_image_columns.sql #2
Skip (already exists): 08_add_video_generations_completed_at.sql #1
Skip (already exists): 08_add_video_generations_completed_at.sql #2
Ran migration: 09_scene_prop_libraries.sql #1
Ran migration: 09_scene_prop_libraries.sql #2
Ran migration: 10_prompt_overrides.sql
Ran migration: 11_add_api_protocol.sql
Ran migration: 12_image_proxy_cache.sql
Ran migration: 13_character_identity_anchors.sql #1
Ran migration: 13_character_identity_anchors.sql #2
Ran migration: 13_character_identity_anchors.sql #3
Ran migration: 13_character_identity_anchors.sql #4
Ran migration: 13_character_identity_anchors.sql #5
Ran migration: 13_character_identity_anchors.sql #6
Ran migration: 13_character_identity_anchors.sql #7
Ran migration: 13_character_identity_anchors.sql #8
Ran migration: 13_character_identity_anchors.sql #9
Ran migration: 14_storyboard_segments_and_model_map.sql #1
Ran migration: 14_storyboard_segments_and_model_map.sql #2
Ran migration: 14_storyboard_segments_and_model_map.sql #3
Ran migration: 15_storyboard_angle_structured.sql #1
Ran migration: 15_storyboard_angle_structured.sql #2
Ran migration: 15_storyboard_angle_structured.sql #3
Ran migration: 16_character_polished_prompt.sql
Ran migration: 17_character_stages.sql
Ran migration: 18_storyboard_narration.sql
Ran migration: 19_storyboard_universal_mode.sql #1
Ran migration: 19_storyboard_universal_mode.sql #2
Ran migration: 20_character_seedance2_asset.sql
Ran migration: 21_asset_negative_prompt.sql #1
Ran migration: 21_asset_negative_prompt.sql #2
Ran migration: 21_asset_negative_prompt.sql #3
Skip (already exists): 22_library_source_id.sql #1
Skip (already exists): 22_library_source_id.sql #2
Skip (already exists): 22_library_source_id.sql #3
Skip (already exists): 22_library_source_id.sql #4
Skip (already exists): 22_library_source_id.sql #5
Skip (already exists): 22_library_source_id.sql #6
Ran migration: 22_library_source_id.sql #7
Ran migration: 22_library_source_id.sql #8
Ran migration: 22_library_source_id.sql #9
Ran migration: 23_omni_video_workbench.sql #1
Ran migration: 23_omni_video_workbench.sql #2
Ran migration: 23_omni_video_workbench.sql #3
Ran migration: 23_omni_video_workbench.sql #4
Ran migration: 23_omni_video_workbench.sql #5
Ran migration: 23_omni_video_workbench.sql #6
Ran migration: 23_omni_video_workbench.sql #7
Ran migration: 23_omni_video_workbench.sql #8
Ran migration: 23_omni_video_workbench.sql #9
Ran migration: 23_omni_video_workbench.sql #10
Ran migration: 23_omni_video_workbench.sql #11
Ran migration: 23_omni_video_workbench.sql #12
Ran migration: 24_asset_seedance2_certification.sql
Ran migration: 25_omni_sequences.sql #1
Ran migration: 25_omni_sequences.sql #2
Ran migration: 25_omni_sequences.sql #3
Ran migration: 25_omni_sequences.sql #4
Ran migration: 25_omni_sequences.sql #5
Ran migration: 26_omni_workbench_improvements.sql #1
Ran migration: 26_omni_workbench_improvements.sql #2
Ran migration: 27_ai_toolbox.sql #1
Ran migration: 27_ai_toolbox.sql #2
Ran migration: 27_ai_toolbox.sql #3
Ran migration: 27_ai_toolbox.sql #4
Ran migration: 27_ai_toolbox.sql #5
Ran migration: 27_ai_toolbox.sql #6
Ran migration: 27_ai_toolbox.sql #7
Ran migration: 28_storyboard_generation_settings.sql #1
Ran migration: 28_storyboard_generation_settings.sql #2
Ran migration: 28_storyboard_generation_settings.sql #3
Ran migration: 28_storyboard_generation_settings.sql #4
Ran migration: 29_resource_seedance2_asset.sql #1
Ran migration: 29_resource_seedance2_asset.sql #2
Ran migration: 30_storyboard_omni_assets.sql #1
Ran migration: 30_storyboard_omni_assets.sql #2
Ran migration: 30_storyboard_omni_assets.sql #3
Ran migration: 30_storyboard_omni_assets.sql #4
Ran migration: 30_storyboard_omni_assets.sql #5
Ran migration: 30_storyboard_omni_assets.sql #6
Ran migration: 30_storyboard_omni_assets.sql #7
Ran migration: 30_storyboard_omni_assets.sql #8
Ran migration: 30_storyboard_omni_assets.sql #9
Ran migration: 31_storyboard_sort_order.sql
Ran migration: 32_asset_favorites.sql
Ran migration: 33_auth_billing_admin.sql #1
Ran migration: 33_auth_billing_admin.sql #2
Ran migration: 33_auth_billing_admin.sql #3
Ran migration: 33_auth_billing_admin.sql #4
Ran migration: 33_auth_billing_admin.sql #5
Ran migration: 33_auth_billing_admin.sql #6
Ran migration: 33_auth_billing_admin.sql #7
Ran migration: 33_auth_billing_admin.sql #8
Ran migration: 33_auth_billing_admin.sql #9
Ran migration: 33_auth_billing_admin.sql #10
Ran migration: 33_auth_billing_admin.sql #11
Ran migration: 33_auth_billing_admin.sql #12
Ran migration: 33_auth_billing_admin.sql #13
Ran migration: 33_auth_billing_admin.sql #14
Ran migration: 33_auth_billing_admin.sql #15
Ran migration: 33_auth_billing_admin.sql #16
Ran migration: 33_auth_billing_admin.sql #17
Ran migration: 33_auth_billing_admin.sql #18
Ran migration: 33_auth_billing_admin.sql #19
Ran migration: 33_auth_billing_admin.sql #20
Ran migration: 33_auth_billing_admin.sql #21
Ran migration: 34_workflow_ownership.sql #1
Ran migration: 34_workflow_ownership.sql #2
Ran migration: 34_workflow_ownership.sql #3
Ran migration: 34_workflow_ownership.sql #4
Ran migration: 34_workflow_ownership.sql #5
Ran migration: 34_workflow_ownership.sql #6
Ran migration: 34_workflow_ownership.sql #7
Ran migration: 35_runtime_auth_settings.sql
Ran migration: 36_volcengine_seedream_official_prices.sql #1
Ran migration: 36_volcengine_seedream_official_prices.sql #2
Ran migration: 36_volcengine_seedream_official_prices.sql #3
Ran migration: 37_points_ratio_and_volcengine_video_prices.sql #1
Ran migration: 37_points_ratio_and_volcengine_video_prices.sql #2
Ran migration: 37_points_ratio_and_volcengine_video_prices.sql #3
Ran migration: 37_points_ratio_and_volcengine_video_prices.sql #4
Ran migration: 37_points_ratio_and_volcengine_video_prices.sql #5
Ran migration: 37_points_ratio_and_volcengine_video_prices.sql #6
Ran migration: 37_points_ratio_and_volcengine_video_prices.sql #7
Ran migration: 37_points_ratio_and_volcengine_video_prices.sql #8
Ran migration: 38_seedance_video_rate_contexts.sql #1
Ran migration: 38_seedance_video_rate_contexts.sql #2
Ran migration: 39_billing_key_for_custom_providers.sql #1
Ran migration: 39_billing_key_for_custom_providers.sql #2
Ran migration: 40_volcengine_text_tts_official_prices.sql #1
Ran migration: 40_volcengine_text_tts_official_prices.sql #2
Ran migration: 40_volcengine_text_tts_official_prices.sql #3
Ran migration: 40_volcengine_text_tts_official_prices.sql #4
Ran migration: 40_volcengine_text_tts_official_prices.sql #5
Ran migration: 41_billing_reconciliation.sql #1
Ran migration: 41_billing_reconciliation.sql #2
Ran migration: 41_billing_reconciliation.sql #3
Ran migration: 42_volcengine_seed_2_lite_prices.sql #1
Ran migration: 42_volcengine_seed_2_lite_prices.sql #2
Ran migration: 43_video_usage_output_meter_and_snapshot.sql #1
Ran migration: 43_video_usage_output_meter_and_snapshot.sql #2
Ran migration: 43_video_usage_output_meter_and_snapshot.sql #3
Ran migration: 44_deduplicate_video_output_meters.sql #1
Ran migration: 44_deduplicate_video_output_meters.sql #2
Ran migration: 45_remove_legacy_model_permissions.sql
Ran migration: 46_seed_2_lite_context_tier.sql #1
Ran migration: 46_seed_2_lite_context_tier.sql #2
Ran migration: 46_seed_2_lite_context_tier.sql #3
Ran migration: 47_seedance_2_mini_price.sql #1
Ran migration: 47_seedance_2_mini_price.sql #2
Ran migration: 48_media_archive_records.sql #1
Ran migration: 48_media_archive_records.sql #2
Ran migration: 49_seedance_2_5_price.sql #1
Ran migration: 49_seedance_2_5_price.sql #2
Ran migration: 50_storyboard_generation_inheritance.sql #1
Ran migration: 50_storyboard_generation_inheritance.sql #2
Ran migration: 51_video_poster_path.sql
Ran migration: 52_asset_links_video_interpolation.sql #1
Ran migration: 52_asset_links_video_interpolation.sql #2
Ran migration: 52_asset_links_video_interpolation.sql #3
Ran migration: 52_asset_links_video_interpolation.sql #4
Ran migration: 52_asset_links_video_interpolation.sql #5
Ran migration: 52_asset_links_video_interpolation.sql #6
Ran migration: 52_asset_links_video_interpolation.sql #7
Ran migration: 52_asset_links_video_interpolation.sql #8
Ran migration: 52_asset_links_video_interpolation.sql #9
Ran migration: 52_asset_links_video_interpolation.sql #10
Ran migration: 52_asset_links_video_interpolation.sql #11
Ran migration: 52_asset_links_video_interpolation.sql #12
Ran migration: 52_asset_links_video_interpolation.sql #13
Ran migration: 52_asset_links_video_interpolation.sql #14
Ran migration: 52_asset_links_video_interpolation.sql #15
Ran migration: 52_asset_links_video_interpolation.sql #16
Ran migration: 52_asset_links_video_interpolation.sql #17
Ran migration: 53_video_upscale_and_billing_reaudit.sql #1
Ran migration: 53_video_upscale_and_billing_reaudit.sql #2
Ran migration: 53_video_upscale_and_billing_reaudit.sql #3
Ran migration: 53_video_upscale_and_billing_reaudit.sql #4
Ran migration: 53_video_upscale_and_billing_reaudit.sql #5
Ran migration: 53_video_upscale_and_billing_reaudit.sql #6
Ran migration: 53_video_upscale_and_billing_reaudit.sql #7
Ran migration: 53_video_upscale_and_billing_reaudit.sql #9
Ran migration: 53_video_upscale_and_billing_reaudit.sql #10
Ran migration: 54_storyboard_optional_video_postprocess.sql #1
Ran migration: 54_storyboard_optional_video_postprocess.sql #2
Ran migration: 54_storyboard_optional_video_postprocess.sql #3
Ran migration: 55_video_intermediate_cleanup_opt_in.sql
Ran migration: 56_fix_mediakit_postprocess_display_fallback_prices.sql #1
Ran migration: 56_fix_mediakit_postprocess_display_fallback_prices.sql #2
Ran migration: 57_mediakit_shared_connection_defaults.sql
Ran migration: 58_storyboard_active_video_version.sql
Ran migration: 59_operations_alert_settings.sql #1
Ran migration: 59_operations_alert_settings.sql #2
Ran migration: 60_operations_report_snapshots.sql
Ran migration: 61_tenant_billing_and_console_isolation.sql #1
Ran migration: 61_tenant_billing_and_console_isolation.sql #2
Ran migration: 61_tenant_billing_and_console_isolation.sql #3
Ran migration: 61_tenant_billing_and_console_isolation.sql #4
Ran migration: 61_tenant_billing_and_console_isolation.sql #5
Ran migration: 61_tenant_billing_and_console_isolation.sql #6
Ran migration: 61_tenant_billing_and_console_isolation.sql #7
Ran migration: 61_tenant_billing_and_console_isolation.sql #8
Ran migration: 61_tenant_billing_and_console_isolation.sql #9
Ran migration: 61_tenant_billing_and_console_isolation.sql #10
Ran migration: 61_tenant_billing_and_console_isolation.sql #11
Ran migration: 61_tenant_billing_and_console_isolation.sql #12
Ran migration: 61_tenant_billing_and_console_isolation.sql #13
Ran migration: 61_tenant_billing_and_console_isolation.sql #14
Ran migration: 61_tenant_billing_and_console_isolation.sql #15
Ran migration: 61_tenant_billing_and_console_isolation.sql #16
Ran migration: 62_migrate_existing_users_to_default_tenant.sql #1
Ran migration: 62_migrate_existing_users_to_default_tenant.sql #2
Ran migration: 62_migrate_existing_users_to_default_tenant.sql #3
Ran migration: 62_migrate_existing_users_to_default_tenant.sql #4
Ran migration: 62_migrate_existing_users_to_default_tenant.sql #5
Ran migration: 63_geeknow_gpt_image_2_price.sql #1
Ran migration: 63_geeknow_gpt_image_2_price.sql #2
Ran migration: 64_default_tenant_price_book_compatibility.sql
Ran migration: 65_tool_run_tenant_scope.sql #1
Ran migration: 65_tool_run_tenant_scope.sql #2
Ran migration: 66_tenant_config_defaults.sql #1
Ran migration: 66_tenant_config_defaults.sql #2
Ran migration: 66_tenant_config_defaults.sql #3
Ran migration: 66_tenant_config_defaults.sql #4
Ran migration: 66_tenant_config_defaults.sql #5
Ran migration: 67_tenant_owned_ai_configs.sql #1
Ran migration: 67_tenant_owned_ai_configs.sql #2
Ran migration: 68_preserve_legacy_default_tenant.sql #1
Ran migration: 68_preserve_legacy_default_tenant.sql #2
Skip migration (table not found, will be ensured later): 69_homepage_default_video_resources.sql - no such table: global_settings
Ran migration: 70_billing_project_usage_snapshots.sql #1
Ran migration: 70_billing_project_usage_snapshots.sql #2
Ran migration: 70_billing_project_usage_snapshots.sql #3
Ran migration: 70_billing_project_usage_snapshots.sql #4
Ran migration: 70_billing_project_usage_snapshots.sql #5
Ran migration: 70_billing_project_usage_snapshots.sql #6
Ran migration: 70_billing_project_usage_snapshots.sql #7
Ran migration: 70_billing_project_usage_snapshots.sql #8
Ran migration: 70_billing_project_usage_snapshots.sql #9
Ran migration: 70_billing_project_usage_snapshots.sql #10
Ran migration: 70_billing_project_usage_snapshots.sql #11
Ran migration: 70_billing_project_usage_snapshots.sql #12
Ran migration: 70_billing_project_usage_snapshots.sql #13
Ran migration: 70_billing_project_usage_snapshots.sql #14
Ran migration: 71_billable_project_context.sql #1
Ran migration: 71_billable_project_context.sql #2
Ran migration: 71_billable_project_context.sql #3
Ran migration: 71_billable_project_context.sql #4
Migrated billing ledger to micro-points: [33m10000[39m
ensureColumns: added storyboards.layout_description (TEXT)
ensureColumns: added storyboards.image_url (TEXT)
ensureColumns: added storyboards.local_path (TEXT)
ensureColumns: added storyboards.main_panel_idx (INTEGER)
ensureColumns: added storyboards.composed_image (TEXT)
ensureColumns: added storyboards.result (TEXT)
ensureColumns: added storyboards.emotion (TEXT)
ensureColumns: added storyboards.emotion_intensity (INTEGER)
ensureColumns: added storyboards.error_msg (TEXT)
ensureColumns: added storyboards.lighting_style (TEXT)
ensureColumns: added storyboards.depth_of_field (TEXT)
ensureColumns: added storyboards.polished_prompt (TEXT)
ensureColumns: added storyboards.continuity_snapshot (TEXT)
ensureColumns: added storyboards.audio_local_path (TEXT)
ensureColumns: added storyboards.narration_audio_local_path (TEXT)
ensureColumns: added storyboards.omni_prompt_document_json (TEXT)
ensureColumns: added storyboards.first_frame_image_id (INTEGER)
ensureColumns: added storyboards.last_frame_image_id (INTEGER)
ensureColumns: added storyboards.last_frame_image_url (TEXT)
ensureColumns: added storyboards.last_frame_local_path (TEXT)
ensureColumns: added characters.extra_images (TEXT)
ensureColumns: added characters.error_msg (TEXT)
ensureColumns: added characters.ref_image (TEXT)
ensureColumns: added characters.seedance2_voice_asset (TEXT)
ensureColumns: added scenes.polished_prompt (TEXT)
ensureColumns: added scenes.extra_images (TEXT)
ensureColumns: added scenes.ref_image (TEXT)
ensureColumns: added scenes.error_msg (TEXT)
ensureColumns: added props.extra_images (TEXT)
ensureColumns: added props.ref_image (TEXT)
ensureColumns: added props.error_msg (TEXT)
ensureColumns: added tenants.is_new_user_default (INTEGER DEFAULT 0)
ensureColumns: added image_generations.episode_id (INTEGER)
ensureColumns: added image_generations.use_first_frame_layout_lock (INTEGER)
ensureColumns: added image_generations.width (INTEGER)
ensureColumns: added image_generations.height (INTEGER)
ensureColumns: added video_generations.resolution (TEXT)
ensureColumns: added video_generations.seed (INTEGER)
ensureColumns: added video_generations.camera_fixed (INTEGER)
ensureColumns: added video_generations.watermark (INTEGER)
ensureColumns: added video_generations.provider_task_id (TEXT)
ensureColumns: added video_generations.archive_status (TEXT)
ensureColumns: added video_generations.archive_error (TEXT)
ensureColumns: added video_generations.archive_attempts (INTEGER NOT NULL DEFAULT 0)
ensureColumns: added video_generations.archived_at (TEXT)
ensureColumns: added video_merges.merge_options (TEXT)
ensureColumns: added video_merges.merged_url (TEXT)
ensureColumns: added video_merges.duration (INTEGER)
ensureColumns: added video_merges.completed_at (TEXT)
ensureColumns: added video_merges.error_msg (TEXT)
ensureColumns: added assets.reference_alias (TEXT)
ensureColumns: added assets.archived_at (TEXT)
ensureColumns: added omni_video_jobs.storyboard_id (INTEGER)
Ran migration: 01_init.sql #1
Ran migration: 01_init.sql #2
Ran migration: 01_init.sql #3
Ran migration: 01_init.sql #4
Ran migration: 01_init.sql #5
Ran migration: 01_init.sql #6
Ran migration: 01_init.sql #7
Ran migration: 01_init.sql #8
Ran migration: 01_init.sql #9
Ran migration: 01_init.sql #10
Ran migration: 01_init.sql #11
Ran migration: 01_init.sql #12
Ran migration: 01_init.sql #13
Ran migration: 01_init.sql #14
Ran migration: 01_init.sql #15
Ran migration: 01_init.sql #16
Ran migration: 01_init.sql #17
Ran migration: 01_init.sql #18
Skip (already exists): 02_add_default_model.sql
Ran migration: 03_add_props_episode_id.sql
Skip (already exists): 04_async_tasks_columns.sql #1
Skip (already exists): 04_async_tasks_columns.sql #2
Skip (already exists): 04_async_tasks_columns.sql #3
Skip (already exists): 05_add_image_generations_completed_at.sql #1
Skip (already exists): 05_add_image_generations_completed_at.sql #2
Skip (already exists): 06_add_characters_local_path.sql
Skip (already exists): 07_add_scenes_image_columns.sql #1
Skip (already exists): 07_add_scenes_image_columns.sql #2
Skip (already exists): 08_add_video_generations_completed_at.sql #1
Skip (already exists): 08_add_video_generations_completed_at.sql #2
Ran migration: 09_scene_prop_libraries.sql #1
Ran migration: 09_scene_prop_libraries.sql #2
Ran migration: 10_prompt_overrides.sql
Ran migration: 11_add_api_protocol.sql
Ran migration: 12_image_proxy_cache.sql
Ran migration: 13_character_identity_anchors.sql #1
Ran migration: 13_character_identity_anchors.sql #2
Ran migration: 13_character_identity_anchors.sql #3
Ran migration: 13_character_identity_anchors.sql #4
Ran migration: 13_character_identity_anchors.sql #5
Ran migration: 13_character_identity_anchors.sql #6
Ran migration: 13_character_identity_anchors.sql #7
Ran migration: 13_character_identity_anchors.sql #8
Ran migration: 13_character_identity_anchors.sql #9
Ran migration: 14_storyboard_segments_and_model_map.sql #1
Ran migration: 14_storyboard_segments_and_model_map.sql #2
Ran migration: 14_storyboard_segments_and_model_map.sql #3
Ran migration: 15_storyboard_angle_structured.sql #1
Ran migration: 15_storyboard_angle_structured.sql #2
Ran migration: 15_storyboard_angle_structured.sql #3
Ran migration: 16_character_polished_prompt.sql
Ran migration: 17_character_stages.sql
Ran migration: 18_storyboard_narration.sql
Ran migration: 19_storyboard_universal_mode.sql #1
Ran migration: 19_storyboard_universal_mode.sql #2
Ran migration: 20_character_seedance2_asset.sql
Ran migration: 21_asset_negative_prompt.sql #1
Ran migration: 21_asset_negative_prompt.sql #2
Ran migration: 21_asset_negative_prompt.sql #3
Skip (already exists): 22_library_source_id.sql #1
Skip (already exists): 22_library_source_id.sql #2
Skip (already exists): 22_library_source_id.sql #3
Skip (already exists): 22_library_source_id.sql #4
Skip (already exists): 22_library_source_id.sql #5
Skip (already exists): 22_library_source_id.sql #6
Ran migration: 22_library_source_id.sql #7
Ran migration: 22_library_source_id.sql #8
Ran migration: 22_library_source_id.sql #9
Ran migration: 23_omni_video_workbench.sql #1
Ran migration: 23_omni_video_workbench.sql #2
Ran migration: 23_omni_video_workbench.sql #3
Ran migration: 23_omni_video_workbench.sql #4
Ran migration: 23_omni_video_workbench.sql #5
Ran migration: 23_omni_video_workbench.sql #6
Ran migration: 23_omni_video_workbench.sql #7
Ran migration: 23_omni_video_workbench.sql #8
Ran migration: 23_omni_video_workbench.sql #9
Ran migration: 23_omni_video_workbench.sql #10
Ran migration: 23_omni_video_workbench.sql #11
Ran migration: 23_omni_video_workbench.sql #12
Ran migration: 24_asset_seedance2_certification.sql
Ran migration: 25_omni_sequences.sql #1
Ran migration: 25_omni_sequences.sql #2
Ran migration: 25_omni_sequences.sql #3
Ran migration: 25_omni_sequences.sql #4
Ran migration: 25_omni_sequences.sql #5
Ran migration: 26_omni_workbench_improvements.sql #1
Ran migration: 26_omni_workbench_improvements.sql #2
Ran migration: 27_ai_toolbox.sql #1
Ran migration: 27_ai_toolbox.sql #2
Ran migration: 27_ai_toolbox.sql #3
Ran migration: 27_ai_toolbox.sql #4
Ran migration: 27_ai_toolbox.sql #5
Ran migration: 27_ai_toolbox.sql #6
Ran migration: 27_ai_toolbox.sql #7
Ran migration: 28_storyboard_generation_settings.sql #1
Ran migration: 28_storyboard_generation_settings.sql #2
Ran migration: 28_storyboard_generation_settings.sql #3
Ran migration: 28_storyboard_generation_settings.sql #4
Ran migration: 29_resource_seedance2_asset.sql #1
Ran migration: 29_resource_seedance2_asset.sql #2
Ran migration: 30_storyboard_omni_assets.sql #1
Ran migration: 30_storyboard_omni_assets.sql #2
Ran migration: 30_storyboard_omni_assets.sql #3
Ran migration: 30_storyboard_omni_assets.sql #4
Ran migration: 30_storyboard_omni_assets.sql #5
Ran migration: 30_storyboard_omni_assets.sql #6
Ran migration: 30_storyboard_omni_assets.sql #7
Ran migration: 30_storyboard_omni_assets.sql #8
Ran migration: 30_storyboard_omni_assets.sql #9
Ran migration: 31_storyboard_sort_order.sql
Ran migration: 32_asset_favorites.sql
Ran migration: 33_auth_billing_admin.sql #1
Ran migration: 33_auth_billing_admin.sql #2
Ran migration: 33_auth_billing_admin.sql #3
Ran migration: 33_auth_billing_admin.sql #4
Ran migration: 33_auth_billing_admin.sql #5
Ran migration: 33_auth_billing_admin.sql #6
Ran migration: 33_auth_billing_admin.sql #7
Ran migration: 33_auth_billing_admin.sql #8
Ran migration: 33_auth_billing_admin.sql #9
Ran migration: 33_auth_billing_admin.sql #10
Ran migration: 33_auth_billing_admin.sql #11
Ran migration: 33_auth_billing_admin.sql #12
Ran migration: 33_auth_billing_admin.sql #13
Ran migration: 33_auth_billing_admin.sql #14
Ran migration: 33_auth_billing_admin.sql #15
Ran migration: 33_auth_billing_admin.sql #16
Ran migration: 33_auth_billing_admin.sql #17
Ran migration: 33_auth_billing_admin.sql #18
Ran migration: 33_auth_billing_admin.sql #19
Ran migration: 33_auth_billing_admin.sql #20
Ran migration: 33_auth_billing_admin.sql #21
Ran migration: 34_workflow_ownership.sql #1
Ran migration: 34_workflow_ownership.sql #2
Ran migration: 34_workflow_ownership.sql #3
Ran migration: 34_workflow_ownership.sql #4
Ran migration: 34_workflow_ownership.sql #5
Ran migration: 34_workflow_ownership.sql #6
Ran migration: 34_workflow_ownership.sql #7
Ran migration: 35_runtime_auth_settings.sql
Ran migration: 36_volcengine_seedream_official_prices.sql #1
Ran migration: 36_volcengine_seedream_official_prices.sql #2
Ran migration: 36_volcengine_seedream_official_prices.sql #3
Ran migration: 37_points_ratio_and_volcengine_video_prices.sql #1
Ran migration: 37_points_ratio_and_volcengine_video_prices.sql #2
Ran migration: 37_points_ratio_and_volcengine_video_prices.sql #3
Ran migration: 37_points_ratio_and_volcengine_video_prices.sql #4
Ran migration: 37_points_ratio_and_volcengine_video_prices.sql #5
Ran migration: 37_points_ratio_and_volcengine_video_prices.sql #6
Ran migration: 37_points_ratio_and_volcengine_video_prices.sql #7
Ran migration: 37_points_ratio_and_volcengine_video_prices.sql #8
Ran migration: 38_seedance_video_rate_contexts.sql #1
Ran migration: 38_seedance_video_rate_contexts.sql #2
Ran migration: 39_billing_key_for_custom_providers.sql #1
Ran migration: 39_billing_key_for_custom_providers.sql #2
Ran migration: 40_volcengine_text_tts_official_prices.sql #1
Ran migration: 40_volcengine_text_tts_official_prices.sql #2
Ran migration: 40_volcengine_text_tts_official_prices.sql #3
Ran migration: 40_volcengine_text_tts_official_prices.sql #4
Ran migration: 40_volcengine_text_tts_official_prices.sql #5
Ran migration: 41_billing_reconciliation.sql #1
Ran migration: 41_billing_reconciliation.sql #2
Ran migration: 41_billing_reconciliation.sql #3
Ran migration: 42_volcengine_seed_2_lite_prices.sql #1
Ran migration: 42_volcengine_seed_2_lite_prices.sql #2
Ran migration: 43_video_usage_output_meter_and_snapshot.sql #1
Ran migration: 43_video_usage_output_meter_and_snapshot.sql #2
Ran migration: 43_video_usage_output_meter_and_snapshot.sql #3
Ran migration: 44_deduplicate_video_output_meters.sql #1
Ran migration: 44_deduplicate_video_output_meters.sql #2
Ran migration: 45_remove_legacy_model_permissions.sql
Ran migration: 46_seed_2_lite_context_tier.sql #1
Ran migration: 46_seed_2_lite_context_tier.sql #2
Ran migration: 46_seed_2_lite_context_tier.sql #3
Ran migration: 47_seedance_2_mini_price.sql #1
Ran migration: 47_seedance_2_mini_price.sql #2
Ran migration: 48_media_archive_records.sql #1
Ran migration: 48_media_archive_records.sql #2
Ran migration: 49_seedance_2_5_price.sql #1
Ran migration: 49_seedance_2_5_price.sql #2
Ran migration: 50_storyboard_generation_inheritance.sql #1
Ran migration: 50_storyboard_generation_inheritance.sql #2
Ran migration: 51_video_poster_path.sql
Ran migration: 52_asset_links_video_interpolation.sql #1
Ran migration: 52_asset_links_video_interpolation.sql #2
Ran migration: 52_asset_links_video_interpolation.sql #3
Ran migration: 52_asset_links_video_interpolation.sql #4
Ran migration: 52_asset_links_video_interpolation.sql #5
Ran migration: 52_asset_links_video_interpolation.sql #6
Ran migration: 52_asset_links_video_interpolation.sql #7
Ran migration: 52_asset_links_video_interpolation.sql #8
Ran migration: 52_asset_links_video_interpolation.sql #9
Ran migration: 52_asset_links_video_interpolation.sql #10
Ran migration: 52_asset_links_video_interpolation.sql #11
Ran migration: 52_asset_links_video_interpolation.sql #12
Ran migration: 52_asset_links_video_interpolation.sql #13
Ran migration: 52_asset_links_video_interpolation.sql #14
Ran migration: 52_asset_links_video_interpolation.sql #15
Ran migration: 52_asset_links_video_interpolation.sql #16
Ran migration: 52_asset_links_video_interpolation.sql #17
Ran migration: 53_video_upscale_and_billing_reaudit.sql #1
Ran migration: 53_video_upscale_and_billing_reaudit.sql #2
Ran migration: 53_video_upscale_and_billing_reaudit.sql #3
Ran migration: 53_video_upscale_and_billing_reaudit.sql #4
Ran migration: 53_video_upscale_and_billing_reaudit.sql #5
Ran migration: 53_video_upscale_and_billing_reaudit.sql #6
Ran migration: 53_video_upscale_and_billing_reaudit.sql #7
Ran migration: 53_video_upscale_and_billing_reaudit.sql #9
Ran migration: 53_video_upscale_and_billing_reaudit.sql #10
Ran migration: 54_storyboard_optional_video_postprocess.sql #1
Ran migration: 54_storyboard_optional_video_postprocess.sql #2
Ran migration: 54_storyboard_optional_video_postprocess.sql #3
Ran migration: 55_video_intermediate_cleanup_opt_in.sql
Ran migration: 56_fix_mediakit_postprocess_display_fallback_prices.sql #1
Ran migration: 56_fix_mediakit_postprocess_display_fallback_prices.sql #2
Ran migration: 57_mediakit_shared_connection_defaults.sql
Ran migration: 58_storyboard_active_video_version.sql
Ran migration: 59_operations_alert_settings.sql #1
Ran migration: 59_operations_alert_settings.sql #2
Ran migration: 60_operations_report_snapshots.sql
Ran migration: 61_tenant_billing_and_console_isolation.sql #1
Ran migration: 61_tenant_billing_and_console_isolation.sql #2
Ran migration: 61_tenant_billing_and_console_isolation.sql #3
Ran migration: 61_tenant_billing_and_console_isolation.sql #4
Ran migration: 61_tenant_billing_and_console_isolation.sql #5
Ran migration: 61_tenant_billing_and_console_isolation.sql #6
Ran migration: 61_tenant_billing_and_console_isolation.sql #7
Ran migration: 61_tenant_billing_and_console_isolation.sql #8
Ran migration: 61_tenant_billing_and_console_isolation.sql #9
Ran migration: 61_tenant_billing_and_console_isolation.sql #10
Ran migration: 61_tenant_billing_and_console_isolation.sql #11
Ran migration: 61_tenant_billing_and_console_isolation.sql #12
Ran migration: 61_tenant_billing_and_console_isolation.sql #13
Ran migration: 61_tenant_billing_and_console_isolation.sql #14
Ran migration: 61_tenant_billing_and_console_isolation.sql #15
Ran migration: 61_tenant_billing_and_console_isolation.sql #16
Ran migration: 62_migrate_existing_users_to_default_tenant.sql #1
Ran migration: 62_migrate_existing_users_to_default_tenant.sql #2
Ran migration: 62_migrate_existing_users_to_default_tenant.sql #3
Ran migration: 62_migrate_existing_users_to_default_tenant.sql #4
Ran migration: 62_migrate_existing_users_to_default_tenant.sql #5
Ran migration: 63_geeknow_gpt_image_2_price.sql #1
Ran migration: 63_geeknow_gpt_image_2_price.sql #2
Ran migration: 64_default_tenant_price_book_compatibility.sql
Ran migration: 65_tool_run_tenant_scope.sql #1
Ran migration: 65_tool_run_tenant_scope.sql #2
Ran migration: 66_tenant_config_defaults.sql #1
Ran migration: 66_tenant_config_defaults.sql #2
Ran migration: 66_tenant_config_defaults.sql #3
Ran migration: 66_tenant_config_defaults.sql #4
Ran migration: 66_tenant_config_defaults.sql #5
Ran migration: 67_tenant_owned_ai_configs.sql #1
Ran migration: 67_tenant_owned_ai_configs.sql #2
Ran migration: 68_preserve_legacy_default_tenant.sql #1
Ran migration: 68_preserve_legacy_default_tenant.sql #2
Skip migration (table not found, will be ensured later): 69_homepage_default_video_resources.sql - no such table: global_settings
Ran migration: 70_billing_project_usage_snapshots.sql #1
Ran migration: 70_billing_project_usage_snapshots.sql #2
Ran migration: 70_billing_project_usage_snapshots.sql #3
Ran migration: 70_billing_project_usage_snapshots.sql #4
Ran migration: 70_billing_project_usage_snapshots.sql #5
Ran migration: 70_billing_project_usage_snapshots.sql #6
Ran migration: 70_billing_project_usage_snapshots.sql #7
Ran migration: 70_billing_project_usage_snapshots.sql #8
Ran migration: 70_billing_project_usage_snapshots.sql #9
Ran migration: 70_billing_project_usage_snapshots.sql #10
Ran migration: 70_billing_project_usage_snapshots.sql #11
Ran migration: 70_billing_project_usage_snapshots.sql #12
Ran migration: 70_billing_project_usage_snapshots.sql #13
Ran migration: 70_billing_project_usage_snapshots.sql #14
Ran migration: 71_billable_project_context.sql #1
Ran migration: 71_billable_project_context.sql #2
Ran migration: 71_billable_project_context.sql #3
Ran migration: 71_billable_project_context.sql #4
Migrated billing ledger to micro-points: [33m10000[39m
ensureColumns: added storyboards.layout_description (TEXT)
ensureColumns: added storyboards.image_url (TEXT)
ensureColumns: added storyboards.local_path (TEXT)
ensureColumns: added storyboards.main_panel_idx (INTEGER)
ensureColumns: added storyboards.composed_image (TEXT)
ensureColumns: added storyboards.result (TEXT)
ensureColumns: added storyboards.emotion (TEXT)
ensureColumns: added storyboards.emotion_intensity (INTEGER)
ensureColumns: added storyboards.error_msg (TEXT)
ensureColumns: added storyboards.lighting_style (TEXT)
ensureColumns: added storyboards.depth_of_field (TEXT)
ensureColumns: added storyboards.polished_prompt (TEXT)
ensureColumns: added storyboards.continuity_snapshot (TEXT)
ensureColumns: added storyboards.audio_local_path (TEXT)
ensureColumns: added storyboards.narration_audio_local_path (TEXT)
ensureColumns: added storyboards.omni_prompt_document_json (TEXT)
ensureColumns: added storyboards.first_frame_image_id (INTEGER)
ensureColumns: added storyboards.last_frame_image_id (INTEGER)
ensureColumns: added storyboards.last_frame_image_url (TEXT)
ensureColumns: added storyboards.last_frame_local_path (TEXT)
ensureColumns: added characters.extra_images (TEXT)
ensureColumns: added characters.error_msg (TEXT)
ensureColumns: added characters.ref_image (TEXT)
ensureColumns: added characters.seedance2_voice_asset (TEXT)
ensureColumns: added scenes.polished_prompt (TEXT)
ensureColumns: added scenes.extra_images (TEXT)
ensureColumns: added scenes.ref_image (TEXT)
ensureColumns: added scenes.error_msg (TEXT)
ensureColumns: added props.extra_images (TEXT)
ensureColumns: added props.ref_image (TEXT)
ensureColumns: added props.error_msg (TEXT)
ensureColumns: added tenants.is_new_user_default (INTEGER DEFAULT 0)
ensureColumns: added image_generations.episode_id (INTEGER)
ensureColumns: added image_generations.use_first_frame_layout_lock (INTEGER)
ensureColumns: added image_generations.width (INTEGER)
ensureColumns: added image_generations.height (INTEGER)
ensureColumns: added video_generations.resolution (TEXT)
ensureColumns: added video_generations.seed (INTEGER)
ensureColumns: added video_generations.camera_fixed (INTEGER)
ensureColumns: added video_generations.watermark (INTEGER)
ensureColumns: added video_generations.provider_task_id (TEXT)
ensureColumns: added video_generations.archive_status (TEXT)
ensureColumns: added video_generations.archive_error (TEXT)
ensureColumns: added video_generations.archive_attempts (INTEGER NOT NULL DEFAULT 0)
ensureColumns: added video_generations.archived_at (TEXT)
ensureColumns: added video_merges.merge_options (TEXT)
ensureColumns: added video_merges.merged_url (TEXT)
ensureColumns: added video_merges.duration (INTEGER)
ensureColumns: added video_merges.completed_at (TEXT)
ensureColumns: added video_merges.error_msg (TEXT)
ensureColumns: added assets.reference_alias (TEXT)
ensureColumns: added assets.archived_at (TEXT)
ensureColumns: added omni_video_jobs.storyboard_id (INTEGER)
Ran migration: 01_init.sql #1
Ran migration: 01_init.sql #2
Ran migration: 01_init.sql #3
Ran migration: 01_init.sql #4
Ran migration: 01_init.sql #5
Ran migration: 01_init.sql #6
Ran migration: 01_init.sql #7
Ran migration: 01_init.sql #8
Ran migration: 01_init.sql #9
Ran migration: 01_init.sql #10
Ran migration: 01_init.sql #11
Ran migration: 01_init.sql #12
Ran migration: 01_init.sql #13
Ran migration: 01_init.sql #14
Ran migration: 01_init.sql #15
Ran migration: 01_init.sql #16
Ran migration: 01_init.sql #17
Ran migration: 01_init.sql #18
Skip (already exists): 02_add_default_model.sql
Ran migration: 03_add_props_episode_id.sql
Skip (already exists): 04_async_tasks_columns.sql #1
Skip (already exists): 04_async_tasks_columns.sql #2
Skip (already exists): 04_async_tasks_columns.sql #3
Skip (already exists): 05_add_image_generations_completed_at.sql #1
Skip (already exists): 05_add_image_generations_completed_at.sql #2
Skip (already exists): 06_add_characters_local_path.sql
Skip (already exists): 07_add_scenes_image_columns.sql #1
Skip (already exists): 07_add_scenes_image_columns.sql #2
Skip (already exists): 08_add_video_generations_completed_at.sql #1
Skip (already exists): 08_add_video_generations_completed_at.sql #2
Ran migration: 09_scene_prop_libraries.sql #1
Ran migration: 09_scene_prop_libraries.sql #2
Ran migration: 10_prompt_overrides.sql
Ran migration: 11_add_api_protocol.sql
Ran migration: 12_image_proxy_cache.sql
Ran migration: 13_character_identity_anchors.sql #1
Ran migration: 13_character_identity_anchors.sql #2
Ran migration: 13_character_identity_anchors.sql #3
Ran migration: 13_character_identity_anchors.sql #4
Ran migration: 13_character_identity_anchors.sql #5
Ran migration: 13_character_identity_anchors.sql #6
Ran migration: 13_character_identity_anchors.sql #7
Ran migration: 13_character_identity_anchors.sql #8
Ran migration: 13_character_identity_anchors.sql #9
Ran migration: 14_storyboard_segments_and_model_map.sql #1
Ran migration: 14_storyboard_segments_and_model_map.sql #2
Ran migration: 14_storyboard_segments_and_model_map.sql #3
Ran migration: 15_storyboard_angle_structured.sql #1
Ran migration: 15_storyboard_angle_structured.sql #2
Ran migration: 15_storyboard_angle_structured.sql #3
Ran migration: 16_character_polished_prompt.sql
Ran migration: 17_character_stages.sql
Ran migration: 18_storyboard_narration.sql
Ran migration: 19_storyboard_universal_mode.sql #1
Ran migration: 19_storyboard_universal_mode.sql #2
Ran migration: 20_character_seedance2_asset.sql
Ran migration: 21_asset_negative_prompt.sql #1
Ran migration: 21_asset_negative_prompt.sql #2
Ran migration: 21_asset_negative_prompt.sql #3
Skip (already exists): 22_library_source_id.sql #1
Skip (already exists): 22_library_source_id.sql #2
Skip (already exists): 22_library_source_id.sql #3
Skip (already exists): 22_library_source_id.sql #4
Skip (already exists): 22_library_source_id.sql #5
Skip (already exists): 22_library_source_id.sql #6
Ran migration: 22_library_source_id.sql #7
Ran migration: 22_library_source_id.sql #8
Ran migration: 22_library_source_id.sql #9
Ran migration: 23_omni_video_workbench.sql #1
Ran migration: 23_omni_video_workbench.sql #2
Ran migration: 23_omni_video_workbench.sql #3
Ran migration: 23_omni_video_workbench.sql #4
Ran migration: 23_omni_video_workbench.sql #5
Ran migration: 23_omni_video_workbench.sql #6
Ran migration: 23_omni_video_workbench.sql #7
Ran migration: 23_omni_video_workbench.sql #8
Ran migration: 23_omni_video_workbench.sql #9
Ran migration: 23_omni_video_workbench.sql #10
Ran migration: 23_omni_video_workbench.sql #11
Ran migration: 23_omni_video_workbench.sql #12
Ran migration: 24_asset_seedance2_certification.sql
Ran migration: 25_omni_sequences.sql #1
Ran migration: 25_omni_sequences.sql #2
Ran migration: 25_omni_sequences.sql #3
Ran migration: 25_omni_sequences.sql #4
Ran migration: 25_omni_sequences.sql #5
Ran migration: 26_omni_workbench_improvements.sql #1
Ran migration: 26_omni_workbench_improvements.sql #2
Ran migration: 27_ai_toolbox.sql #1
Ran migration: 27_ai_toolbox.sql #2
Ran migration: 27_ai_toolbox.sql #3
Ran migration: 27_ai_toolbox.sql #4
Ran migration: 27_ai_toolbox.sql #5
Ran migration: 27_ai_toolbox.sql #6
Ran migration: 27_ai_toolbox.sql #7
Ran migration: 28_storyboard_generation_settings.sql #1
Ran migration: 28_storyboard_generation_settings.sql #2
Ran migration: 28_storyboard_generation_settings.sql #3
Ran migration: 28_storyboard_generation_settings.sql #4
Ran migration: 29_resource_seedance2_asset.sql #1
Ran migration: 29_resource_seedance2_asset.sql #2
Ran migration: 30_storyboard_omni_assets.sql #1
Ran migration: 30_storyboard_omni_assets.sql #2
Ran migration: 30_storyboard_omni_assets.sql #3
Ran migration: 30_storyboard_omni_assets.sql #4
Ran migration: 30_storyboard_omni_assets.sql #5
Ran migration: 30_storyboard_omni_assets.sql #6
Ran migration: 30_storyboard_omni_assets.sql #7
Ran migration: 30_storyboard_omni_assets.sql #8
Ran migration: 30_storyboard_omni_assets.sql #9
Ran migration: 31_storyboard_sort_order.sql
Ran migration: 32_asset_favorites.sql
Ran migration: 33_auth_billing_admin.sql #1
Ran migration: 33_auth_billing_admin.sql #2
Ran migration: 33_auth_billing_admin.sql #3
Ran migration: 33_auth_billing_admin.sql #4
Ran migration: 33_auth_billing_admin.sql #5
Ran migration: 33_auth_billing_admin.sql #6
Ran migration: 33_auth_billing_admin.sql #7
Ran migration: 33_auth_billing_admin.sql #8
Ran migration: 33_auth_billing_admin.sql #9
Ran migration: 33_auth_billing_admin.sql #10
Ran migration: 33_auth_billing_admin.sql #11
Ran migration: 33_auth_billing_admin.sql #12
Ran migration: 33_auth_billing_admin.sql #13
Ran migration: 33_auth_billing_admin.sql #14
Ran migration: 33_auth_billing_admin.sql #15
Ran migration: 33_auth_billing_admin.sql #16
Ran migration: 33_auth_billing_admin.sql #17
Ran migration: 33_auth_billing_admin.sql #18
Ran migration: 33_auth_billing_admin.sql #19
Ran migration: 33_auth_billing_admin.sql #20
Ran migration: 33_auth_billing_admin.sql #21
Ran migration: 34_workflow_ownership.sql #1
Ran migration: 34_workflow_ownership.sql #2
Ran migration: 34_workflow_ownership.sql #3
Ran migration: 34_workflow_ownership.sql #4
Ran migration: 34_workflow_ownership.sql #5
Ran migration: 34_workflow_ownership.sql #6
Ran migration: 34_workflow_ownership.sql #7
Ran migration: 35_runtime_auth_settings.sql
Ran migration: 36_volcengine_seedream_official_prices.sql #1
Ran migration: 36_volcengine_seedream_official_prices.sql #2
Ran migration: 36_volcengine_seedream_official_prices.sql #3
Ran migration: 37_points_ratio_and_volcengine_video_prices.sql #1
Ran migration: 37_points_ratio_and_volcengine_video_prices.sql #2
Ran migration: 37_points_ratio_and_volcengine_video_prices.sql #3
Ran migration: 37_points_ratio_and_volcengine_video_prices.sql #4
Ran migration: 37_points_ratio_and_volcengine_video_prices.sql #5
Ran migration: 37_points_ratio_and_volcengine_video_prices.sql #6
Ran migration: 37_points_ratio_and_volcengine_video_prices.sql #7
Ran migration: 37_points_ratio_and_volcengine_video_prices.sql #8
Ran migration: 38_seedance_video_rate_contexts.sql #1
Ran migration: 38_seedance_video_rate_contexts.sql #2
Ran migration: 39_billing_key_for_custom_providers.sql #1
Ran migration: 39_billing_key_for_custom_providers.sql #2
Ran migration: 40_volcengine_text_tts_official_prices.sql #1
Ran migration: 40_volcengine_text_tts_official_prices.sql #2
Ran migration: 40_volcengine_text_tts_official_prices.sql #3
Ran migration: 40_volcengine_text_tts_official_prices.sql #4
Ran migration: 40_volcengine_text_tts_official_prices.sql #5
Ran migration: 41_billing_reconciliation.sql #1
Ran migration: 41_billing_reconciliation.sql #2
Ran migration: 41_billing_reconciliation.sql #3
Ran migration: 42_volcengine_seed_2_lite_prices.sql #1
Ran migration: 42_volcengine_seed_2_lite_prices.sql #2
Ran migration: 43_video_usage_output_meter_and_snapshot.sql #1
Ran migration: 43_video_usage_output_meter_and_snapshot.sql #2
Ran migration: 43_video_usage_output_meter_and_snapshot.sql #3
Ran migration: 44_deduplicate_video_output_meters.sql #1
Ran migration: 44_deduplicate_video_output_meters.sql #2
Ran migration: 45_remove_legacy_model_permissions.sql
Ran migration: 46_seed_2_lite_context_tier.sql #1
Ran migration: 46_seed_2_lite_context_tier.sql #2
Ran migration: 46_seed_2_lite_context_tier.sql #3
Ran migration: 47_seedance_2_mini_price.sql #1
Ran migration: 47_seedance_2_mini_price.sql #2
Ran migration: 48_media_archive_records.sql #1
Ran migration: 48_media_archive_records.sql #2
Ran migration: 49_seedance_2_5_price.sql #1
Ran migration: 49_seedance_2_5_price.sql #2
Ran migration: 50_storyboard_generation_inheritance.sql #1
Ran migration: 50_storyboard_generation_inheritance.sql #2
Ran migration: 51_video_poster_path.sql
Ran migration: 52_asset_links_video_interpolation.sql #1
Ran migration: 52_asset_links_video_interpolation.sql #2
Ran migration: 52_asset_links_video_interpolation.sql #3
Ran migration: 52_asset_links_video_interpolation.sql #4
Ran migration: 52_asset_links_video_interpolation.sql #5
Ran migration: 52_asset_links_video_interpolation.sql #6
Ran migration: 52_asset_links_video_interpolation.sql #7
Ran migration: 52_asset_links_video_interpolation.sql #8
Ran migration: 52_asset_links_video_interpolation.sql #9
Ran migration: 52_asset_links_video_interpolation.sql #10
Ran migration: 52_asset_links_video_interpolation.sql #11
Ran migration: 52_asset_links_video_interpolation.sql #12
Ran migration: 52_asset_links_video_interpolation.sql #13
Ran migration: 52_asset_links_video_interpolation.sql #14
Ran migration: 52_asset_links_video_interpolation.sql #15
Ran migration: 52_asset_links_video_interpolation.sql #16
Ran migration: 52_asset_links_video_interpolation.sql #17
Ran migration: 53_video_upscale_and_billing_reaudit.sql #1
Ran migration: 53_video_upscale_and_billing_reaudit.sql #2
Ran migration: 53_video_upscale_and_billing_reaudit.sql #3
Ran migration: 53_video_upscale_and_billing_reaudit.sql #4
Ran migration: 53_video_upscale_and_billing_reaudit.sql #5
Ran migration: 53_video_upscale_and_billing_reaudit.sql #6
Ran migration: 53_video_upscale_and_billing_reaudit.sql #7
Ran migration: 53_video_upscale_and_billing_reaudit.sql #9
Ran migration: 53_video_upscale_and_billing_reaudit.sql #10
Ran migration: 54_storyboard_optional_video_postprocess.sql #1
Ran migration: 54_storyboard_optional_video_postprocess.sql #2
Ran migration: 54_storyboard_optional_video_postprocess.sql #3
Ran migration: 55_video_intermediate_cleanup_opt_in.sql
Ran migration: 56_fix_mediakit_postprocess_display_fallback_prices.sql #1
Ran migration: 56_fix_mediakit_postprocess_display_fallback_prices.sql #2
Ran migration: 57_mediakit_shared_connection_defaults.sql
Ran migration: 58_storyboard_active_video_version.sql
Ran migration: 59_operations_alert_settings.sql #1
Ran migration: 59_operations_alert_settings.sql #2
Ran migration: 60_operations_report_snapshots.sql
Ran migration: 61_tenant_billing_and_console_isolation.sql #1
Ran migration: 61_tenant_billing_and_console_isolation.sql #2
Ran migration: 61_tenant_billing_and_console_isolation.sql #3
Ran migration: 61_tenant_billing_and_console_isolation.sql #4
Ran migration: 61_tenant_billing_and_console_isolation.sql #5
Ran migration: 61_tenant_billing_and_console_isolation.sql #6
Ran migration: 61_tenant_billing_and_console_isolation.sql #7
Ran migration: 61_tenant_billing_and_console_isolation.sql #8
Ran migration: 61_tenant_billing_and_console_isolation.sql #9
Ran migration: 61_tenant_billing_and_console_isolation.sql #10
Ran migration: 61_tenant_billing_and_console_isolation.sql #11
Ran migration: 61_tenant_billing_and_console_isolation.sql #12
Ran migration: 61_tenant_billing_and_console_isolation.sql #13
Ran migration: 61_tenant_billing_and_console_isolation.sql #14
Ran migration: 61_tenant_billing_and_console_isolation.sql #15
Ran migration: 61_tenant_billing_and_console_isolation.sql #16
Ran migration: 62_migrate_existing_users_to_default_tenant.sql #1
Ran migration: 62_migrate_existing_users_to_default_tenant.sql #2
Ran migration: 62_migrate_existing_users_to_default_tenant.sql #3
Ran migration: 62_migrate_existing_users_to_default_tenant.sql #4
Ran migration: 62_migrate_existing_users_to_default_tenant.sql #5
Ran migration: 63_geeknow_gpt_image_2_price.sql #1
Ran migration: 63_geeknow_gpt_image_2_price.sql #2
Ran migration: 64_default_tenant_price_book_compatibility.sql
Ran migration: 65_tool_run_tenant_scope.sql #1
Ran migration: 65_tool_run_tenant_scope.sql #2
Ran migration: 66_tenant_config_defaults.sql #1
Ran migration: 66_tenant_config_defaults.sql #2
Ran migration: 66_tenant_config_defaults.sql #3
Ran migration: 66_tenant_config_defaults.sql #4
Ran migration: 66_tenant_config_defaults.sql #5
Ran migration: 67_tenant_owned_ai_configs.sql #1
Ran migration: 67_tenant_owned_ai_configs.sql #2
Ran migration: 68_preserve_legacy_default_tenant.sql #1
Ran migration: 68_preserve_legacy_default_tenant.sql #2
Skip migration (table not found, will be ensured later): 69_homepage_default_video_resources.sql - no such table: global_settings
Ran migration: 70_billing_project_usage_snapshots.sql #1
Ran migration: 70_billing_project_usage_snapshots.sql #2
Ran migration: 70_billing_project_usage_snapshots.sql #3
Ran migration: 70_billing_project_usage_snapshots.sql #4
Ran migration: 70_billing_project_usage_snapshots.sql #5
Ran migration: 70_billing_project_usage_snapshots.sql #6
Ran migration: 70_billing_project_usage_snapshots.sql #7
Ran migration: 70_billing_project_usage_snapshots.sql #8
Ran migration: 70_billing_project_usage_snapshots.sql #9
Ran migration: 70_billing_project_usage_snapshots.sql #10
Ran migration: 70_billing_project_usage_snapshots.sql #11
Ran migration: 70_billing_project_usage_snapshots.sql #12
Ran migration: 70_billing_project_usage_snapshots.sql #13
Ran migration: 70_billing_project_usage_snapshots.sql #14
Ran migration: 71_billable_project_context.sql #1
Ran migration: 71_billable_project_context.sql #2
Ran migration: 71_billable_project_context.sql #3
Ran migration: 71_billable_project_context.sql #4
Migrated billing ledger to micro-points: [33m10000[39m
ensureColumns: added storyboards.layout_description (TEXT)
ensureColumns: added storyboards.image_url (TEXT)
ensureColumns: added storyboards.local_path (TEXT)
ensureColumns: added storyboards.main_panel_idx (INTEGER)
ensureColumns: added storyboards.composed_image (TEXT)
ensureColumns: added storyboards.result (TEXT)
ensureColumns: added storyboards.emotion (TEXT)
ensureColumns: added storyboards.emotion_intensity (INTEGER)
ensureColumns: added storyboards.error_msg (TEXT)
ensureColumns: added storyboards.lighting_style (TEXT)
ensureColumns: added storyboards.depth_of_field (TEXT)
ensureColumns: added storyboards.polished_prompt (TEXT)
ensureColumns: added storyboards.continuity_snapshot (TEXT)
ensureColumns: added storyboards.audio_local_path (TEXT)
ensureColumns: added storyboards.narration_audio_local_path (TEXT)
ensureColumns: added storyboards.omni_prompt_document_json (TEXT)
ensureColumns: added storyboards.first_frame_image_id (INTEGER)
ensureColumns: added storyboards.last_frame_image_id (INTEGER)
ensureColumns: added storyboards.last_frame_image_url (TEXT)
ensureColumns: added storyboards.last_frame_local_path (TEXT)
ensureColumns: added characters.extra_images (TEXT)
ensureColumns: added characters.error_msg (TEXT)
ensureColumns: added characters.ref_image (TEXT)
ensureColumns: added characters.seedance2_voice_asset (TEXT)
ensureColumns: added scenes.polished_prompt (TEXT)
ensureColumns: added scenes.extra_images (TEXT)
ensureColumns: added scenes.ref_image (TEXT)
ensureColumns: added scenes.error_msg (TEXT)
ensureColumns: added props.extra_images (TEXT)
ensureColumns: added props.ref_image (TEXT)
ensureColumns: added props.error_msg (TEXT)
ensureColumns: added tenants.is_new_user_default (INTEGER DEFAULT 0)
ensureColumns: added image_generations.episode_id (INTEGER)
ensureColumns: added image_generations.use_first_frame_layout_lock (INTEGER)
ensureColumns: added image_generations.width (INTEGER)
ensureColumns: added image_generations.height (INTEGER)
ensureColumns: added video_generations.resolution (TEXT)
ensureColumns: added video_generations.seed (INTEGER)
ensureColumns: added video_generations.camera_fixed (INTEGER)
ensureColumns: added video_generations.watermark (INTEGER)
ensureColumns: added video_generations.provider_task_id (TEXT)
ensureColumns: added video_generations.archive_status (TEXT)
ensureColumns: added video_generations.archive_error (TEXT)
ensureColumns: added video_generations.archive_attempts (INTEGER NOT NULL DEFAULT 0)
ensureColumns: added video_generations.archived_at (TEXT)
ensureColumns: added video_merges.merge_options (TEXT)
ensureColumns: added video_merges.merged_url (TEXT)
ensureColumns: added video_merges.duration (INTEGER)
ensureColumns: added video_merges.completed_at (TEXT)
ensureColumns: added video_merges.error_msg (TEXT)
ensureColumns: added assets.reference_alias (TEXT)
ensureColumns: added assets.archived_at (TEXT)
ensureColumns: added omni_video_jobs.storyboard_id (INTEGER)
Ran migration: 01_init.sql #1
Ran migration: 01_init.sql #2
Ran migration: 01_init.sql #3
Ran migration: 01_init.sql #4
Ran migration: 01_init.sql #5
Ran migration: 01_init.sql #6
Ran migration: 01_init.sql #7
Ran migration: 01_init.sql #8
Ran migration: 01_init.sql #9
Ran migration: 01_init.sql #10
Ran migration: 01_init.sql #11
Ran migration: 01_init.sql #12
Ran migration: 01_init.sql #13
Ran migration: 01_init.sql #14
Ran migration: 01_init.sql #15
Ran migration: 01_init.sql #16
Ran migration: 01_init.sql #17
Ran migration: 01_init.sql #18
Skip (already exists): 02_add_default_model.sql
Ran migration: 03_add_props_episode_id.sql
Skip (already exists): 04_async_tasks_columns.sql #1
Skip (already exists): 04_async_tasks_columns.sql #2
Skip (already exists): 04_async_tasks_columns.sql #3
Skip (already exists): 05_add_image_generations_completed_at.sql #1
Skip (already exists): 05_add_image_generations_completed_at.sql #2
Skip (already exists): 06_add_characters_local_path.sql
Skip (already exists): 07_add_scenes_image_columns.sql #1
Skip (already exists): 07_add_scenes_image_columns.sql #2
Skip (already exists): 08_add_video_generations_completed_at.sql #1
Skip (already exists): 08_add_video_generations_completed_at.sql #2
Ran migration: 09_scene_prop_libraries.sql #1
Ran migration: 09_scene_prop_libraries.sql #2
Ran migration: 10_prompt_overrides.sql
Ran migration: 11_add_api_protocol.sql
Ran migration: 12_image_proxy_cache.sql
Ran migration: 13_character_identity_anchors.sql #1
Ran migration: 13_character_identity_anchors.sql #2
Ran migration: 13_character_identity_anchors.sql #3
Ran migration: 13_character_identity_anchors.sql #4
Ran migration: 13_character_identity_anchors.sql #5
Ran migration: 13_character_identity_anchors.sql #6
Ran migration: 13_character_identity_anchors.sql #7
Ran migration: 13_character_identity_anchors.sql #8
Ran migration: 13_character_identity_anchors.sql #9
Ran migration: 14_storyboard_segments_and_model_map.sql #1
Ran migration: 14_storyboard_segments_and_model_map.sql #2
Ran migration: 14_storyboard_segments_and_model_map.sql #3
Ran migration: 15_storyboard_angle_structured.sql #1
Ran migration: 15_storyboard_angle_structured.sql #2
Ran migration: 15_storyboard_angle_structured.sql #3
Ran migration: 16_character_polished_prompt.sql
Ran migration: 17_character_stages.sql
Ran migration: 18_storyboard_narration.sql
Ran migration: 19_storyboard_universal_mode.sql #1
Ran migration: 19_storyboard_universal_mode.sql #2
Ran migration: 20_character_seedance2_asset.sql
Ran migration: 21_asset_negative_prompt.sql #1
Ran migration: 21_asset_negative_prompt.sql #2
Ran migration: 21_asset_negative_prompt.sql #3
Skip (already exists): 22_library_source_id.sql #1
Skip (already exists): 22_library_source_id.sql #2
Skip (already exists): 22_library_source_id.sql #3
Skip (already exists): 22_library_source_id.sql #4
Skip (already exists): 22_library_source_id.sql #5
Skip (already exists): 22_library_source_id.sql #6
Ran migration: 22_library_source_id.sql #7
Ran migration: 22_library_source_id.sql #8
Ran migration: 22_library_source_id.sql #9
Ran migration: 23_omni_video_workbench.sql #1
Ran migration: 23_omni_video_workbench.sql #2
Ran migration: 23_omni_video_workbench.sql #3
Ran migration: 23_omni_video_workbench.sql #4
Ran migration: 23_omni_video_workbench.sql #5
Ran migration: 23_omni_video_workbench.sql #6
Ran migration: 23_omni_video_workbench.sql #7
Ran migration: 23_omni_video_workbench.sql #8
Ran migration: 23_omni_video_workbench.sql #9
Ran migration: 23_omni_video_workbench.sql #10
Ran migration: 23_omni_video_workbench.sql #11
Ran migration: 23_omni_video_workbench.sql #12
Ran migration: 24_asset_seedance2_certification.sql
Ran migration: 25_omni_sequences.sql #1
Ran migration: 25_omni_sequences.sql #2
Ran migration: 25_omni_sequences.sql #3
Ran migration: 25_omni_sequences.sql #4
Ran migration: 25_omni_sequences.sql #5
Ran migration: 26_omni_workbench_improvements.sql #1
Ran migration: 26_omni_workbench_improvements.sql #2
Ran migration: 27_ai_toolbox.sql #1
Ran migration: 27_ai_toolbox.sql #2
Ran migration: 27_ai_toolbox.sql #3
Ran migration: 27_ai_toolbox.sql #4
Ran migration: 27_ai_toolbox.sql #5
Ran migration: 27_ai_toolbox.sql #6
Ran migration: 27_ai_toolbox.sql #7
Ran migration: 28_storyboard_generation_settings.sql #1
Ran migration: 28_storyboard_generation_settings.sql #2
Ran migration: 28_storyboard_generation_settings.sql #3
Ran migration: 28_storyboard_generation_settings.sql #4
Ran migration: 29_resource_seedance2_asset.sql #1
Ran migration: 29_resource_seedance2_asset.sql #2
Ran migration: 30_storyboard_omni_assets.sql #1
Ran migration: 30_storyboard_omni_assets.sql #2
Ran migration: 30_storyboard_omni_assets.sql #3
Ran migration: 30_storyboard_omni_assets.sql #4
Ran migration: 30_storyboard_omni_assets.sql #5
Ran migration: 30_storyboard_omni_assets.sql #6
Ran migration: 30_storyboard_omni_assets.sql #7
Ran migration: 30_storyboard_omni_assets.sql #8
Ran migration: 30_storyboard_omni_assets.sql #9
Ran migration: 31_storyboard_sort_order.sql
Ran migration: 32_asset_favorites.sql
Ran migration: 33_auth_billing_admin.sql #1
Ran migration: 33_auth_billing_admin.sql #2
Ran migration: 33_auth_billing_admin.sql #3
Ran migration: 33_auth_billing_admin.sql #4
Ran migration: 33_auth_billing_admin.sql #5
Ran migration: 33_auth_billing_admin.sql #6
Ran migration: 33_auth_billing_admin.sql #7
Ran migration: 33_auth_billing_admin.sql #8
Ran migration: 33_auth_billing_admin.sql #9
Ran migration: 33_auth_billing_admin.sql #10
Ran migration: 33_auth_billing_admin.sql #11
Ran migration: 33_auth_billing_admin.sql #12
Ran migration: 33_auth_billing_admin.sql #13
Ran migration: 33_auth_billing_admin.sql #14
Ran migration: 33_auth_billing_admin.sql #15
Ran migration: 33_auth_billing_admin.sql #16
Ran migration: 33_auth_billing_admin.sql #17
Ran migration: 33_auth_billing_admin.sql #18
Ran migration: 33_auth_billing_admin.sql #19
Ran migration: 33_auth_billing_admin.sql #20
Ran migration: 33_auth_billing_admin.sql #21
Ran migration: 34_workflow_ownership.sql #1
Ran migration: 34_workflow_ownership.sql #2
Ran migration: 34_workflow_ownership.sql #3
Ran migration: 34_workflow_ownership.sql #4
Ran migration: 34_workflow_ownership.sql #5
Ran migration: 34_workflow_ownership.sql #6
Ran migration: 34_workflow_ownership.sql #7
Ran migration: 35_runtime_auth_settings.sql
Ran migration: 36_volcengine_seedream_official_prices.sql #1
Ran migration: 36_volcengine_seedream_official_prices.sql #2
Ran migration: 36_volcengine_seedream_official_prices.sql #3
Ran migration: 37_points_ratio_and_volcengine_video_prices.sql #1
Ran migration: 37_points_ratio_and_volcengine_video_prices.sql #2
Ran migration: 37_points_ratio_and_volcengine_video_prices.sql #3
Ran migration: 37_points_ratio_and_volcengine_video_prices.sql #4
Ran migration: 37_points_ratio_and_volcengine_video_prices.sql #5
Ran migration: 37_points_ratio_and_volcengine_video_prices.sql #6
Ran migration: 37_points_ratio_and_volcengine_video_prices.sql #7
Ran migration: 37_points_ratio_and_volcengine_video_prices.sql #8
Ran migration: 38_seedance_video_rate_contexts.sql #1
Ran migration: 38_seedance_video_rate_contexts.sql #2
Ran migration: 39_billing_key_for_custom_providers.sql #1
Ran migration: 39_billing_key_for_custom_providers.sql #2
Ran migration: 40_volcengine_text_tts_official_prices.sql #1
Ran migration: 40_volcengine_text_tts_official_prices.sql #2
Ran migration: 40_volcengine_text_tts_official_prices.sql #3
Ran migration: 40_volcengine_text_tts_official_prices.sql #4
Ran migration: 40_volcengine_text_tts_official_prices.sql #5
Ran migration: 41_billing_reconciliation.sql #1
Ran migration: 41_billing_reconciliation.sql #2
Ran migration: 41_billing_reconciliation.sql #3
Ran migration: 42_volcengine_seed_2_lite_prices.sql #1
Ran migration: 42_volcengine_seed_2_lite_prices.sql #2
Ran migration: 43_video_usage_output_meter_and_snapshot.sql #1
Ran migration: 43_video_usage_output_meter_and_snapshot.sql #2
Ran migration: 43_video_usage_output_meter_and_snapshot.sql #3
Ran migration: 44_deduplicate_video_output_meters.sql #1
Ran migration: 44_deduplicate_video_output_meters.sql #2
Ran migration: 45_remove_legacy_model_permissions.sql
Ran migration: 46_seed_2_lite_context_tier.sql #1
Ran migration: 46_seed_2_lite_context_tier.sql #2
Ran migration: 46_seed_2_lite_context_tier.sql #3
Ran migration: 47_seedance_2_mini_price.sql #1
Ran migration: 47_seedance_2_mini_price.sql #2
Ran migration: 48_media_archive_records.sql #1
Ran migration: 48_media_archive_records.sql #2
Ran migration: 49_seedance_2_5_price.sql #1
Ran migration: 49_seedance_2_5_price.sql #2
Ran migration: 50_storyboard_generation_inheritance.sql #1
Ran migration: 50_storyboard_generation_inheritance.sql #2
Ran migration: 51_video_poster_path.sql
Ran migration: 52_asset_links_video_interpolation.sql #1
Ran migration: 52_asset_links_video_interpolation.sql #2
Ran migration: 52_asset_links_video_interpolation.sql #3
Ran migration: 52_asset_links_video_interpolation.sql #4
Ran migration: 52_asset_links_video_interpolation.sql #5
Ran migration: 52_asset_links_video_interpolation.sql #6
Ran migration: 52_asset_links_video_interpolation.sql #7
Ran migration: 52_asset_links_video_interpolation.sql #8
Ran migration: 52_asset_links_video_interpolation.sql #9
Ran migration: 52_asset_links_video_interpolation.sql #10
Ran migration: 52_asset_links_video_interpolation.sql #11
Ran migration: 52_asset_links_video_interpolation.sql #12
Ran migration: 52_asset_links_video_interpolation.sql #13
Ran migration: 52_asset_links_video_interpolation.sql #14
Ran migration: 52_asset_links_video_interpolation.sql #15
Ran migration: 52_asset_links_video_interpolation.sql #16
Ran migration: 52_asset_links_video_interpolation.sql #17
Ran migration: 53_video_upscale_and_billing_reaudit.sql #1
Ran migration: 53_video_upscale_and_billing_reaudit.sql #2
Ran migration: 53_video_upscale_and_billing_reaudit.sql #3
Ran migration: 53_video_upscale_and_billing_reaudit.sql #4
Ran migration: 53_video_upscale_and_billing_reaudit.sql #5
Ran migration: 53_video_upscale_and_billing_reaudit.sql #6
Ran migration: 53_video_upscale_and_billing_reaudit.sql #7
Ran migration: 53_video_upscale_and_billing_reaudit.sql #9
Ran migration: 53_video_upscale_and_billing_reaudit.sql #10
Ran migration: 54_storyboard_optional_video_postprocess.sql #1
Ran migration: 54_storyboard_optional_video_postprocess.sql #2
Ran migration: 54_storyboard_optional_video_postprocess.sql #3
Ran migration: 55_video_intermediate_cleanup_opt_in.sql
Ran migration: 56_fix_mediakit_postprocess_display_fallback_prices.sql #1
Ran migration: 56_fix_mediakit_postprocess_display_fallback_prices.sql #2
Ran migration: 57_mediakit_shared_connection_defaults.sql
Ran migration: 58_storyboard_active_video_version.sql
Ran migration: 59_operations_alert_settings.sql #1
Ran migration: 59_operations_alert_settings.sql #2
Ran migration: 60_operations_report_snapshots.sql
Ran migration: 61_tenant_billing_and_console_isolation.sql #1
Ran migration: 61_tenant_billing_and_console_isolation.sql #2
Ran migration: 61_tenant_billing_and_console_isolation.sql #3
Ran migration: 61_tenant_billing_and_console_isolation.sql #4
Ran migration: 61_tenant_billing_and_console_isolation.sql #5
Ran migration: 61_tenant_billing_and_console_isolation.sql #6
Ran migration: 61_tenant_billing_and_console_isolation.sql #7
Ran migration: 61_tenant_billing_and_console_isolation.sql #8
Ran migration: 61_tenant_billing_and_console_isolation.sql #9
Ran migration: 61_tenant_billing_and_console_isolation.sql #10
Ran migration: 61_tenant_billing_and_console_isolation.sql #11
Ran migration: 61_tenant_billing_and_console_isolation.sql #12
Ran migration: 61_tenant_billing_and_console_isolation.sql #13
Ran migration: 61_tenant_billing_and_console_isolation.sql #14
Ran migration: 61_tenant_billing_and_console_isolation.sql #15
Ran migration: 61_tenant_billing_and_console_isolation.sql #16
Ran migration: 62_migrate_existing_users_to_default_tenant.sql #1
Ran migration: 62_migrate_existing_users_to_default_tenant.sql #2
Ran migration: 62_migrate_existing_users_to_default_tenant.sql #3
Ran migration: 62_migrate_existing_users_to_default_tenant.sql #4
Ran migration: 62_migrate_existing_users_to_default_tenant.sql #5
Ran migration: 63_geeknow_gpt_image_2_price.sql #1
Ran migration: 63_geeknow_gpt_image_2_price.sql #2
Ran migration: 64_default_tenant_price_book_compatibility.sql
Ran migration: 65_tool_run_tenant_scope.sql #1
Ran migration: 65_tool_run_tenant_scope.sql #2
Ran migration: 66_tenant_config_defaults.sql #1
Ran migration: 66_tenant_config_defaults.sql #2
Ran migration: 66_tenant_config_defaults.sql #3
Ran migration: 66_tenant_config_defaults.sql #4
Ran migration: 66_tenant_config_defaults.sql #5
Ran migration: 67_tenant_owned_ai_configs.sql #1
Ran migration: 67_tenant_owned_ai_configs.sql #2
Ran migration: 68_preserve_legacy_default_tenant.sql #1
Ran migration: 68_preserve_legacy_default_tenant.sql #2
Skip migration (table not found, will be ensured later): 69_homepage_default_video_resources.sql - no such table: global_settings
Ran migration: 70_billing_project_usage_snapshots.sql #1
Ran migration: 70_billing_project_usage_snapshots.sql #2
Ran migration: 70_billing_project_usage_snapshots.sql #3
Ran migration: 70_billing_project_usage_snapshots.sql #4
Ran migration: 70_billing_project_usage_snapshots.sql #5
Ran migration: 70_billing_project_usage_snapshots.sql #6
Ran migration: 70_billing_project_usage_snapshots.sql #7
Ran migration: 70_billing_project_usage_snapshots.sql #8
Ran migration: 70_billing_project_usage_snapshots.sql #9
Ran migration: 70_billing_project_usage_snapshots.sql #10
Ran migration: 70_billing_project_usage_snapshots.sql #11
Ran migration: 70_billing_project_usage_snapshots.sql #12
Ran migration: 70_billing_project_usage_snapshots.sql #13
Ran migration: 70_billing_project_usage_snapshots.sql #14
Ran migration: 71_billable_project_context.sql #1
Ran migration: 71_billable_project_context.sql #2
Ran migration: 71_billable_project_context.sql #3
Ran migration: 71_billable_project_context.sql #4
Migrated billing ledger to micro-points: [33m10000[39m
ensureColumns: added storyboards.layout_description (TEXT)
ensureColumns: added storyboards.image_url (TEXT)
ensureColumns: added storyboards.local_path (TEXT)
ensureColumns: added storyboards.main_panel_idx (INTEGER)
ensureColumns: added storyboards.composed_image (TEXT)
ensureColumns: added storyboards.result (TEXT)
ensureColumns: added storyboards.emotion (TEXT)
ensureColumns: added storyboards.emotion_intensity (INTEGER)
ensureColumns: added storyboards.error_msg (TEXT)
ensureColumns: added storyboards.lighting_style (TEXT)
ensureColumns: added storyboards.depth_of_field (TEXT)
ensureColumns: added storyboards.polished_prompt (TEXT)
ensureColumns: added storyboards.continuity_snapshot (TEXT)
ensureColumns: added storyboards.audio_local_path (TEXT)
ensureColumns: added storyboards.narration_audio_local_path (TEXT)
ensureColumns: added storyboards.omni_prompt_document_json (TEXT)
ensureColumns: added storyboards.first_frame_image_id (INTEGER)
ensureColumns: added storyboards.last_frame_image_id (INTEGER)
ensureColumns: added storyboards.last_frame_image_url (TEXT)
ensureColumns: added storyboards.last_frame_local_path (TEXT)
ensureColumns: added characters.extra_images (TEXT)
ensureColumns: added characters.error_msg (TEXT)
ensureColumns: added characters.ref_image (TEXT)
ensureColumns: added characters.seedance2_voice_asset (TEXT)
ensureColumns: added scenes.polished_prompt (TEXT)
ensureColumns: added scenes.extra_images (TEXT)
ensureColumns: added scenes.ref_image (TEXT)
ensureColumns: added scenes.error_msg (TEXT)
ensureColumns: added props.extra_images (TEXT)
ensureColumns: added props.ref_image (TEXT)
ensureColumns: added props.error_msg (TEXT)
ensureColumns: added tenants.is_new_user_default (INTEGER DEFAULT 0)
ensureColumns: added image_generations.episode_id (INTEGER)
ensureColumns: added image_generations.use_first_frame_layout_lock (INTEGER)
ensureColumns: added image_generations.width (INTEGER)
ensureColumns: added image_generations.height (INTEGER)
ensureColumns: added video_generations.resolution (TEXT)
ensureColumns: added video_generations.seed (INTEGER)
ensureColumns: added video_generations.camera_fixed (INTEGER)
ensureColumns: added video_generations.watermark (INTEGER)
ensureColumns: added video_generations.provider_task_id (TEXT)
ensureColumns: added video_generations.archive_status (TEXT)
ensureColumns: added video_generations.archive_error (TEXT)
ensureColumns: added video_generations.archive_attempts (INTEGER NOT NULL DEFAULT 0)
ensureColumns: added video_generations.archived_at (TEXT)
ensureColumns: added video_merges.merge_options (TEXT)
ensureColumns: added video_merges.merged_url (TEXT)
ensureColumns: added video_merges.duration (INTEGER)
ensureColumns: added video_merges.completed_at (TEXT)
ensureColumns: added video_merges.error_msg (TEXT)
ensureColumns: added assets.reference_alias (TEXT)
ensureColumns: added assets.archived_at (TEXT)
ensureColumns: added omni_video_jobs.storyboard_id (INTEGER)
Ran migration: 01_init.sql #1
Ran migration: 01_init.sql #2
Ran migration: 01_init.sql #3
Ran migration: 01_init.sql #4
Ran migration: 01_init.sql #5
Ran migration: 01_init.sql #6
Ran migration: 01_init.sql #7
Ran migration: 01_init.sql #8
Ran migration: 01_init.sql #9
Ran migration: 01_init.sql #10
Ran migration: 01_init.sql #11
Ran migration: 01_init.sql #12
Ran migration: 01_init.sql #13
Ran migration: 01_init.sql #14
Ran migration: 01_init.sql #15
Ran migration: 01_init.sql #16
Ran migration: 01_init.sql #17
Ran migration: 01_init.sql #18
Skip (already exists): 02_add_default_model.sql
Ran migration: 03_add_props_episode_id.sql
Skip (already exists): 04_async_tasks_columns.sql #1
Skip (already exists): 04_async_tasks_columns.sql #2
Skip (already exists): 04_async_tasks_columns.sql #3
Skip (already exists): 05_add_image_generations_completed_at.sql #1
Skip (already exists): 05_add_image_generations_completed_at.sql #2
Skip (already exists): 06_add_characters_local_path.sql
Skip (already exists): 07_add_scenes_image_columns.sql #1
Skip (already exists): 07_add_scenes_image_columns.sql #2
Skip (already exists): 08_add_video_generations_completed_at.sql #1
Skip (already exists): 08_add_video_generations_completed_at.sql #2
Ran migration: 09_scene_prop_libraries.sql #1
Ran migration: 09_scene_prop_libraries.sql #2
Ran migration: 10_prompt_overrides.sql
Ran migration: 11_add_api_protocol.sql
Ran migration: 12_image_proxy_cache.sql
Ran migration: 13_character_identity_anchors.sql #1
Ran migration: 13_character_identity_anchors.sql #2
Ran migration: 13_character_identity_anchors.sql #3
Ran migration: 13_character_identity_anchors.sql #4
Ran migration: 13_character_identity_anchors.sql #5
Ran migration: 13_character_identity_anchors.sql #6
Ran migration: 13_character_identity_anchors.sql #7
Ran migration: 13_character_identity_anchors.sql #8
Ran migration: 13_character_identity_anchors.sql #9
Ran migration: 14_storyboard_segments_and_model_map.sql #1
Ran migration: 14_storyboard_segments_and_model_map.sql #2
Ran migration: 14_storyboard_segments_and_model_map.sql #3
Ran migration: 15_storyboard_angle_structured.sql #1
Ran migration: 15_storyboard_angle_structured.sql #2
Ran migration: 15_storyboard_angle_structured.sql #3
Ran migration: 16_character_polished_prompt.sql
Ran migration: 17_character_stages.sql
Ran migration: 18_storyboard_narration.sql
Ran migration: 19_storyboard_universal_mode.sql #1
Ran migration: 19_storyboard_universal_mode.sql #2
Ran migration: 20_character_seedance2_asset.sql
Ran migration: 21_asset_negative_prompt.sql #1
Ran migration: 21_asset_negative_prompt.sql #2
Ran migration: 21_asset_negative_prompt.sql #3
Skip (already exists): 22_library_source_id.sql #1
Skip (already exists): 22_library_source_id.sql #2
Skip (already exists): 22_library_source_id.sql #3
Skip (already exists): 22_library_source_id.sql #4
Skip (already exists): 22_library_source_id.sql #5
Skip (already exists): 22_library_source_id.sql #6
Ran migration: 22_library_source_id.sql #7
Ran migration: 22_library_source_id.sql #8
Ran migration: 22_library_source_id.sql #9
Ran migration: 23_omni_video_workbench.sql #1
Ran migration: 23_omni_video_workbench.sql #2
Ran migration: 23_omni_video_workbench.sql #3
Ran migration: 23_omni_video_workbench.sql #4
Ran migration: 23_omni_video_workbench.sql #5
Ran migration: 23_omni_video_workbench.sql #6
Ran migration: 23_omni_video_workbench.sql #7
Ran migration: 23_omni_video_workbench.sql #8
Ran migration: 23_omni_video_workbench.sql #9
Ran migration: 23_omni_video_workbench.sql #10
Ran migration: 23_omni_video_workbench.sql #11
Ran migration: 23_omni_video_workbench.sql #12
Ran migration: 24_asset_seedance2_certification.sql
Ran migration: 25_omni_sequences.sql #1
Ran migration: 25_omni_sequences.sql #2
Ran migration: 25_omni_sequences.sql #3
Ran migration: 25_omni_sequences.sql #4
Ran migration: 25_omni_sequences.sql #5
Ran migration: 26_omni_workbench_improvements.sql #1
Ran migration: 26_omni_workbench_improvements.sql #2
Ran migration: 27_ai_toolbox.sql #1
Ran migration: 27_ai_toolbox.sql #2
Ran migration: 27_ai_toolbox.sql #3
Ran migration: 27_ai_toolbox.sql #4
Ran migration: 27_ai_toolbox.sql #5
Ran migration: 27_ai_toolbox.sql #6
Ran migration: 27_ai_toolbox.sql #7
Ran migration: 28_storyboard_generation_settings.sql #1
Ran migration: 28_storyboard_generation_settings.sql #2
Ran migration: 28_storyboard_generation_settings.sql #3
Ran migration: 28_storyboard_generation_settings.sql #4
Ran migration: 29_resource_seedance2_asset.sql #1
Ran migration: 29_resource_seedance2_asset.sql #2
Ran migration: 30_storyboard_omni_assets.sql #1
Ran migration: 30_storyboard_omni_assets.sql #2
Ran migration: 30_storyboard_omni_assets.sql #3
Ran migration: 30_storyboard_omni_assets.sql #4
Ran migration: 30_storyboard_omni_assets.sql #5
Ran migration: 30_storyboard_omni_assets.sql #6
Ran migration: 30_storyboard_omni_assets.sql #7
Ran migration: 30_storyboard_omni_assets.sql #8
Ran migration: 30_storyboard_omni_assets.sql #9
Ran migration: 31_storyboard_sort_order.sql
Ran migration: 32_asset_favorites.sql
Ran migration: 33_auth_billing_admin.sql #1
Ran migration: 33_auth_billing_admin.sql #2
Ran migration: 33_auth_billing_admin.sql #3
Ran migration: 33_auth_billing_admin.sql #4
Ran migration: 33_auth_billing_admin.sql #5
Ran migration: 33_auth_billing_admin.sql #6
Ran migration: 33_auth_billing_admin.sql #7
Ran migration: 33_auth_billing_admin.sql #8
Ran migration: 33_auth_billing_admin.sql #9
Ran migration: 33_auth_billing_admin.sql #10
Ran migration: 33_auth_billing_admin.sql #11
Ran migration: 33_auth_billing_admin.sql #12
Ran migration: 33_auth_billing_admin.sql #13
Ran migration: 33_auth_billing_admin.sql #14
Ran migration: 33_auth_billing_admin.sql #15
Ran migration: 33_auth_billing_admin.sql #16
Ran migration: 33_auth_billing_admin.sql #17
Ran migration: 33_auth_billing_admin.sql #18
Ran migration: 33_auth_billing_admin.sql #19
Ran migration: 33_auth_billing_admin.sql #20
Ran migration: 33_auth_billing_admin.sql #21
Ran migration: 34_workflow_ownership.sql #1
Ran migration: 34_workflow_ownership.sql #2
Ran migration: 34_workflow_ownership.sql #3
Ran migration: 34_workflow_ownership.sql #4
Ran migration: 34_workflow_ownership.sql #5
Ran migration: 34_workflow_ownership.sql #6
Ran migration: 34_workflow_ownership.sql #7
Ran migration: 35_runtime_auth_settings.sql
Ran migration: 36_volcengine_seedream_official_prices.sql #1
Ran migration: 36_volcengine_seedream_official_prices.sql #2
Ran migration: 36_volcengine_seedream_official_prices.sql #3
Ran migration: 37_points_ratio_and_volcengine_video_prices.sql #1
Ran migration: 37_points_ratio_and_volcengine_video_prices.sql #2
Ran migration: 37_points_ratio_and_volcengine_video_prices.sql #3
Ran migration: 37_points_ratio_and_volcengine_video_prices.sql #4
Ran migration: 37_points_ratio_and_volcengine_video_prices.sql #5
Ran migration: 37_points_ratio_and_volcengine_video_prices.sql #6
Ran migration: 37_points_ratio_and_volcengine_video_prices.sql #7
Ran migration: 37_points_ratio_and_volcengine_video_prices.sql #8
Ran migration: 38_seedance_video_rate_contexts.sql #1
Ran migration: 38_seedance_video_rate_contexts.sql #2
Ran migration: 39_billing_key_for_custom_providers.sql #1
Ran migration: 39_billing_key_for_custom_providers.sql #2
Ran migration: 40_volcengine_text_tts_official_prices.sql #1
Ran migration: 40_volcengine_text_tts_official_prices.sql #2
Ran migration: 40_volcengine_text_tts_official_prices.sql #3
Ran migration: 40_volcengine_text_tts_official_prices.sql #4
Ran migration: 40_volcengine_text_tts_official_prices.sql #5
Ran migration: 41_billing_reconciliation.sql #1
Ran migration: 41_billing_reconciliation.sql #2
Ran migration: 41_billing_reconciliation.sql #3
Ran migration: 42_volcengine_seed_2_lite_prices.sql #1
Ran migration: 42_volcengine_seed_2_lite_prices.sql #2
Ran migration: 43_video_usage_output_meter_and_snapshot.sql #1
Ran migration: 43_video_usage_output_meter_and_snapshot.sql #2
Ran migration: 43_video_usage_output_meter_and_snapshot.sql #3
Ran migration: 44_deduplicate_video_output_meters.sql #1
Ran migration: 44_deduplicate_video_output_meters.sql #2
Ran migration: 45_remove_legacy_model_permissions.sql
Ran migration: 46_seed_2_lite_context_tier.sql #1
Ran migration: 46_seed_2_lite_context_tier.sql #2
Ran migration: 46_seed_2_lite_context_tier.sql #3
Ran migration: 47_seedance_2_mini_price.sql #1
Ran migration: 47_seedance_2_mini_price.sql #2
Ran migration: 48_media_archive_records.sql #1
Ran migration: 48_media_archive_records.sql #2
Ran migration: 49_seedance_2_5_price.sql #1
Ran migration: 49_seedance_2_5_price.sql #2
Ran migration: 50_storyboard_generation_inheritance.sql #1
Ran migration: 50_storyboard_generation_inheritance.sql #2
Ran migration: 51_video_poster_path.sql
Ran migration: 52_asset_links_video_interpolation.sql #1
Ran migration: 52_asset_links_video_interpolation.sql #2
Ran migration: 52_asset_links_video_interpolation.sql #3
Ran migration: 52_asset_links_video_interpolation.sql #4
Ran migration: 52_asset_links_video_interpolation.sql #5
Ran migration: 52_asset_links_video_interpolation.sql #6
Ran migration: 52_asset_links_video_interpolation.sql #7
Ran migration: 52_asset_links_video_interpolation.sql #8
Ran migration: 52_asset_links_video_interpolation.sql #9
Ran migration: 52_asset_links_video_interpolation.sql #10
Ran migration: 52_asset_links_video_interpolation.sql #11
Ran migration: 52_asset_links_video_interpolation.sql #12
Ran migration: 52_asset_links_video_interpolation.sql #13
Ran migration: 52_asset_links_video_interpolation.sql #14
Ran migration: 52_asset_links_video_interpolation.sql #15
Ran migration: 52_asset_links_video_interpolation.sql #16
Ran migration: 52_asset_links_video_interpolation.sql #17
Ran migration: 53_video_upscale_and_billing_reaudit.sql #1
Ran migration: 53_video_upscale_and_billing_reaudit.sql #2
Ran migration: 53_video_upscale_and_billing_reaudit.sql #3
Ran migration: 53_video_upscale_and_billing_reaudit.sql #4
Ran migration: 53_video_upscale_and_billing_reaudit.sql #5
Ran migration: 53_video_upscale_and_billing_reaudit.sql #6
Ran migration: 53_video_upscale_and_billing_reaudit.sql #7
Ran migration: 53_video_upscale_and_billing_reaudit.sql #9
Ran migration: 53_video_upscale_and_billing_reaudit.sql #10
Ran migration: 54_storyboard_optional_video_postprocess.sql #1
Ran migration: 54_storyboard_optional_video_postprocess.sql #2
Ran migration: 54_storyboard_optional_video_postprocess.sql #3
Ran migration: 55_video_intermediate_cleanup_opt_in.sql
Ran migration: 56_fix_mediakit_postprocess_display_fallback_prices.sql #1
Ran migration: 56_fix_mediakit_postprocess_display_fallback_prices.sql #2
Ran migration: 57_mediakit_shared_connection_defaults.sql
Ran migration: 58_storyboard_active_video_version.sql
Ran migration: 59_operations_alert_settings.sql #1
Ran migration: 59_operations_alert_settings.sql #2
Ran migration: 60_operations_report_snapshots.sql
Ran migration: 61_tenant_billing_and_console_isolation.sql #1
Ran migration: 61_tenant_billing_and_console_isolation.sql #2
Ran migration: 61_tenant_billing_and_console_isolation.sql #3
Ran migration: 61_tenant_billing_and_console_isolation.sql #4
Ran migration: 61_tenant_billing_and_console_isolation.sql #5
Ran migration: 61_tenant_billing_and_console_isolation.sql #6
Ran migration: 61_tenant_billing_and_console_isolation.sql #7
Ran migration: 61_tenant_billing_and_console_isolation.sql #8
Ran migration: 61_tenant_billing_and_console_isolation.sql #9
Ran migration: 61_tenant_billing_and_console_isolation.sql #10
Ran migration: 61_tenant_billing_and_console_isolation.sql #11
Ran migration: 61_tenant_billing_and_console_isolation.sql #12
Ran migration: 61_tenant_billing_and_console_isolation.sql #13
Ran migration: 61_tenant_billing_and_console_isolation.sql #14
Ran migration: 61_tenant_billing_and_console_isolation.sql #15
Ran migration: 61_tenant_billing_and_console_isolation.sql #16
Ran migration: 62_migrate_existing_users_to_default_tenant.sql #1
Ran migration: 62_migrate_existing_users_to_default_tenant.sql #2
Ran migration: 62_migrate_existing_users_to_default_tenant.sql #3
Ran migration: 62_migrate_existing_users_to_default_tenant.sql #4
Ran migration: 62_migrate_existing_users_to_default_tenant.sql #5
Ran migration: 63_geeknow_gpt_image_2_price.sql #1
Ran migration: 63_geeknow_gpt_image_2_price.sql #2
Ran migration: 64_default_tenant_price_book_compatibility.sql
Ran migration: 65_tool_run_tenant_scope.sql #1
Ran migration: 65_tool_run_tenant_scope.sql #2
Ran migration: 66_tenant_config_defaults.sql #1
Ran migration: 66_tenant_config_defaults.sql #2
Ran migration: 66_tenant_config_defaults.sql #3
Ran migration: 66_tenant_config_defaults.sql #4
Ran migration: 66_tenant_config_defaults.sql #5
Ran migration: 67_tenant_owned_ai_configs.sql #1
Ran migration: 67_tenant_owned_ai_configs.sql #2
Ran migration: 68_preserve_legacy_default_tenant.sql #1
Ran migration: 68_preserve_legacy_default_tenant.sql #2
Skip migration (table not found, will be ensured later): 69_homepage_default_video_resources.sql - no such table: global_settings
Ran migration: 70_billing_project_usage_snapshots.sql #1
Ran migration: 70_billing_project_usage_snapshots.sql #2
Ran migration: 70_billing_project_usage_snapshots.sql #3
Ran migration: 70_billing_project_usage_snapshots.sql #4
Ran migration: 70_billing_project_usage_snapshots.sql #5
Ran migration: 70_billing_project_usage_snapshots.sql #6
Ran migration: 70_billing_project_usage_snapshots.sql #7
Ran migration: 70_billing_project_usage_snapshots.sql #8
Ran migration: 70_billing_project_usage_snapshots.sql #9
Ran migration: 70_billing_project_usage_snapshots.sql #10
Ran migration: 70_billing_project_usage_snapshots.sql #11
Ran migration: 70_billing_project_usage_snapshots.sql #12
Ran migration: 70_billing_project_usage_snapshots.sql #13
Ran migration: 70_billing_project_usage_snapshots.sql #14
Ran migration: 71_billable_project_context.sql #1
Ran migration: 71_billable_project_context.sql #2
Ran migration: 71_billable_project_context.sql #3
Ran migration: 71_billable_project_context.sql #4
Migrated billing ledger to micro-points: [33m10000[39m
ensureColumns: added storyboards.layout_description (TEXT)
ensureColumns: added storyboards.image_url (TEXT)
ensureColumns: added storyboards.local_path (TEXT)
ensureColumns: added storyboards.main_panel_idx (INTEGER)
ensureColumns: added storyboards.composed_image (TEXT)
ensureColumns: added storyboards.result (TEXT)
ensureColumns: added storyboards.emotion (TEXT)
ensureColumns: added storyboards.emotion_intensity (INTEGER)
ensureColumns: added storyboards.error_msg (TEXT)
ensureColumns: added storyboards.lighting_style (TEXT)
ensureColumns: added storyboards.depth_of_field (TEXT)
ensureColumns: added storyboards.polished_prompt (TEXT)
ensureColumns: added storyboards.continuity_snapshot (TEXT)
ensureColumns: added storyboards.audio_local_path (TEXT)
ensureColumns: added storyboards.narration_audio_local_path (TEXT)
ensureColumns: added storyboards.omni_prompt_document_json (TEXT)
ensureColumns: added storyboards.first_frame_image_id (INTEGER)
ensureColumns: added storyboards.last_frame_image_id (INTEGER)
ensureColumns: added storyboards.last_frame_image_url (TEXT)
ensureColumns: added storyboards.last_frame_local_path (TEXT)
ensureColumns: added characters.extra_images (TEXT)
ensureColumns: added characters.error_msg (TEXT)
ensureColumns: added characters.ref_image (TEXT)
ensureColumns: added characters.seedance2_voice_asset (TEXT)
ensureColumns: added scenes.polished_prompt (TEXT)
ensureColumns: added scenes.extra_images (TEXT)
ensureColumns: added scenes.ref_image (TEXT)
ensureColumns: added scenes.error_msg (TEXT)
ensureColumns: added props.extra_images (TEXT)
ensureColumns: added props.ref_image (TEXT)
ensureColumns: added props.error_msg (TEXT)
ensureColumns: added tenants.is_new_user_default (INTEGER DEFAULT 0)
ensureColumns: added image_generations.episode_id (INTEGER)
ensureColumns: added image_generations.use_first_frame_layout_lock (INTEGER)
ensureColumns: added image_generations.width (INTEGER)
ensureColumns: added image_generations.height (INTEGER)
ensureColumns: added video_generations.resolution (TEXT)
ensureColumns: added video_generations.seed (INTEGER)
ensureColumns: added video_generations.camera_fixed (INTEGER)
ensureColumns: added video_generations.watermark (INTEGER)
ensureColumns: added video_generations.provider_task_id (TEXT)
ensureColumns: added video_generations.archive_status (TEXT)
ensureColumns: added video_generations.archive_error (TEXT)
ensureColumns: added video_generations.archive_attempts (INTEGER NOT NULL DEFAULT 0)
ensureColumns: added video_generations.archived_at (TEXT)
ensureColumns: added video_merges.merge_options (TEXT)
ensureColumns: added video_merges.merged_url (TEXT)
ensureColumns: added video_merges.duration (INTEGER)
ensureColumns: added video_merges.completed_at (TEXT)
ensureColumns: added video_merges.error_msg (TEXT)
ensureColumns: added assets.reference_alias (TEXT)
ensureColumns: added assets.archived_at (TEXT)
ensureColumns: added omni_video_jobs.storyboard_id (INTEGER)
[32m✔ billing settles real provider usage above the authorization when the released balance covers it [90m(698.6146ms)[39m[39m
[32m✔ usage summary keeps project attribution as an authorization-time snapshot and separates unassigned history [90m(607.7537ms)[39m[39m
[32m✔ project snapshot backfill only restores an unambiguous owned generation [90m(508.2459ms)[39m[39m
[32m✔ billing keeps the authorization frozen for reconciliation when actual usage exceeds releasable balance [90m(372.9366ms)[39m[39m
[32m✔ an administrator can collect a historical capped-settlement difference exactly once [90m(408.3815ms)[39m[39m
[32m✔ bulk historical settlement repair collects every eligible user and reports insufficient balances [90m(433.7617ms)[39m[39m
[32m✔ setting a balance targets the requested amount instead of adding to it [90m(408.3741ms)[39m[39m
[32m✔ admin grants are additive and idempotent while lifetime consumption remains independent [90m(393.3557ms)[39m[39m
[32m✔ billing, usage, and audit logs expose stable server-side pagination [90m(321.3745ms)[39m[39m
[32m✔ expired reconciliation releases the frozen authorization and leaves an audit trail [90m(250.4444ms)[39m[39m
[32m✔ three pending reconciliations for one model rate-limit later calls [90m(254.9211ms)[39m[39m
[32m✔ passwords have no format rule beyond being non-empty [90m(272.3167ms)[39m[39m
[32m✔ self registration creates a normal user and an authenticated session [90m(260.7054ms)[39m[39m
[32m✔ a user can change a unique username and receives a session for the new identity [90m(219.779ms)[39m[39m
[32m✔ published price books require explicit, positive or free prices [90m(205.9156ms)[39m[39m
[32m✔ conditional video token rates use integer points with no floating point drift [90m(346.0836ms)[39m[39m
[32m✔ conditional video rates prefer the most specific matching rule and reject ambiguity [90m(411.0896ms)[39m[39m
[32m✔ token price tiers use only canonical usage and reject uncovered ranges [90m(274.8917ms)[39m[39m
[32m✔ micro-points preserve a non-zero charge for low token usage [90m(247.8962ms)[39m[39m
[32m✔ billing precision migration is idempotent after the ledger is converted [90m(271.6558ms)[39m[39m
[32m✔ creator model list never exposes provider credentials [90m(204.0384ms)[39m[39m
[32m✔ custom provider billing keys isolate identical provider model names [90m(226.8561ms)[39m[39m
[32m✔ drama listing is scoped by owner [90m(355.1346ms)[39m[39m
[32m✔ omni sequences and tool runs stay scoped and settle their authorization [90m(341.4957ms)[39m[39m
Ran migration: 01_init.sql #1
Ran migration: 01_init.sql #2
Ran migration: 01_init.sql #3
Ran migration: 01_init.sql #4
Ran migration: 01_init.sql #5
Ran migration: 01_init.sql #6
Ran migration: 01_init.sql #7
Ran migration: 01_init.sql #8
Ran migration: 01_init.sql #9
Ran migration: 01_init.sql #10
Ran migration: 01_init.sql #11
Ran migration: 01_init.sql #12
Ran migration: 01_init.sql #13
Ran migration: 01_init.sql #14
Ran migration: 01_init.sql #15
Ran migration: 01_init.sql #16
Ran migration: 01_init.sql #17
Ran migration: 01_init.sql #18
Skip (already exists): 02_add_default_model.sql
Ran migration: 03_add_props_episode_id.sql
Skip (already exists): 04_async_tasks_columns.sql #1
Skip (already exists): 04_async_tasks_columns.sql #2
Skip (already exists): 04_async_tasks_columns.sql #3
Skip (already exists): 05_add_image_generations_completed_at.sql #1
Skip (already exists): 05_add_image_generations_completed_at.sql #2
Skip (already exists): 06_add_characters_local_path.sql
Skip (already exists): 07_add_scenes_image_columns.sql #1
Skip (already exists): 07_add_scenes_image_columns.sql #2
Skip (already exists): 08_add_video_generations_completed_at.sql #1
Skip (already exists): 08_add_video_generations_completed_at.sql #2
Ran migration: 09_scene_prop_libraries.sql #1
Ran migration: 09_scene_prop_libraries.sql #2
Ran migration: 10_prompt_overrides.sql
Ran migration: 11_add_api_protocol.sql
Ran migration: 12_image_proxy_cache.sql
Ran migration: 13_character_identity_anchors.sql #1
Ran migration: 13_character_identity_anchors.sql #2
Ran migration: 13_character_identity_anchors.sql #3
Ran migration: 13_character_identity_anchors.sql #4
Ran migration: 13_character_identity_anchors.sql #5
Ran migration: 13_character_identity_anchors.sql #6
Ran migration: 13_character_identity_anchors.sql #7
Ran migration: 13_character_identity_anchors.sql #8
Ran migration: 13_character_identity_anchors.sql #9
Ran migration: 14_storyboard_segments_and_model_map.sql #1
Ran migration: 14_storyboard_segments_and_model_map.sql #2
Ran migration: 14_storyboard_segments_and_model_map.sql #3
Ran migration: 15_storyboard_angle_structured.sql #1
Ran migration: 15_storyboard_angle_structured.sql #2
Ran migration: 15_storyboard_angle_structured.sql #3
Ran migration: 16_character_polished_prompt.sql
Ran migration: 17_character_stages.sql
Ran migration: 18_storyboard_narration.sql
Ran migration: 19_storyboard_universal_mode.sql #1
Ran migration: 19_storyboard_universal_mode.sql #2
Ran migration: 20_character_seedance2_asset.sql
Ran migration: 21_asset_negative_prompt.sql #1
Ran migration: 21_asset_negative_prompt.sql #2
Ran migration: 21_asset_negative_prompt.sql #3
Skip (already exists): 22_library_source_id.sql #1
Skip (already exists): 22_library_source_id.sql #2
Skip (already exists): 22_library_source_id.sql #3
Skip (already exists): 22_library_source_id.sql #4
Skip (already exists): 22_library_source_id.sql #5
Skip (already exists): 22_library_source_id.sql #6
Ran migration: 22_library_source_id.sql #7
Ran migration: 22_library_source_id.sql #8
Ran migration: 22_library_source_id.sql #9
Ran migration: 23_omni_video_workbench.sql #1
Ran migration: 23_omni_video_workbench.sql #2
Ran migration: 23_omni_video_workbench.sql #3
Ran migration: 23_omni_video_workbench.sql #4
Ran migration: 23_omni_video_workbench.sql #5
Ran migration: 23_omni_video_workbench.sql #6
Ran migration: 23_omni_video_workbench.sql #7
Ran migration: 23_omni_video_workbench.sql #8
Ran migration: 23_omni_video_workbench.sql #9
Ran migration: 23_omni_video_workbench.sql #10
Ran migration: 23_omni_video_workbench.sql #11
Ran migration: 23_omni_video_workbench.sql #12
Ran migration: 24_asset_seedance2_certification.sql
Ran migration: 25_omni_sequences.sql #1
Ran migration: 25_omni_sequences.sql #2
Ran migration: 25_omni_sequences.sql #3
Ran migration: 25_omni_sequences.sql #4
Ran migration: 25_omni_sequences.sql #5
Ran migration: 26_omni_workbench_improvements.sql #1
Ran migration: 26_omni_workbench_improvements.sql #2
Ran migration: 27_ai_toolbox.sql #1
Ran migration: 27_ai_toolbox.sql #2
Ran migration: 27_ai_toolbox.sql #3
Ran migration: 27_ai_toolbox.sql #4
Ran migration: 27_ai_toolbox.sql #5
Ran migration: 27_ai_toolbox.sql #6
Ran migration: 27_ai_toolbox.sql #7
Ran migration: 28_storyboard_generation_settings.sql #1
Ran migration: 28_storyboard_generation_settings.sql #2
Ran migration: 28_storyboard_generation_settings.sql #3
Ran migration: 28_storyboard_generation_settings.sql #4
Ran migration: 29_resource_seedance2_asset.sql #1
Ran migration: 29_resource_seedance2_asset.sql #2
Ran migration: 30_storyboard_omni_assets.sql #1
Ran migration: 30_storyboard_omni_assets.sql #2
Ran migration: 30_storyboard_omni_assets.sql #3
Ran migration: 30_storyboard_omni_assets.sql #4
Ran migration: 30_storyboard_omni_assets.sql #5
Ran migration: 30_storyboard_omni_assets.sql #6
Ran migration: 30_storyboard_omni_assets.sql #7
Ran migration: 30_storyboard_omni_assets.sql #8
Ran migration: 30_storyboard_omni_assets.sql #9
Ran migration: 31_storyboard_sort_order.sql
Ran migration: 32_asset_favorites.sql
Ran migration: 33_auth_billing_admin.sql #1
Ran migration: 33_auth_billing_admin.sql #2
Ran migration: 33_auth_billing_admin.sql #3
Ran migration: 33_auth_billing_admin.sql #4
Ran migration: 33_auth_billing_admin.sql #5
Ran migration: 33_auth_billing_admin.sql #6
Ran migration: 33_auth_billing_admin.sql #7
Ran migration: 33_auth_billing_admin.sql #8
Ran migration: 33_auth_billing_admin.sql #9
Ran migration: 33_auth_billing_admin.sql #10
Ran migration: 33_auth_billing_admin.sql #11
Ran migration: 33_auth_billing_admin.sql #12
Ran migration: 33_auth_billing_admin.sql #13
Ran migration: 33_auth_billing_admin.sql #14
Ran migration: 33_auth_billing_admin.sql #15
Ran migration: 33_auth_billing_admin.sql #16
Ran migration: 33_auth_billing_admin.sql #17
Ran migration: 33_auth_billing_admin.sql #18
Ran migration: 33_auth_billing_admin.sql #19
Ran migration: 33_auth_billing_admin.sql #20
Ran migration: 33_auth_billing_admin.sql #21
Ran migration: 34_workflow_ownership.sql #1
Ran migration: 34_workflow_ownership.sql #2
Ran migration: 34_workflow_ownership.sql #3
Ran migration: 34_workflow_ownership.sql #4
Ran migration: 34_workflow_ownership.sql #5
Ran migration: 34_workflow_ownership.sql #6
Ran migration: 34_workflow_ownership.sql #7
Ran migration: 35_runtime_auth_settings.sql
Ran migration: 36_volcengine_seedream_official_prices.sql #1
Ran migration: 36_volcengine_seedream_official_prices.sql #2
Ran migration: 36_volcengine_seedream_official_prices.sql #3
Ran migration: 37_points_ratio_and_volcengine_video_prices.sql #1
Ran migration: 37_points_ratio_and_volcengine_video_prices.sql #2
Ran migration: 37_points_ratio_and_volcengine_video_prices.sql #3
Ran migration: 37_points_ratio_and_volcengine_video_prices.sql #4
Ran migration: 37_points_ratio_and_volcengine_video_prices.sql #5
Ran migration: 37_points_ratio_and_volcengine_video_prices.sql #6
Ran migration: 37_points_ratio_and_volcengine_video_prices.sql #7
Ran migration: 37_points_ratio_and_volcengine_video_prices.sql #8
Ran migration: 38_seedance_video_rate_contexts.sql #1
Ran migration: 38_seedance_video_rate_contexts.sql #2
Ran migration: 39_billing_key_for_custom_providers.sql #1
Ran migration: 39_billing_key_for_custom_providers.sql #2
Ran migration: 40_volcengine_text_tts_official_prices.sql #1
Ran migration: 40_volcengine_text_tts_official_prices.sql #2
Ran migration: 40_volcengine_text_tts_official_prices.sql #3
Ran migration: 40_volcengine_text_tts_official_prices.sql #4
Ran migration: 40_volcengine_text_tts_official_prices.sql #5
Ran migration: 41_billing_reconciliation.sql #1
Ran migration: 41_billing_reconciliation.sql #2
Ran migration: 41_billing_reconciliation.sql #3
Ran migration: 42_volcengine_seed_2_lite_prices.sql #1
Ran migration: 42_volcengine_seed_2_lite_prices.sql #2
Ran migration: 43_video_usage_output_meter_and_snapshot.sql #1
Ran migration: 43_video_usage_output_meter_and_snapshot.sql #2
Ran migration: 43_video_usage_output_meter_and_snapshot.sql #3
Ran migration: 44_deduplicate_video_output_meters.sql #1
Ran migration: 44_deduplicate_video_output_meters.sql #2
Ran migration: 45_remove_legacy_model_permissions.sql
Ran migration: 46_seed_2_lite_context_tier.sql #1
Ran migration: 46_seed_2_lite_context_tier.sql #2
Ran migration: 46_seed_2_lite_context_tier.sql #3
Ran migration: 47_seedance_2_mini_price.sql #1
Ran migration: 47_seedance_2_mini_price.sql #2
Ran migration: 48_media_archive_records.sql #1
Ran migration: 48_media_archive_records.sql #2
Ran migration: 49_seedance_2_5_price.sql #1
Ran migration: 49_seedance_2_5_price.sql #2
Ran migration: 50_storyboard_generation_inheritance.sql #1
Ran migration: 50_storyboard_generation_inheritance.sql #2
Ran migration: 51_video_poster_path.sql
Ran migration: 52_asset_links_video_interpolation.sql #1
Ran migration: 52_asset_links_video_interpolation.sql #2
Ran migration: 52_asset_links_video_interpolation.sql #3
Ran migration: 52_asset_links_video_interpolation.sql #4
Ran migration: 52_asset_links_video_interpolation.sql #5
Ran migration: 52_asset_links_video_interpolation.sql #6
Ran migration: 52_asset_links_video_interpolation.sql #7
Ran migration: 52_asset_links_video_interpolation.sql #8
Ran migration: 52_asset_links_video_interpolation.sql #9
Ran migration: 52_asset_links_video_interpolation.sql #10
Ran migration: 52_asset_links_video_interpolation.sql #11
Ran migration: 52_asset_links_video_interpolation.sql #12
Ran migration: 52_asset_links_video_interpolation.sql #13
Ran migration: 52_asset_links_video_interpolation.sql #14
Ran migration: 52_asset_links_video_interpolation.sql #15
Ran migration: 52_asset_links_video_interpolation.sql #16
Ran migration: 52_asset_links_video_interpolation.sql #17
Ran migration: 53_video_upscale_and_billing_reaudit.sql #1
Ran migration: 53_video_upscale_and_billing_reaudit.sql #2
Ran migration: 53_video_upscale_and_billing_reaudit.sql #3
Ran migration: 53_video_upscale_and_billing_reaudit.sql #4
Ran migration: 53_video_upscale_and_billing_reaudit.sql #5
Ran migration: 53_video_upscale_and_billing_reaudit.sql #6
Ran migration: 53_video_upscale_and_billing_reaudit.sql #7
Ran migration: 53_video_upscale_and_billing_reaudit.sql #9
Ran migration: 53_video_upscale_and_billing_reaudit.sql #10
Ran migration: 54_storyboard_optional_video_postprocess.sql #1
Ran migration: 54_storyboard_optional_video_postprocess.sql #2
Ran migration: 54_storyboard_optional_video_postprocess.sql #3
Ran migration: 55_video_intermediate_cleanup_opt_in.sql
Ran migration: 56_fix_mediakit_postprocess_display_fallback_prices.sql #1
Ran migration: 56_fix_mediakit_postprocess_display_fallback_prices.sql #2
Ran migration: 57_mediakit_shared_connection_defaults.sql
Ran migration: 58_storyboard_active_video_version.sql
Ran migration: 59_operations_alert_settings.sql #1
Ran migration: 59_operations_alert_settings.sql #2
Ran migration: 60_operations_report_snapshots.sql
Ran migration: 61_tenant_billing_and_console_isolation.sql #1
Ran migration: 61_tenant_billing_and_console_isolation.sql #2
Ran migration: 61_tenant_billing_and_console_isolation.sql #3
Ran migration: 61_tenant_billing_and_console_isolation.sql #4
Ran migration: 61_tenant_billing_and_console_isolation.sql #5
Ran migration: 61_tenant_billing_and_console_isolation.sql #6
Ran migration: 61_tenant_billing_and_console_isolation.sql #7
Ran migration: 61_tenant_billing_and_console_isolation.sql #8
Ran migration: 61_tenant_billing_and_console_isolation.sql #9
Ran migration: 61_tenant_billing_and_console_isolation.sql #10
Ran migration: 61_tenant_billing_and_console_isolation.sql #11
Ran migration: 61_tenant_billing_and_console_isolation.sql #12
Ran migration: 61_tenant_billing_and_console_isolation.sql #13
Ran migration: 61_tenant_billing_and_console_isolation.sql #14
Ran migration: 61_tenant_billing_and_console_isolation.sql #15
Ran migration: 61_tenant_billing_and_console_isolation.sql #16
Ran migration: 62_migrate_existing_users_to_default_tenant.sql #1
Ran migration: 62_migrate_existing_users_to_default_tenant.sql #2
Ran migration: 62_migrate_existing_users_to_default_tenant.sql #3
Ran migration: 62_migrate_existing_users_to_default_tenant.sql #4
Ran migration: 62_migrate_existing_users_to_default_tenant.sql #5
Ran migration: 63_geeknow_gpt_image_2_price.sql #1
Ran migration: 63_geeknow_gpt_image_2_price.sql #2
Ran migration: 64_default_tenant_price_book_compatibility.sql
Ran migration: 65_tool_run_tenant_scope.sql #1
Ran migration: 65_tool_run_tenant_scope.sql #2
Ran migration: 66_tenant_config_defaults.sql #1
Ran migration: 66_tenant_config_defaults.sql #2
Ran migration: 66_tenant_config_defaults.sql #3
Ran migration: 66_tenant_config_defaults.sql #4
Ran migration: 66_tenant_config_defaults.sql #5
Ran migration: 67_tenant_owned_ai_configs.sql #1
Ran migration: 67_tenant_owned_ai_configs.sql #2
Ran migration: 68_preserve_legacy_default_tenant.sql #1
Ran migration: 68_preserve_legacy_default_tenant.sql #2
Skip migration (table not found, will be ensured later): 69_homepage_default_video_resources.sql - no such table: global_settings
Ran migration: 70_billing_project_usage_snapshots.sql #1
Ran migration: 70_billing_project_usage_snapshots.sql #2
Ran migration: 70_billing_project_usage_snapshots.sql #3
Ran migration: 70_billing_project_usage_snapshots.sql #4
Ran migration: 70_billing_project_usage_snapshots.sql #5
Ran migration: 70_billing_project_usage_snapshots.sql #6
Ran migration: 70_billing_project_usage_snapshots.sql #7
Ran migration: 70_billing_project_usage_snapshots.sql #8
Ran migration: 70_billing_project_usage_snapshots.sql #9
Ran migration: 70_billing_project_usage_snapshots.sql #10
Ran migration: 70_billing_project_usage_snapshots.sql #11
Ran migration: 70_billing_project_usage_snapshots.sql #12
Ran migration: 70_billing_project_usage_snapshots.sql #13
Ran migration: 70_billing_project_usage_snapshots.sql #14
Ran migration: 71_billable_project_context.sql #1
Ran migration: 71_billable_project_context.sql #2
Ran migration: 71_billable_project_context.sql #3
Ran migration: 71_billable_project_context.sql #4
Migrated billing ledger to micro-points: [33m10000[39m
ensureColumns: added storyboards.layout_description (TEXT)
ensureColumns: added storyboards.image_url (TEXT)
ensureColumns: added storyboards.local_path (TEXT)
ensureColumns: added storyboards.main_panel_idx (INTEGER)
ensureColumns: added storyboards.composed_image (TEXT)
ensureColumns: added storyboards.result (TEXT)
ensureColumns: added storyboards.emotion (TEXT)
ensureColumns: added storyboards.emotion_intensity (INTEGER)
ensureColumns: added storyboards.error_msg (TEXT)
ensureColumns: added storyboards.lighting_style (TEXT)
ensureColumns: added storyboards.depth_of_field (TEXT)
ensureColumns: added storyboards.polished_prompt (TEXT)
ensureColumns: added storyboards.continuity_snapshot (TEXT)
ensureColumns: added storyboards.audio_local_path (TEXT)
ensureColumns: added storyboards.narration_audio_local_path (TEXT)
ensureColumns: added storyboards.omni_prompt_document_json (TEXT)
ensureColumns: added storyboards.first_frame_image_id (INTEGER)
ensureColumns: added storyboards.last_frame_image_id (INTEGER)
ensureColumns: added storyboards.last_frame_image_url (TEXT)
ensureColumns: added storyboards.last_frame_local_path (TEXT)
ensureColumns: added characters.extra_images (TEXT)
ensureColumns: added characters.error_msg (TEXT)
ensureColumns: added characters.ref_image (TEXT)
ensureColumns: added characters.seedance2_voice_asset (TEXT)
ensureColumns: added scenes.polished_prompt (TEXT)
ensureColumns: added scenes.extra_images (TEXT)
ensureColumns: added scenes.ref_image (TEXT)
ensureColumns: added scenes.error_msg (TEXT)
ensureColumns: added props.extra_images (TEXT)
ensureColumns: added props.ref_image (TEXT)
ensureColumns: added props.error_msg (TEXT)
ensureColumns: added tenants.is_new_user_default (INTEGER DEFAULT 0)
ensureColumns: added image_generations.episode_id (INTEGER)
ensureColumns: added image_generations.use_first_frame_layout_lock (INTEGER)
ensureColumns: added image_generations.width (INTEGER)
ensureColumns: added image_generations.height (INTEGER)
ensureColumns: added video_generations.resolution (TEXT)
ensureColumns: added video_generations.seed (INTEGER)
ensureColumns: added video_generations.camera_fixed (INTEGER)
ensureColumns: added video_generations.watermark (INTEGER)
ensureColumns: added video_generations.provider_task_id (TEXT)
ensureColumns: added video_generations.archive_status (TEXT)
ensureColumns: added video_generations.archive_error (TEXT)
ensureColumns: added video_generations.archive_attempts (INTEGER NOT NULL DEFAULT 0)
ensureColumns: added video_generations.archived_at (TEXT)
ensureColumns: added video_merges.merge_options (TEXT)
ensureColumns: added video_merges.merged_url (TEXT)
ensureColumns: added video_merges.duration (INTEGER)
ensureColumns: added video_merges.completed_at (TEXT)
ensureColumns: added video_merges.error_msg (TEXT)
ensureColumns: added assets.reference_alias (TEXT)
ensureColumns: added assets.archived_at (TEXT)
ensureColumns: added omni_video_jobs.storyboard_id (INTEGER)
Ran migration: 01_init.sql #1
Ran migration: 01_init.sql #2
Ran migration: 01_init.sql #3
Ran migration: 01_init.sql #4
Ran migration: 01_init.sql #5
Ran migration: 01_init.sql #6
Ran migration: 01_init.sql #7
Ran migration: 01_init.sql #8
Ran migration: 01_init.sql #9
Ran migration: 01_init.sql #10
Ran migration: 01_init.sql #11
Ran migration: 01_init.sql #12
Ran migration: 01_init.sql #13
Ran migration: 01_init.sql #14
Ran migration: 01_init.sql #15
Ran migration: 01_init.sql #16
Ran migration: 01_init.sql #17
Ran migration: 01_init.sql #18
Skip (already exists): 02_add_default_model.sql
Ran migration: 03_add_props_episode_id.sql
Skip (already exists): 04_async_tasks_columns.sql #1
Skip (already exists): 04_async_tasks_columns.sql #2
Skip (already exists): 04_async_tasks_columns.sql #3
Skip (already exists): 05_add_image_generations_completed_at.sql #1
Skip (already exists): 05_add_image_generations_completed_at.sql #2
Skip (already exists): 06_add_characters_local_path.sql
Skip (already exists): 07_add_scenes_image_columns.sql #1
Skip (already exists): 07_add_scenes_image_columns.sql #2
Skip (already exists): 08_add_video_generations_completed_at.sql #1
Skip (already exists): 08_add_video_generations_completed_at.sql #2
Ran migration: 09_scene_prop_libraries.sql #1
Ran migration: 09_scene_prop_libraries.sql #2
Ran migration: 10_prompt_overrides.sql
Ran migration: 11_add_api_protocol.sql
Ran migration: 12_image_proxy_cache.sql
Ran migration: 13_character_identity_anchors.sql #1
Ran migration: 13_character_identity_anchors.sql #2
Ran migration: 13_character_identity_anchors.sql #3
Ran migration: 13_character_identity_anchors.sql #4
Ran migration: 13_character_identity_anchors.sql #5
Ran migration: 13_character_identity_anchors.sql #6
Ran migration: 13_character_identity_anchors.sql #7
Ran migration: 13_character_identity_anchors.sql #8
Ran migration: 13_character_identity_anchors.sql #9
Ran migration: 14_storyboard_segments_and_model_map.sql #1
Ran migration: 14_storyboard_segments_and_model_map.sql #2
Ran migration: 14_storyboard_segments_and_model_map.sql #3
Ran migration: 15_storyboard_angle_structured.sql #1
Ran migration: 15_storyboard_angle_structured.sql #2
Ran migration: 15_storyboard_angle_structured.sql #3
Ran migration: 16_character_polished_prompt.sql
Ran migration: 17_character_stages.sql
Ran migration: 18_storyboard_narration.sql
Ran migration: 19_storyboard_universal_mode.sql #1
Ran migration: 19_storyboard_universal_mode.sql #2
Ran migration: 20_character_seedance2_asset.sql
Ran migration: 21_asset_negative_prompt.sql #1
Ran migration: 21_asset_negative_prompt.sql #2
Ran migration: 21_asset_negative_prompt.sql #3
Skip (already exists): 22_library_source_id.sql #1
Skip (already exists): 22_library_source_id.sql #2
Skip (already exists): 22_library_source_id.sql #3
Skip (already exists): 22_library_source_id.sql #4
Skip (already exists): 22_library_source_id.sql #5
Skip (already exists): 22_library_source_id.sql #6
Ran migration: 22_library_source_id.sql #7
Ran migration: 22_library_source_id.sql #8
Ran migration: 22_library_source_id.sql #9
Ran migration: 23_omni_video_workbench.sql #1
Ran migration: 23_omni_video_workbench.sql #2
Ran migration: 23_omni_video_workbench.sql #3
Ran migration: 23_omni_video_workbench.sql #4
Ran migration: 23_omni_video_workbench.sql #5
Ran migration: 23_omni_video_workbench.sql #6
Ran migration: 23_omni_video_workbench.sql #7
Ran migration: 23_omni_video_workbench.sql #8
Ran migration: 23_omni_video_workbench.sql #9
Ran migration: 23_omni_video_workbench.sql #10
Ran migration: 23_omni_video_workbench.sql #11
Ran migration: 23_omni_video_workbench.sql #12
Ran migration: 24_asset_seedance2_certification.sql
Ran migration: 25_omni_sequences.sql #1
Ran migration: 25_omni_sequences.sql #2
Ran migration: 25_omni_sequences.sql #3
Ran migration: 25_omni_sequences.sql #4
Ran migration: 25_omni_sequences.sql #5
Ran migration: 26_omni_workbench_improvements.sql #1
Ran migration: 26_omni_workbench_improvements.sql #2
Ran migration: 27_ai_toolbox.sql #1
Ran migration: 27_ai_toolbox.sql #2
Ran migration: 27_ai_toolbox.sql #3
Ran migration: 27_ai_toolbox.sql #4
Ran migration: 27_ai_toolbox.sql #5
Ran migration: 27_ai_toolbox.sql #6
Ran migration: 27_ai_toolbox.sql #7
Ran migration: 28_storyboard_generation_settings.sql #1
Ran migration: 28_storyboard_generation_settings.sql #2
Ran migration: 28_storyboard_generation_settings.sql #3
Ran migration: 28_storyboard_generation_settings.sql #4
Ran migration: 29_resource_seedance2_asset.sql #1
Ran migration: 29_resource_seedance2_asset.sql #2
Ran migration: 30_storyboard_omni_assets.sql #1
Ran migration: 30_storyboard_omni_assets.sql #2
Ran migration: 30_storyboard_omni_assets.sql #3
Ran migration: 30_storyboard_omni_assets.sql #4
Ran migration: 30_storyboard_omni_assets.sql #5
Ran migration: 30_storyboard_omni_assets.sql #6
Ran migration: 30_storyboard_omni_assets.sql #7
Ran migration: 30_storyboard_omni_assets.sql #8
Ran migration: 30_storyboard_omni_assets.sql #9
Ran migration: 31_storyboard_sort_order.sql
Ran migration: 32_asset_favorites.sql
Ran migration: 33_auth_billing_admin.sql #1
Ran migration: 33_auth_billing_admin.sql #2
Ran migration: 33_auth_billing_admin.sql #3
Ran migration: 33_auth_billing_admin.sql #4
Ran migration: 33_auth_billing_admin.sql #5
Ran migration: 33_auth_billing_admin.sql #6
Ran migration: 33_auth_billing_admin.sql #7
Ran migration: 33_auth_billing_admin.sql #8
Ran migration: 33_auth_billing_admin.sql #9
Ran migration: 33_auth_billing_admin.sql #10
Ran migration: 33_auth_billing_admin.sql #11
Ran migration: 33_auth_billing_admin.sql #12
Ran migration: 33_auth_billing_admin.sql #13
Ran migration: 33_auth_billing_admin.sql #14
Ran migration: 33_auth_billing_admin.sql #15
Ran migration: 33_auth_billing_admin.sql #16
Ran migration: 33_auth_billing_admin.sql #17
Ran migration: 33_auth_billing_admin.sql #18
Ran migration: 33_auth_billing_admin.sql #19
Ran migration: 33_auth_billing_admin.sql #20
Ran migration: 33_auth_billing_admin.sql #21
Ran migration: 34_workflow_ownership.sql #1
Ran migration: 34_workflow_ownership.sql #2
Ran migration: 34_workflow_ownership.sql #3
Ran migration: 34_workflow_ownership.sql #4
Ran migration: 34_workflow_ownership.sql #5
Ran migration: 34_workflow_ownership.sql #6
Ran migration: 34_workflow_ownership.sql #7
Ran migration: 35_runtime_auth_settings.sql
Ran migration: 36_volcengine_seedream_official_prices.sql #1
Ran migration: 36_volcengine_seedream_official_prices.sql #2
Ran migration: 36_volcengine_seedream_official_prices.sql #3
Ran migration: 37_points_ratio_and_volcengine_video_prices.sql #1
Ran migration: 37_points_ratio_and_volcengine_video_prices.sql #2
Ran migration: 37_points_ratio_and_volcengine_video_prices.sql #3
Ran migration: 37_points_ratio_and_volcengine_video_prices.sql #4
Ran migration: 37_points_ratio_and_volcengine_video_prices.sql #5
Ran migration: 37_points_ratio_and_volcengine_video_prices.sql #6
Ran migration: 37_points_ratio_and_volcengine_video_prices.sql #7
Ran migration: 37_points_ratio_and_volcengine_video_prices.sql #8
Ran migration: 38_seedance_video_rate_contexts.sql #1
Ran migration: 38_seedance_video_rate_contexts.sql #2
Ran migration: 39_billing_key_for_custom_providers.sql #1
Ran migration: 39_billing_key_for_custom_providers.sql #2
Ran migration: 40_volcengine_text_tts_official_prices.sql #1
Ran migration: 40_volcengine_text_tts_official_prices.sql #2
Ran migration: 40_volcengine_text_tts_official_prices.sql #3
Ran migration: 40_volcengine_text_tts_official_prices.sql #4
Ran migration: 40_volcengine_text_tts_official_prices.sql #5
Ran migration: 41_billing_reconciliation.sql #1
Ran migration: 41_billing_reconciliation.sql #2
Ran migration: 41_billing_reconciliation.sql #3
Ran migration: 42_volcengine_seed_2_lite_prices.sql #1
Ran migration: 42_volcengine_seed_2_lite_prices.sql #2
Ran migration: 43_video_usage_output_meter_and_snapshot.sql #1
Ran migration: 43_video_usage_output_meter_and_snapshot.sql #2
Ran migration: 43_video_usage_output_meter_and_snapshot.sql #3
Ran migration: 44_deduplicate_video_output_meters.sql #1
Ran migration: 44_deduplicate_video_output_meters.sql #2
Ran migration: 45_remove_legacy_model_permissions.sql
Ran migration: 46_seed_2_lite_context_tier.sql #1
Ran migration: 46_seed_2_lite_context_tier.sql #2
Ran migration: 46_seed_2_lite_context_tier.sql #3
Ran migration: 47_seedance_2_mini_price.sql #1
Ran migration: 47_seedance_2_mini_price.sql #2
Ran migration: 48_media_archive_records.sql #1
Ran migration: 48_media_archive_records.sql #2
Ran migration: 49_seedance_2_5_price.sql #1
Ran migration: 49_seedance_2_5_price.sql #2
Ran migration: 50_storyboard_generation_inheritance.sql #1
Ran migration: 50_storyboard_generation_inheritance.sql #2
Ran migration: 51_video_poster_path.sql
Ran migration: 52_asset_links_video_interpolation.sql #1
Ran migration: 52_asset_links_video_interpolation.sql #2
Ran migration: 52_asset_links_video_interpolation.sql #3
Ran migration: 52_asset_links_video_interpolation.sql #4
Ran migration: 52_asset_links_video_interpolation.sql #5
Ran migration: 52_asset_links_video_interpolation.sql #6
Ran migration: 52_asset_links_video_interpolation.sql #7
Ran migration: 52_asset_links_video_interpolation.sql #8
Ran migration: 52_asset_links_video_interpolation.sql #9
Ran migration: 52_asset_links_video_interpolation.sql #10
Ran migration: 52_asset_links_video_interpolation.sql #11
Ran migration: 52_asset_links_video_interpolation.sql #12
Ran migration: 52_asset_links_video_interpolation.sql #13
Ran migration: 52_asset_links_video_interpolation.sql #14
Ran migration: 52_asset_links_video_interpolation.sql #15
Ran migration: 52_asset_links_video_interpolation.sql #16
Ran migration: 52_asset_links_video_interpolation.sql #17
Ran migration: 53_video_upscale_and_billing_reaudit.sql #1
Ran migration: 53_video_upscale_and_billing_reaudit.sql #2
Ran migration: 53_video_upscale_and_billing_reaudit.sql #3
Ran migration: 53_video_upscale_and_billing_reaudit.sql #4
Ran migration: 53_video_upscale_and_billing_reaudit.sql #5
Ran migration: 53_video_upscale_and_billing_reaudit.sql #6
Ran migration: 53_video_upscale_and_billing_reaudit.sql #7
Ran migration: 53_video_upscale_and_billing_reaudit.sql #9
Ran migration: 53_video_upscale_and_billing_reaudit.sql #10
Ran migration: 54_storyboard_optional_video_postprocess.sql #1
Ran migration: 54_storyboard_optional_video_postprocess.sql #2
Ran migration: 54_storyboard_optional_video_postprocess.sql #3
Ran migration: 55_video_intermediate_cleanup_opt_in.sql
Ran migration: 56_fix_mediakit_postprocess_display_fallback_prices.sql #1
Ran migration: 56_fix_mediakit_postprocess_display_fallback_prices.sql #2
Ran migration: 57_mediakit_shared_connection_defaults.sql
Ran migration: 58_storyboard_active_video_version.sql
Ran migration: 59_operations_alert_settings.sql #1
Ran migration: 59_operations_alert_settings.sql #2
Ran migration: 60_operations_report_snapshots.sql
Ran migration: 61_tenant_billing_and_console_isolation.sql #1
Ran migration: 61_tenant_billing_and_console_isolation.sql #2
Ran migration: 61_tenant_billing_and_console_isolation.sql #3
Ran migration: 61_tenant_billing_and_console_isolation.sql #4
Ran migration: 61_tenant_billing_and_console_isolation.sql #5
Ran migration: 61_tenant_billing_and_console_isolation.sql #6
Ran migration: 61_tenant_billing_and_console_isolation.sql #7
Ran migration: 61_tenant_billing_and_console_isolation.sql #8
Ran migration: 61_tenant_billing_and_console_isolation.sql #9
Ran migration: 61_tenant_billing_and_console_isolation.sql #10
Ran migration: 61_tenant_billing_and_console_isolation.sql #11
Ran migration: 61_tenant_billing_and_console_isolation.sql #12
Ran migration: 61_tenant_billing_and_console_isolation.sql #13
Ran migration: 61_tenant_billing_and_console_isolation.sql #14
Ran migration: 61_tenant_billing_and_console_isolation.sql #15
Ran migration: 61_tenant_billing_and_console_isolation.sql #16
Ran migration: 62_migrate_existing_users_to_default_tenant.sql #1
Ran migration: 62_migrate_existing_users_to_default_tenant.sql #2
Ran migration: 62_migrate_existing_users_to_default_tenant.sql #3
Ran migration: 62_migrate_existing_users_to_default_tenant.sql #4
Ran migration: 62_migrate_existing_users_to_default_tenant.sql #5
Ran migration: 63_geeknow_gpt_image_2_price.sql #1
Ran migration: 63_geeknow_gpt_image_2_price.sql #2
Ran migration: 64_default_tenant_price_book_compatibility.sql
Ran migration: 65_tool_run_tenant_scope.sql #1
Ran migration: 65_tool_run_tenant_scope.sql #2
Ran migration: 66_tenant_config_defaults.sql #1
Ran migration: 66_tenant_config_defaults.sql #2
Ran migration: 66_tenant_config_defaults.sql #3
Ran migration: 66_tenant_config_defaults.sql #4
Ran migration: 66_tenant_config_defaults.sql #5
Ran migration: 67_tenant_owned_ai_configs.sql #1
Ran migration: 67_tenant_owned_ai_configs.sql #2
Ran migration: 68_preserve_legacy_default_tenant.sql #1
Ran migration: 68_preserve_legacy_default_tenant.sql #2
Skip migration (table not found, will be ensured later): 69_homepage_default_video_resources.sql - no such table: global_settings
Ran migration: 70_billing_project_usage_snapshots.sql #1
Ran migration: 70_billing_project_usage_snapshots.sql #2
Ran migration: 70_billing_project_usage_snapshots.sql #3
Ran migration: 70_billing_project_usage_snapshots.sql #4
Ran migration: 70_billing_project_usage_snapshots.sql #5
Ran migration: 70_billing_project_usage_snapshots.sql #6
Ran migration: 70_billing_project_usage_snapshots.sql #7
Ran migration: 70_billing_project_usage_snapshots.sql #8
Ran migration: 70_billing_project_usage_snapshots.sql #9
Ran migration: 70_billing_project_usage_snapshots.sql #10
Ran migration: 70_billing_project_usage_snapshots.sql #11
Ran migration: 70_billing_project_usage_snapshots.sql #12
Ran migration: 70_billing_project_usage_snapshots.sql #13
Ran migration: 70_billing_project_usage_snapshots.sql #14
Ran migration: 71_billable_project_context.sql #1
Ran migration: 71_billable_project_context.sql #2
Ran migration: 71_billable_project_context.sql #3
Ran migration: 71_billable_project_context.sql #4
Migrated billing ledger to micro-points: [33m10000[39m
ensureColumns: added storyboards.layout_description (TEXT)
ensureColumns: added storyboards.image_url (TEXT)
ensureColumns: added storyboards.local_path (TEXT)
ensureColumns: added storyboards.main_panel_idx (INTEGER)
ensureColumns: added storyboards.composed_image (TEXT)
ensureColumns: added storyboards.result (TEXT)
ensureColumns: added storyboards.emotion (TEXT)
ensureColumns: added storyboards.emotion_intensity (INTEGER)
ensureColumns: added storyboards.error_msg (TEXT)
ensureColumns: added storyboards.lighting_style (TEXT)
ensureColumns: added storyboards.depth_of_field (TEXT)
ensureColumns: added storyboards.polished_prompt (TEXT)
ensureColumns: added storyboards.continuity_snapshot (TEXT)
ensureColumns: added storyboards.audio_local_path (TEXT)
ensureColumns: added storyboards.narration_audio_local_path (TEXT)
ensureColumns: added storyboards.omni_prompt_document_json (TEXT)
ensureColumns: added storyboards.first_frame_image_id (INTEGER)
ensureColumns: added storyboards.last_frame_image_id (INTEGER)
ensureColumns: added storyboards.last_frame_image_url (TEXT)
ensureColumns: added storyboards.last_frame_local_path (TEXT)
ensureColumns: added characters.extra_images (TEXT)
ensureColumns: added characters.error_msg (TEXT)
ensureColumns: added characters.ref_image (TEXT)
ensureColumns: added characters.seedance2_voice_asset (TEXT)
ensureColumns: added scenes.polished_prompt (TEXT)
ensureColumns: added scenes.extra_images (TEXT)
ensureColumns: added scenes.ref_image (TEXT)
ensureColumns: added scenes.error_msg (TEXT)
ensureColumns: added props.extra_images (TEXT)
ensureColumns: added props.ref_image (TEXT)
ensureColumns: added props.error_msg (TEXT)
ensureColumns: added tenants.is_new_user_default (INTEGER DEFAULT 0)
ensureColumns: added image_generations.episode_id (INTEGER)
ensureColumns: added image_generations.use_first_frame_layout_lock (INTEGER)
ensureColumns: added image_generations.width (INTEGER)
ensureColumns: added image_generations.height (INTEGER)
ensureColumns: added video_generations.resolution (TEXT)
ensureColumns: added video_generations.seed (INTEGER)
ensureColumns: added video_generations.camera_fixed (INTEGER)
ensureColumns: added video_generations.watermark (INTEGER)
ensureColumns: added video_generations.provider_task_id (TEXT)
ensureColumns: added video_generations.archive_status (TEXT)
ensureColumns: added video_generations.archive_error (TEXT)
ensureColumns: added video_generations.archive_attempts (INTEGER NOT NULL DEFAULT 0)
ensureColumns: added video_generations.archived_at (TEXT)
ensureColumns: added video_merges.merge_options (TEXT)
ensureColumns: added video_merges.merged_url (TEXT)
ensureColumns: added video_merges.duration (INTEGER)
ensureColumns: added video_merges.completed_at (TEXT)
ensureColumns: added video_merges.error_msg (TEXT)
ensureColumns: added assets.reference_alias (TEXT)
ensureColumns: added assets.archived_at (TEXT)
ensureColumns: added omni_video_jobs.storyboard_id (INTEGER)
[32m✔ authenticated text calls settle exact provider usage and hold missing usage for reconciliation [90m(393.547ms)[39m[39m
[32m✔ a tool retry replaces the settled authorization with a newly frozen one [90m(307.7196ms)[39m[39m
[32m✔ authenticated text requests send the same default output cap that billing freezes [90m(292.0392ms)[39m[39m
[32m✔ session cookie follows the request transport unless explicitly configured [90m(4.0368ms)[39m[39m
[32m✔ session-cookie refresh bridges an authenticated bearer session to protected media [90m(4.1629ms)[39m[39m
[32m✔ environment override diagnostics redact storage credentials [90m(73.2251ms)[39m[39m
[32m✔ deployment MINIDRAMA OSS variables activate storage when Compose leaves CFG defaults empty [90m(3.8851ms)[39m[39m
[32m✔ missing deployment OSS variables do not create string undefined CFG overrides [90m(3.6945ms)[39m[39m
[32m✔ profile unset: behaviour is identical to the historical default [90m(71.6139ms)[39m[39m
[32m✔ dev profile pins local intent without touching unrelated sections [90m(12.8926ms)[39m[39m
[32m✔ prod profile is an intentional empty set [90m(11.8164ms)[39m[39m
[32m✔ unknown profile aborts loudly instead of guessing [90m(10.8219ms)[39m[39m
[32m✔ an explicit CFG_* variable still wins over the profile overlay [90m(12.784ms)[39m[39m
[32m✔ preview profile is an intentional empty set (production-identical) [90m(12.1413ms)[39m[39m
[32m✔ static handler misses defer to the SPA fallback exactly like production [90m(6.2894ms)[39m[39m
[32m✔ static handler hits are cacheable on the sendFile path [90m(6.7871ms)[39m[39m
[32m✔ detects official DeepSeek configs by provider or base URL [90m(2.6709ms)[39m[39m
[32m✔ maps deprecated deepseek-chat to deepseek-v4-flash non-thinking mode [90m(2.2636ms)[39m[39m
[32m✔ maps deprecated deepseek-reasoner to deepseek-v4-flash thinking mode [90m(0.2568ms)[39m[39m
[32m✔ applies explicit DeepSeek thinking settings for V4 models [90m(0.2874ms)[39m[39m
[32m✔ preview deployment is production-identical except dataset and title [90m(9.9623ms)[39m[39m
[32m✔ preview vhost authenticates and routes like production would [90m(2.4627ms)[39m[39m
[32m✔ preview removal validates the exact PR path [90m(1.1609ms)[39m[39m
[32m✔ production release uses an immutable archive and rollback container [90m(1.6297ms)[39m[39m
[32m✔ GitHub workflows gate preview and production [90m(2.306ms)[39m[39m
[32m✔ free-create shot stores independent model, duration and resolution [90m(27.5052ms)[39m[39m
[32m✔ new free-create shots default to 15 seconds [90m(4.8994ms)[39m[39m
[32m✔ classic storyboard persists per-shot text and video generation settings [90m(4.4235ms)[39m[39m
[32m✔ first storyboard edit establishes episode defaults, later edits only override the current shot [90m(7.218ms)[39m[39m
[32m✔ storyboard master defaults to 1080p enhancement without interpolation and synchronizes explicit changes [90m(4.3991ms)[39m[39m
[32m✔ a later storyboard edited before settings are loaded becomes an override and never redefines the first-shot master [90m(4.3088ms)[39m[39m
[32m✔ generation master follows the same visual sort and duplicate-shot dedupe as the storyboard list [90m(1.7847ms)[39m[39m
[32m✔ episode merge ignores storyboard image local_path when selecting a video URL [90m(1.7263ms)[39m[39m
[32m✔ episode merge uses the adopted version and never falls back when it is failed [90m(2.4722ms)[39m[39m
[32m✔ media range errors preserve HTTP 416 instead of becoming 500 [90m(1.6632ms)[39m[39m
▶ image_proxy_cache
  [32m✔ getProxyCache returns null when entry expired by expire_hours [90m(29.724ms)[39m[39m
  [32m✔ getProxyCache returns url when entry still fresh [90m(0.7409ms)[39m[39m
  [32m✔ deleteProxyCache removes row [90m(0.5747ms)[39m[39m
[32m✔ image_proxy_cache [90m(32.8191ms)[39m[39m
▶ jimengMaterialHub response parsing
  [32m✔ hubBusinessErrorMessage detects model_ark 200+error body [90m(2.2497ms)[39m[39m
  [32m✔ unwrapMaterialHubAssetView parses flat AssetView [90m(0.6752ms)[39m[39m
  [32m✔ unwrapMaterialHubAssetView parses data wrapper [90m(0.369ms)[39m[39m
  [32m✔ unwrapMaterialHubAssetView returns null when only error field [90m(0.2692ms)[39m[39m
  [32m✔ normalizeMaterialHubToken strips Bearer and zero-width chars [90m(2.7664ms)[39m[39m
  [32m✔ tokenFingerprint shows head and tail only [90m(0.5988ms)[39m[39m
[32m✔ jimengMaterialHub response parsing [90m(9.5698ms)[39m[39m
[32m✔ adding the same character to drama and material libraries is idempotent [90m(22.1243ms)[39m[39m
[32m✔ adding the same scene to drama and material libraries is idempotent [90m(4.3619ms)[39m[39m
[32m✔ adding the same prop to drama and material libraries is idempotent [90m(6.0098ms)[39m[39m
[32m✔ static handler sets cache headers on hot-copy hits (sendFile path) [90m(237.8564ms)[39m[39m
[32m✔ OSS archive keeps the old local_path key and removes local only after a successful upload [90m(59.0788ms)[39m[39m
[32m✔ migration dry-run does not upload or delete legacy media [90m(8.2912ms)[39m[39m
[32m✔ tracked OSS mirroring preserves the local hot copy after upload [90m(44.836ms)[39m[39m
[32m✔ concurrent archive requests for one stable path share one OSS upload [90m(56.965ms)[39m[39m
[32m✔ retention prunes a local hot copy only after OSS HEAD verification succeeds [90m(31.6574ms)[39m[39m
[32m✔ retention keeps the local copy when OSS can no longer be read [90m(28.3229ms)[39m[39m
[32m✔ database scheduler never scans or deletes untracked local files [90m(17.2311ms)[39m[39m
[32m✔ a fresh OSS deployment does not archive historical files until explicitly enabled [90m(3.7172ms)[39m[39m
[32m✔ migration refuses to delete local media without a CDN delivery address [90m(3.278ms)[39m[39m
[32m✔ export/read fallback fetches an OSS object after the legacy local copy is removed [90m(19.4633ms)[39m[39m
[32m✔ missing local media is read through the protected static route from OSS [90m(22.6614ms)[39m[39m
[32m✔ OSS static fallback preserves video byte-range responses [90m(30.4796ms)[39m[39m
[32m✔ a Lens-style bare CDN domain is normalized to HTTPS for optional object URLs [90m(1.6923ms)[39m[39m
Ran migration: 01_init.sql #1
Ran migration: 01_init.sql #2
Ran migration: 01_init.sql #3
Ran migration: 01_init.sql #4
Ran migration: 01_init.sql #5
Ran migration: 01_init.sql #6
Ran migration: 01_init.sql #7
Ran migration: 01_init.sql #8
Ran migration: 01_init.sql #9
Ran migration: 01_init.sql #10
Ran migration: 01_init.sql #11
Ran migration: 01_init.sql #12
Ran migration: 01_init.sql #13
Ran migration: 01_init.sql #14
Ran migration: 01_init.sql #15
Ran migration: 01_init.sql #16
Ran migration: 01_init.sql #17
Ran migration: 01_init.sql #18
Skip (already exists): 02_add_default_model.sql
Ran migration: 03_add_props_episode_id.sql
Skip (already exists): 04_async_tasks_columns.sql #1
Skip (already exists): 04_async_tasks_columns.sql #2
Skip (already exists): 04_async_tasks_columns.sql #3
Skip (already exists): 05_add_image_generations_completed_at.sql #1
Skip (already exists): 05_add_image_generations_completed_at.sql #2
Skip (already exists): 06_add_characters_local_path.sql
Skip (already exists): 07_add_scenes_image_columns.sql #1
Skip (already exists): 07_add_scenes_image_columns.sql #2
Skip (already exists): 08_add_video_generations_completed_at.sql #1
Skip (already exists): 08_add_video_generations_completed_at.sql #2
Ran migration: 09_scene_prop_libraries.sql #1
Ran migration: 09_scene_prop_libraries.sql #2
Ran migration: 10_prompt_overrides.sql
Ran migration: 11_add_api_protocol.sql
Ran migration: 12_image_proxy_cache.sql
Ran migration: 13_character_identity_anchors.sql #1
Ran migration: 13_character_identity_anchors.sql #2
Ran migration: 13_character_identity_anchors.sql #3
Ran migration: 13_character_identity_anchors.sql #4
Ran migration: 13_character_identity_anchors.sql #5
Ran migration: 13_character_identity_anchors.sql #6
Ran migration: 13_character_identity_anchors.sql #7
Ran migration: 13_character_identity_anchors.sql #8
Ran migration: 13_character_identity_anchors.sql #9
Ran migration: 14_storyboard_segments_and_model_map.sql #1
Ran migration: 14_storyboard_segments_and_model_map.sql #2
Ran migration: 14_storyboard_segments_and_model_map.sql #3
Ran migration: 15_storyboard_angle_structured.sql #1
Ran migration: 15_storyboard_angle_structured.sql #2
Ran migration: 15_storyboard_angle_structured.sql #3
Ran migration: 16_character_polished_prompt.sql
Ran migration: 17_character_stages.sql
Ran migration: 18_storyboard_narration.sql
Ran migration: 19_storyboard_universal_mode.sql #1
Ran migration: 19_storyboard_universal_mode.sql #2
Ran migration: 20_character_seedance2_asset.sql
Ran migration: 21_asset_negative_prompt.sql #1
Ran migration: 21_asset_negative_prompt.sql #2
Ran migration: 21_asset_negative_prompt.sql #3
Skip (already exists): 22_library_source_id.sql #1
Skip (already exists): 22_library_source_id.sql #2
Skip (already exists): 22_library_source_id.sql #3
Skip (already exists): 22_library_source_id.sql #4
Skip (already exists): 22_library_source_id.sql #5
Skip (already exists): 22_library_source_id.sql #6
Ran migration: 22_library_source_id.sql #7
Ran migration: 22_library_source_id.sql #8
Ran migration: 22_library_source_id.sql #9
Ran migration: 23_omni_video_workbench.sql #1
Ran migration: 23_omni_video_workbench.sql #2
Ran migration: 23_omni_video_workbench.sql #3
Ran migration: 23_omni_video_workbench.sql #4
Ran migration: 23_omni_video_workbench.sql #5
Ran migration: 23_omni_video_workbench.sql #6
Ran migration: 23_omni_video_workbench.sql #7
Ran migration: 23_omni_video_workbench.sql #8
Ran migration: 23_omni_video_workbench.sql #9
Ran migration: 23_omni_video_workbench.sql #10
Ran migration: 23_omni_video_workbench.sql #11
Ran migration: 23_omni_video_workbench.sql #12
Ran migration: 24_asset_seedance2_certification.sql
Ran migration: 25_omni_sequences.sql #1
Ran migration: 25_omni_sequences.sql #2
Ran migration: 25_omni_sequences.sql #3
Ran migration: 25_omni_sequences.sql #4
Ran migration: 25_omni_sequences.sql #5
Ran migration: 26_omni_workbench_improvements.sql #1
Ran migration: 26_omni_workbench_improvements.sql #2
Ran migration: 27_ai_toolbox.sql #1
Ran migration: 27_ai_toolbox.sql #2
Ran migration: 27_ai_toolbox.sql #3
Ran migration: 27_ai_toolbox.sql #4
Ran migration: 27_ai_toolbox.sql #5
Ran migration: 27_ai_toolbox.sql #6
Ran migration: 27_ai_toolbox.sql #7
Ran migration: 28_storyboard_generation_settings.sql #1
Ran migration: 28_storyboard_generation_settings.sql #2
Ran migration: 28_storyboard_generation_settings.sql #3
Ran migration: 28_storyboard_generation_settings.sql #4
Ran migration: 29_resource_seedance2_asset.sql #1
Ran migration: 29_resource_seedance2_asset.sql #2
Ran migration: 30_storyboard_omni_assets.sql #1
Ran migration: 30_storyboard_omni_assets.sql #2
Ran migration: 30_storyboard_omni_assets.sql #3
Ran migration: 30_storyboard_omni_assets.sql #4
Ran migration: 30_storyboard_omni_assets.sql #5
Ran migration: 30_storyboard_omni_assets.sql #6
Ran migration: 30_storyboard_omni_assets.sql #7
Ran migration: 30_storyboard_omni_assets.sql #8
Ran migration: 30_storyboard_omni_assets.sql #9
Ran migration: 31_storyboard_sort_order.sql
Ran migration: 32_asset_favorites.sql
Ran migration: 33_auth_billing_admin.sql #1
Ran migration: 33_auth_billing_admin.sql #2
Ran migration: 33_auth_billing_admin.sql #3
Ran migration: 33_auth_billing_admin.sql #4
Ran migration: 33_auth_billing_admin.sql #5
Ran migration: 33_auth_billing_admin.sql #6
Ran migration: 33_auth_billing_admin.sql #7
Ran migration: 33_auth_billing_admin.sql #8
Ran migration: 33_auth_billing_admin.sql #9
Ran migration: 33_auth_billing_admin.sql #10
Ran migration: 33_auth_billing_admin.sql #11
Ran migration: 33_auth_billing_admin.sql #12
Ran migration: 33_auth_billing_admin.sql #13
Ran migration: 33_auth_billing_admin.sql #14
Ran migration: 33_auth_billing_admin.sql #15
Ran migration: 33_auth_billing_admin.sql #16
Ran migration: 33_auth_billing_admin.sql #17
Ran migration: 33_auth_billing_admin.sql #18
Ran migration: 33_auth_billing_admin.sql #19
Ran migration: 33_auth_billing_admin.sql #20
Ran migration: 33_auth_billing_admin.sql #21
Ran migration: 34_workflow_ownership.sql #1
Ran migration: 34_workflow_ownership.sql #2
Ran migration: 34_workflow_ownership.sql #3
Ran migration: 34_workflow_ownership.sql #4
Ran migration: 34_workflow_ownership.sql #5
Ran migration: 34_workflow_ownership.sql #6
Ran migration: 34_workflow_ownership.sql #7
Ran migration: 35_runtime_auth_settings.sql
Ran migration: 36_volcengine_seedream_official_prices.sql #1
Ran migration: 36_volcengine_seedream_official_prices.sql #2
Ran migration: 36_volcengine_seedream_official_prices.sql #3
Ran migration: 37_points_ratio_and_volcengine_video_prices.sql #1
Ran migration: 37_points_ratio_and_volcengine_video_prices.sql #2
Ran migration: 37_points_ratio_and_volcengine_video_prices.sql #3
Ran migration: 37_points_ratio_and_volcengine_video_prices.sql #4
Ran migration: 37_points_ratio_and_volcengine_video_prices.sql #5
Ran migration: 37_points_ratio_and_volcengine_video_prices.sql #6
Ran migration: 37_points_ratio_and_volcengine_video_prices.sql #7
Ran migration: 37_points_ratio_and_volcengine_video_prices.sql #8
Ran migration: 38_seedance_video_rate_contexts.sql #1
Ran migration: 38_seedance_video_rate_contexts.sql #2
Ran migration: 39_billing_key_for_custom_providers.sql #1
Ran migration: 39_billing_key_for_custom_providers.sql #2
Ran migration: 40_volcengine_text_tts_official_prices.sql #1
Ran migration: 40_volcengine_text_tts_official_prices.sql #2
Ran migration: 40_volcengine_text_tts_official_prices.sql #3
Ran migration: 40_volcengine_text_tts_official_prices.sql #4
Ran migration: 40_volcengine_text_tts_official_prices.sql #5
Ran migration: 41_billing_reconciliation.sql #1
Ran migration: 41_billing_reconciliation.sql #2
Ran migration: 41_billing_reconciliation.sql #3
Ran migration: 42_volcengine_seed_2_lite_prices.sql #1
Ran migration: 42_volcengine_seed_2_lite_prices.sql #2
Ran migration: 43_video_usage_output_meter_and_snapshot.sql #1
Ran migration: 43_video_usage_output_meter_and_snapshot.sql #2
Ran migration: 43_video_usage_output_meter_and_snapshot.sql #3
Ran migration: 44_deduplicate_video_output_meters.sql #1
Ran migration: 44_deduplicate_video_output_meters.sql #2
Ran migration: 45_remove_legacy_model_permissions.sql
Ran migration: 46_seed_2_lite_context_tier.sql #1
Ran migration: 46_seed_2_lite_context_tier.sql #2
Ran migration: 46_seed_2_lite_context_tier.sql #3
Ran migration: 47_seedance_2_mini_price.sql #1
Ran migration: 47_seedance_2_mini_price.sql #2
Ran migration: 48_media_archive_records.sql #1
Ran migration: 48_media_archive_records.sql #2
Ran migration: 49_seedance_2_5_price.sql #1
Ran migration: 49_seedance_2_5_price.sql #2
Ran migration: 50_storyboard_generation_inheritance.sql #1
Ran migration: 50_storyboard_generation_inheritance.sql #2
Ran migration: 51_video_poster_path.sql
Ran migration: 52_asset_links_video_interpolation.sql #1
Ran migration: 52_asset_links_video_interpolation.sql #2
Ran migration: 52_asset_links_video_interpolation.sql #3
Ran migration: 52_asset_links_video_interpolation.sql #4
Ran migration: 52_asset_links_video_interpolation.sql #5
Ran migration: 52_asset_links_video_interpolation.sql #6
Ran migration: 52_asset_links_video_interpolation.sql #7
Ran migration: 52_asset_links_video_interpolation.sql #8
Ran migration: 52_asset_links_video_interpolation.sql #9
Ran migration: 52_asset_links_video_interpolation.sql #10
Ran migration: 52_asset_links_video_interpolation.sql #11
Ran migration: 52_asset_links_video_interpolation.sql #12
Ran migration: 52_asset_links_video_interpolation.sql #13
Ran migration: 52_asset_links_video_interpolation.sql #14
Ran migration: 52_asset_links_video_interpolation.sql #15
Ran migration: 52_asset_links_video_interpolation.sql #16
Ran migration: 52_asset_links_video_interpolation.sql #17
Ran migration: 53_video_upscale_and_billing_reaudit.sql #1
Ran migration: 53_video_upscale_and_billing_reaudit.sql #2
Ran migration: 53_video_upscale_and_billing_reaudit.sql #3
Ran migration: 53_video_upscale_and_billing_reaudit.sql #4
Ran migration: 53_video_upscale_and_billing_reaudit.sql #5
Ran migration: 53_video_upscale_and_billing_reaudit.sql #6
Ran migration: 53_video_upscale_and_billing_reaudit.sql #7
Ran migration: 53_video_upscale_and_billing_reaudit.sql #9
Ran migration: 53_video_upscale_and_billing_reaudit.sql #10
Ran migration: 54_storyboard_optional_video_postprocess.sql #1
Ran migration: 54_storyboard_optional_video_postprocess.sql #2
Ran migration: 54_storyboard_optional_video_postprocess.sql #3
Ran migration: 55_video_intermediate_cleanup_opt_in.sql
Ran migration: 56_fix_mediakit_postprocess_display_fallback_prices.sql #1
Ran migration: 56_fix_mediakit_postprocess_display_fallback_prices.sql #2
Ran migration: 57_mediakit_shared_connection_defaults.sql
Ran migration: 58_storyboard_active_video_version.sql
Ran migration: 59_operations_alert_settings.sql #1
Ran migration: 59_operations_alert_settings.sql #2
Ran migration: 60_operations_report_snapshots.sql
Ran migration: 61_tenant_billing_and_console_isolation.sql #1
Ran migration: 61_tenant_billing_and_console_isolation.sql #2
Ran migration: 61_tenant_billing_and_console_isolation.sql #3
Ran migration: 61_tenant_billing_and_console_isolation.sql #4
Ran migration: 61_tenant_billing_and_console_isolation.sql #5
Ran migration: 61_tenant_billing_and_console_isolation.sql #6
Ran migration: 61_tenant_billing_and_console_isolation.sql #7
Ran migration: 61_tenant_billing_and_console_isolation.sql #8
Ran migration: 61_tenant_billing_and_console_isolation.sql #9
Ran migration: 61_tenant_billing_and_console_isolation.sql #10
Ran migration: 61_tenant_billing_and_console_isolation.sql #11
Ran migration: 61_tenant_billing_and_console_isolation.sql #12
Ran migration: 61_tenant_billing_and_console_isolation.sql #13
Ran migration: 61_tenant_billing_and_console_isolation.sql #14
Ran migration: 61_tenant_billing_and_console_isolation.sql #15
Ran migration: 61_tenant_billing_and_console_isolation.sql #16
Ran migration: 62_migrate_existing_users_to_default_tenant.sql #1
Ran migration: 62_migrate_existing_users_to_default_tenant.sql #2
Ran migration: 62_migrate_existing_users_to_default_tenant.sql #3
Ran migration: 62_migrate_existing_users_to_default_tenant.sql #4
Ran migration: 62_migrate_existing_users_to_default_tenant.sql #5
Ran migration: 63_geeknow_gpt_image_2_price.sql #1
Ran migration: 63_geeknow_gpt_image_2_price.sql #2
Ran migration: 64_default_tenant_price_book_compatibility.sql
Ran migration: 65_tool_run_tenant_scope.sql #1
Ran migration: 65_tool_run_tenant_scope.sql #2
Ran migration: 66_tenant_config_defaults.sql #1
Ran migration: 66_tenant_config_defaults.sql #2
Ran migration: 66_tenant_config_defaults.sql #3
Ran migration: 66_tenant_config_defaults.sql #4
Ran migration: 66_tenant_config_defaults.sql #5
Ran migration: 67_tenant_owned_ai_configs.sql #1
Ran migration: 67_tenant_owned_ai_configs.sql #2
Ran migration: 68_preserve_legacy_default_tenant.sql #1
Ran migration: 68_preserve_legacy_default_tenant.sql #2
Skip migration (table not found, will be ensured later): 69_homepage_default_video_resources.sql - no such table: global_settings
Ran migration: 70_billing_project_usage_snapshots.sql #1
Ran migration: 70_billing_project_usage_snapshots.sql #2
Ran migration: 70_billing_project_usage_snapshots.sql #3
Ran migration: 70_billing_project_usage_snapshots.sql #4
Ran migration: 70_billing_project_usage_snapshots.sql #5
Ran migration: 70_billing_project_usage_snapshots.sql #6
Ran migration: 70_billing_project_usage_snapshots.sql #7
Ran migration: 70_billing_project_usage_snapshots.sql #8
Ran migration: 70_billing_project_usage_snapshots.sql #9
Ran migration: 70_billing_project_usage_snapshots.sql #10
Ran migration: 70_billing_project_usage_snapshots.sql #11
Ran migration: 70_billing_project_usage_snapshots.sql #12
Ran migration: 70_billing_project_usage_snapshots.sql #13
Ran migration: 70_billing_project_usage_snapshots.sql #14
Ran migration: 71_billable_project_context.sql #1
Ran migration: 71_billable_project_context.sql #2
Ran migration: 71_billable_project_context.sql #3
Ran migration: 71_billable_project_context.sql #4
Migrated billing ledger to micro-points: [33m10000[39m
ensureColumns: added storyboards.layout_description (TEXT)
ensureColumns: added storyboards.image_url (TEXT)
ensureColumns: added storyboards.local_path (TEXT)
ensureColumns: added storyboards.main_panel_idx (INTEGER)
ensureColumns: added storyboards.composed_image (TEXT)
ensureColumns: added storyboards.result (TEXT)
ensureColumns: added storyboards.emotion (TEXT)
ensureColumns: added storyboards.emotion_intensity (INTEGER)
ensureColumns: added storyboards.error_msg (TEXT)
ensureColumns: added storyboards.lighting_style (TEXT)
ensureColumns: added storyboards.depth_of_field (TEXT)
ensureColumns: added storyboards.polished_prompt (TEXT)
ensureColumns: added storyboards.continuity_snapshot (TEXT)
ensureColumns: added storyboards.audio_local_path (TEXT)
ensureColumns: added storyboards.narration_audio_local_path (TEXT)
ensureColumns: added storyboards.omni_prompt_document_json (TEXT)
ensureColumns: added storyboards.first_frame_image_id (INTEGER)
ensureColumns: added storyboards.last_frame_image_id (INTEGER)
ensureColumns: added storyboards.last_frame_image_url (TEXT)
ensureColumns: added storyboards.last_frame_local_path (TEXT)
ensureColumns: added characters.extra_images (TEXT)
ensureColumns: added characters.error_msg (TEXT)
ensureColumns: added characters.ref_image (TEXT)
ensureColumns: added characters.seedance2_voice_asset (TEXT)
ensureColumns: added scenes.polished_prompt (TEXT)
ensureColumns: added scenes.extra_images (TEXT)
ensureColumns: added scenes.ref_image (TEXT)
ensureColumns: added scenes.error_msg (TEXT)
ensureColumns: added props.extra_images (TEXT)
ensureColumns: added props.ref_image (TEXT)
ensureColumns: added props.error_msg (TEXT)
ensureColumns: added tenants.is_new_user_default (INTEGER DEFAULT 0)
ensureColumns: added image_generations.episode_id (INTEGER)
ensureColumns: added image_generations.use_first_frame_layout_lock (INTEGER)
ensureColumns: added image_generations.width (INTEGER)
ensureColumns: added image_generations.height (INTEGER)
ensureColumns: added video_generations.resolution (TEXT)
ensureColumns: added video_generations.seed (INTEGER)
ensureColumns: added video_generations.camera_fixed (INTEGER)
ensureColumns: added video_generations.watermark (INTEGER)
ensureColumns: added video_generations.provider_task_id (TEXT)
ensureColumns: added video_generations.archive_status (TEXT)
ensureColumns: added video_generations.archive_error (TEXT)
ensureColumns: added video_generations.archive_attempts (INTEGER NOT NULL DEFAULT 0)
ensureColumns: added video_generations.archived_at (TEXT)
ensureColumns: added video_merges.merge_options (TEXT)
ensureColumns: added video_merges.merged_url (TEXT)
ensureColumns: added video_merges.duration (INTEGER)
ensureColumns: added video_merges.completed_at (TEXT)
ensureColumns: added video_merges.error_msg (TEXT)
ensureColumns: added assets.reference_alias (TEXT)
ensureColumns: added assets.archived_at (TEXT)
ensureColumns: added omni_video_jobs.storyboard_id (INTEGER)
Ran migration: 01_init.sql #1
Ran migration: 01_init.sql #2
Ran migration: 01_init.sql #3
Ran migration: 01_init.sql #4
Ran migration: 01_init.sql #5
Ran migration: 01_init.sql #6
Ran migration: 01_init.sql #7
Ran migration: 01_init.sql #8
Ran migration: 01_init.sql #9
Ran migration: 01_init.sql #10
Ran migration: 01_init.sql #11
Ran migration: 01_init.sql #12
Ran migration: 01_init.sql #13
Ran migration: 01_init.sql #14
Ran migration: 01_init.sql #15
Ran migration: 01_init.sql #16
Ran migration: 01_init.sql #17
Ran migration: 01_init.sql #18
Skip (already exists): 02_add_default_model.sql
Skip (already exists): 03_add_props_episode_id.sql
Skip (already exists): 04_async_tasks_columns.sql #1
Skip (already exists): 04_async_tasks_columns.sql #2
Skip (already exists): 04_async_tasks_columns.sql #3
Skip (already exists): 05_add_image_generations_completed_at.sql #1
Skip (already exists): 05_add_image_generations_completed_at.sql #2
Skip (already exists): 06_add_characters_local_path.sql
Skip (already exists): 07_add_scenes_image_columns.sql #1
Skip (already exists): 07_add_scenes_image_columns.sql #2
Skip (already exists): 08_add_video_generations_completed_at.sql #1
Skip (already exists): 08_add_video_generations_completed_at.sql #2
Ran migration: 09_scene_prop_libraries.sql #1
Ran migration: 09_scene_prop_libraries.sql #2
Ran migration: 10_prompt_overrides.sql
Skip (already exists): 11_add_api_protocol.sql
Ran migration: 12_image_proxy_cache.sql
Skip (already exists): 13_character_identity_anchors.sql #1
Skip (already exists): 13_character_identity_anchors.sql #2
Skip (already exists): 13_character_identity_anchors.sql #3
Skip (already exists): 13_character_identity_anchors.sql #4
Skip (already exists): 13_character_identity_anchors.sql #5
Skip (already exists): 13_character_identity_anchors.sql #6
Skip (already exists): 13_character_identity_anchors.sql #7
Skip (already exists): 13_character_identity_anchors.sql #8
Skip (already exists): 13_character_identity_anchors.sql #9
Skip (already exists): 14_storyboard_segments_and_model_map.sql #1
Skip (already exists): 14_storyboard_segments_and_model_map.sql #2
Ran migration: 14_storyboard_segments_and_model_map.sql #3
Skip (already exists): 15_storyboard_angle_structured.sql #1
Skip (already exists): 15_storyboard_angle_structured.sql #2
Skip (already exists): 15_storyboard_angle_structured.sql #3
Skip (already exists): 16_character_polished_prompt.sql
Skip (already exists): 17_character_stages.sql
Skip (already exists): 18_storyboard_narration.sql
Skip (already exists): 19_storyboard_universal_mode.sql #1
Skip (already exists): 19_storyboard_universal_mode.sql #2
Skip (already exists): 20_character_seedance2_asset.sql
Skip (already exists): 21_asset_negative_prompt.sql #1
Skip (already exists): 21_asset_negative_prompt.sql #2
Skip (already exists): 21_asset_negative_prompt.sql #3
Skip (already exists): 22_library_source_id.sql #1
Skip (already exists): 22_library_source_id.sql #2
Skip (already exists): 22_library_source_id.sql #3
Skip (already exists): 22_library_source_id.sql #4
Skip (already exists): 22_library_source_id.sql #5
Skip (already exists): 22_library_source_id.sql #6
Ran migration: 22_library_source_id.sql #7
Ran migration: 22_library_source_id.sql #8
Ran migration: 22_library_source_id.sql #9
Skip (already exists): 23_omni_video_workbench.sql #1
Skip (already exists): 23_omni_video_workbench.sql #2
Skip (already exists): 23_omni_video_workbench.sql #3
Skip (already exists): 23_omni_video_workbench.sql #4
Skip (already exists): 23_omni_video_workbench.sql #5
Skip (already exists): 23_omni_video_workbench.sql #6
Skip (already exists): 23_omni_video_workbench.sql #7
Skip (already exists): 23_omni_video_workbench.sql #8
Ran migration: 23_omni_video_workbench.sql #9
Ran migration: 23_omni_video_workbench.sql #10
Ran migration: 23_omni_video_workbench.sql #11
Ran migration: 23_omni_video_workbench.sql #12
Skip (already exists): 24_asset_seedance2_certification.sql
Ran migration: 25_omni_sequences.sql #1
Ran migration: 25_omni_sequences.sql #2
Ran migration: 25_omni_sequences.sql #3
Skip (already exists): 25_omni_sequences.sql #4
Skip (already exists): 25_omni_sequences.sql #5
Skip (already exists): 26_omni_workbench_improvements.sql #1
Skip (already exists): 26_omni_workbench_improvements.sql #2
Ran migration: 27_ai_toolbox.sql #1
Ran migration: 27_ai_toolbox.sql #2
Ran migration: 27_ai_toolbox.sql #3
Ran migration: 27_ai_toolbox.sql #4
Ran migration: 27_ai_toolbox.sql #5
Ran migration: 27_ai_toolbox.sql #6
Ran migration: 27_ai_toolbox.sql #7
Skip (already exists): 28_storyboard_generation_settings.sql #1
Skip (already exists): 28_storyboard_generation_settings.sql #2
Skip (already exists): 28_storyboard_generation_settings.sql #3
Skip (already exists): 28_storyboard_generation_settings.sql #4
Skip (already exists): 29_resource_seedance2_asset.sql #1
Skip (already exists): 29_resource_seedance2_asset.sql #2
Skip (already exists): 30_storyboard_omni_assets.sql #1
Skip (already exists): 30_storyboard_omni_assets.sql #2
Skip (already exists): 30_storyboard_omni_assets.sql #3
Skip (already exists): 30_storyboard_omni_assets.sql #4
Skip (already exists): 30_storyboard_omni_assets.sql #5
Skip (already exists): 30_storyboard_omni_assets.sql #6
Skip (already exists): 30_storyboard_omni_assets.sql #7
Skip (already exists): 30_storyboard_omni_assets.sql #8
Skip (already exists): 30_storyboard_omni_assets.sql #9
Skip (already exists): 31_storyboard_sort_order.sql
Skip (already exists): 32_asset_favorites.sql
Ran migration: 33_auth_billing_admin.sql #1
Ran migration: 33_auth_billing_admin.sql #2
Ran migration: 33_auth_billing_admin.sql #3
Ran migration: 33_auth_billing_admin.sql #4
Ran migration: 33_auth_billing_admin.sql #5
Ran migration: 33_auth_billing_admin.sql #6
Ran migration: 33_auth_billing_admin.sql #7
Ran migration: 33_auth_billing_admin.sql #8
Skip (already exists): 33_auth_billing_admin.sql #9
Skip (already exists): 33_auth_billing_admin.sql #10
Skip (already exists): 33_auth_billing_admin.sql #11
Skip (already exists): 33_auth_billing_admin.sql #12
Skip (already exists): 33_auth_billing_admin.sql #13
Skip (already exists): 33_auth_billing_admin.sql #14
Skip (already exists): 33_auth_billing_admin.sql #15
Ran migration: 33_auth_billing_admin.sql #16
Ran migration: 33_auth_billing_admin.sql #17
Ran migration: 33_auth_billing_admin.sql #18
Ran migration: 33_auth_billing_admin.sql #19
Ran migration: 33_auth_billing_admin.sql #20
Ran migration: 33_auth_billing_admin.sql #21
Skip (already exists): 34_workflow_ownership.sql #1
Skip (already exists): 34_workflow_ownership.sql #2
Skip (already exists): 34_workflow_ownership.sql #3
Skip (already exists): 34_workflow_ownership.sql #4
Ran migration: 34_workflow_ownership.sql #5
Ran migration: 34_workflow_ownership.sql #6
Ran migration: 34_workflow_ownership.sql #7
Ran migration: 35_runtime_auth_settings.sql
Ran migration: 36_volcengine_seedream_official_prices.sql #1
Ran migration: 36_volcengine_seedream_official_prices.sql #2
Ran migration: 36_volcengine_seedream_official_prices.sql #3
Ran migration: 37_points_ratio_and_volcengine_video_prices.sql #1
Ran migration: 37_points_ratio_and_volcengine_video_prices.sql #2
Ran migration: 37_points_ratio_and_volcengine_video_prices.sql #3
Ran migration: 37_points_ratio_and_volcengine_video_prices.sql #4
Ran migration: 37_points_ratio_and_volcengine_video_prices.sql #5
Ran migration: 37_points_ratio_and_volcengine_video_prices.sql #6
Ran migration: 37_points_ratio_and_volcengine_video_prices.sql #7
Ran migration: 37_points_ratio_and_volcengine_video_prices.sql #8
Ran migration: 38_seedance_video_rate_contexts.sql #1
Ran migration: 38_seedance_video_rate_contexts.sql #2
Skip (already exists): 39_billing_key_for_custom_providers.sql #1
Ran migration: 39_billing_key_for_custom_providers.sql #2
Ran migration: 40_volcengine_text_tts_official_prices.sql #1
Ran migration: 40_volcengine_text_tts_official_prices.sql #2
Ran migration: 40_volcengine_text_tts_official_prices.sql #3
Ran migration: 40_volcengine_text_tts_official_prices.sql #4
Ran migration: 40_volcengine_text_tts_official_prices.sql #5
Ran migration: 41_billing_reconciliation.sql #1
Ran migration: 41_billing_reconciliation.sql #2
Ran migration: 41_billing_reconciliation.sql #3
Ran migration: 42_volcengine_seed_2_lite_prices.sql #1
Ran migration: 42_volcengine_seed_2_lite_prices.sql #2
Ran migration: 43_video_usage_output_meter_and_snapshot.sql #1
Ran migration: 43_video_usage_output_meter_and_snapshot.sql #2
Skip (already exists): 43_video_usage_output_meter_and_snapshot.sql #3
Ran migration: 44_deduplicate_video_output_meters.sql #1
Ran migration: 44_deduplicate_video_output_meters.sql #2
Ran migration: 45_remove_legacy_model_permissions.sql
Ran migration: 46_seed_2_lite_context_tier.sql #1
Ran migration: 46_seed_2_lite_context_tier.sql #2
Ran migration: 46_seed_2_lite_context_tier.sql #3
Ran migration: 47_seedance_2_mini_price.sql #1
Ran migration: 47_seedance_2_mini_price.sql #2
Ran migration: 48_media_archive_records.sql #1
Ran migration: 48_media_archive_records.sql #2
Ran migration: 49_seedance_2_5_price.sql #1
Ran migration: 49_seedance_2_5_price.sql #2
Skip (already exists): 50_storyboard_generation_inheritance.sql #1
Skip (already exists): 50_storyboard_generation_inheritance.sql #2
Skip (already exists): 51_video_poster_path.sql
Ran migration: 52_asset_links_video_interpolation.sql #1
Ran migration: 52_asset_links_video_interpolation.sql #2
Ran migration: 52_asset_links_video_interpolation.sql #3
Ran migration: 52_asset_links_video_interpolation.sql #4
Ran migration: 52_asset_links_video_interpolation.sql #5
Ran migration: 52_asset_links_video_interpolation.sql #6
Skip (already exists): 52_asset_links_video_interpolation.sql #7
Skip (already exists): 52_asset_links_video_interpolation.sql #8
Skip (already exists): 52_asset_links_video_interpolation.sql #9
Skip (already exists): 52_asset_links_video_interpolation.sql #10
Skip (already exists): 52_asset_links_video_interpolation.sql #11
Skip (already exists): 52_asset_links_video_interpolation.sql #12
Skip (already exists): 52_asset_links_video_interpolation.sql #13
Skip (already exists): 52_asset_links_video_interpolation.sql #14
Skip (already exists): 52_asset_links_video_interpolation.sql #15
Skip (already exists): 52_asset_links_video_interpolation.sql #16
Ran migration: 52_asset_links_video_interpolation.sql #17
Ran migration: 53_video_upscale_and_billing_reaudit.sql #1
Ran migration: 53_video_upscale_and_billing_reaudit.sql #2
Skip (already exists): 53_video_upscale_and_billing_reaudit.sql #3
Skip (already exists): 53_video_upscale_and_billing_reaudit.sql #4
Skip (already exists): 53_video_upscale_and_billing_reaudit.sql #5
Skip (already exists): 53_video_upscale_and_billing_reaudit.sql #6
Skip (already exists): 53_video_upscale_and_billing_reaudit.sql #7
Ran migration: 53_video_upscale_and_billing_reaudit.sql #9
Ran migration: 53_video_upscale_and_billing_reaudit.sql #10
Skip (already exists): 54_storyboard_optional_video_postprocess.sql #1
Skip (already exists): 54_storyboard_optional_video_postprocess.sql #2
Ran migration: 54_storyboard_optional_video_postprocess.sql #3
Skip (already exists): 55_video_intermediate_cleanup_opt_in.sql
Ran migration: 56_fix_mediakit_postprocess_display_fallback_prices.sql #1
Ran migration: 56_fix_mediakit_postprocess_display_fallback_prices.sql #2
Ran migration: 57_mediakit_shared_connection_defaults.sql
Skip (already exists): 58_storyboard_active_video_version.sql
Ran migration: 59_operations_alert_settings.sql #1
Ran migration: 59_operations_alert_settings.sql #2
Ran migration: 60_operations_report_snapshots.sql
Ran migration: 61_tenant_billing_and_console_isolation.sql #1
Ran migration: 61_tenant_billing_and_console_isolation.sql #2
Ran migration: 61_tenant_billing_and_console_isolation.sql #3
Ran migration: 61_tenant_billing_and_console_isolation.sql #4
Ran migration: 61_tenant_billing_and_console_isolation.sql #5
Skip (already exists): 61_tenant_billing_and_console_isolation.sql #6
Skip (already exists): 61_tenant_billing_and_console_isolation.sql #7
Skip (already exists): 61_tenant_billing_and_console_isolation.sql #8
Skip (already exists): 61_tenant_billing_and_console_isolation.sql #9
Skip (already exists): 61_tenant_billing_and_console_isolation.sql #10
Skip (already exists): 61_tenant_billing_and_console_isolation.sql #11
Skip (already exists): 61_tenant_billing_and_console_isolation.sql #12
Ran migration: 61_tenant_billing_and_console_isolation.sql #13
Ran migration: 61_tenant_billing_and_console_isolation.sql #14
Ran migration: 61_tenant_billing_and_console_isolation.sql #15
Ran migration: 61_tenant_billing_and_console_isolation.sql #16
Ran migration: 62_migrate_existing_users_to_default_tenant.sql #1
Ran migration: 62_migrate_existing_users_to_default_tenant.sql #2
Ran migration: 62_migrate_existing_users_to_default_tenant.sql #3
Ran migration: 62_migrate_existing_users_to_default_tenant.sql #4
Ran migration: 62_migrate_existing_users_to_default_tenant.sql #5
Ran migration: 63_geeknow_gpt_image_2_price.sql #1
Ran migration: 63_geeknow_gpt_image_2_price.sql #2
Ran migration: 64_default_tenant_price_book_compatibility.sql
Skip (already exists): 65_tool_run_tenant_scope.sql #1
Ran migration: 65_tool_run_tenant_scope.sql #2
Skip (already exists): 66_tenant_config_defaults.sql #1
Skip (already exists): 66_tenant_config_defaults.sql #2
Ran migration: 66_tenant_config_defaults.sql #3
Ran migration: 66_tenant_config_defaults.sql #4
Ran migration: 66_tenant_config_defaults.sql #5
Skip (already exists): 67_tenant_owned_ai_configs.sql #1
Ran migration: 67_tenant_owned_ai_configs.sql #2
Skip (already exists): 68_preserve_legacy_default_tenant.sql #1
Ran migration: 68_preserve_legacy_default_tenant.sql #2
Ran migration: 69_homepage_default_video_resources.sql
Skip (already exists): 70_billing_project_usage_snapshots.sql #1
Skip (already exists): 70_billing_project_usage_snapshots.sql #2
Skip (already exists): 70_billing_project_usage_snapshots.sql #3
Skip (already exists): 70_billing_project_usage_snapshots.sql #4
Skip (already exists): 70_billing_project_usage_snapshots.sql #5
Skip (already exists): 70_billing_project_usage_snapshots.sql #6
Skip (already exists): 70_billing_project_usage_snapshots.sql #7
Skip (already exists): 70_billing_project_usage_snapshots.sql #8
Ran migration: 70_billing_project_usage_snapshots.sql #9
Ran migration: 70_billing_project_usage_snapshots.sql #10
Skip (already exists): 70_billing_project_usage_snapshots.sql #11
Skip (already exists): 70_billing_project_usage_snapshots.sql #12
Skip (already exists): 70_billing_project_usage_snapshots.sql #13
Ran migration: 70_billing_project_usage_snapshots.sql #14
Skip (already exists): 71_billable_project_context.sql #1
Skip (already exists): 71_billable_project_context.sql #2
Ran migration: 71_billable_project_context.sql #3
Ran migration: 71_billable_project_context.sql #4
[32m✔ migration verification upgrades an empty database twice [90m(3863.6006ms)[39m[39m
[32m✔ migration verification fails for a corrupt snapshot [90m(3.0775ms)[39m[39m
▶ modelArkAssetConfigService
  [32m✔ unwrapModelArkAssetView reads Result.Id [90m(2.8514ms)[39m[39m
  [32m✔ normalizeModelArkAssetStatus maps common values [90m(0.3702ms)[39m[39m
  [32m✔ assetUrlForVideo builds asset:// from id [90m(0.3639ms)[39m[39m
  [32m✔ parseSettingsJson handles object or string [90m(1.5724ms)[39m[39m
[32m✔ modelArkAssetConfigService [90m(7.3296ms)[39m[39m
[32m✔ omni video freezes the canonical output-token meter without changing provider fields [90m(5.3662ms)[39m[39m
[32m✔ explicit @ references are prioritized and bound to the uploaded image slots [90m(3.4678ms)[39m[39m
[32m✔ a referenced prop is explicitly required to appear in the frame [90m(0.4691ms)[39m[39m
[32m✔ unreferenced @ tokens are not rewritten when no matching image was uploaded [90m(0.3909ms)[39m[39m
[32m✔ omni history list selects and returns the completed video poster path [90m(6.7866ms)[39m[39m
Ran migration: 01_init.sql #1
Ran migration: 01_init.sql #2
Ran migration: 01_init.sql #3
Ran migration: 01_init.sql #4
Ran migration: 01_init.sql #5
Ran migration: 01_init.sql #6
Ran migration: 01_init.sql #7
Ran migration: 01_init.sql #8
Ran migration: 01_init.sql #9
Ran migration: 01_init.sql #10
Ran migration: 01_init.sql #11
Ran migration: 01_init.sql #12
Ran migration: 01_init.sql #13
Ran migration: 01_init.sql #14
Ran migration: 01_init.sql #15
Ran migration: 01_init.sql #16
Ran migration: 01_init.sql #17
Ran migration: 01_init.sql #18
Skip (already exists): 02_add_default_model.sql
Ran migration: 03_add_props_episode_id.sql
Skip (already exists): 04_async_tasks_columns.sql #1
Skip (already exists): 04_async_tasks_columns.sql #2
Skip (already exists): 04_async_tasks_columns.sql #3
Skip (already exists): 05_add_image_generations_completed_at.sql #1
Skip (already exists): 05_add_image_generations_completed_at.sql #2
Skip (already exists): 06_add_characters_local_path.sql
Skip (already exists): 07_add_scenes_image_columns.sql #1
Skip (already exists): 07_add_scenes_image_columns.sql #2
Skip (already exists): 08_add_video_generations_completed_at.sql #1
Skip (already exists): 08_add_video_generations_completed_at.sql #2
Ran migration: 09_scene_prop_libraries.sql #1
Ran migration: 09_scene_prop_libraries.sql #2
Ran migration: 10_prompt_overrides.sql
Ran migration: 11_add_api_protocol.sql
Ran migration: 12_image_proxy_cache.sql
Ran migration: 13_character_identity_anchors.sql #1
Ran migration: 13_character_identity_anchors.sql #2
Ran migration: 13_character_identity_anchors.sql #3
Ran migration: 13_character_identity_anchors.sql #4
Ran migration: 13_character_identity_anchors.sql #5
Ran migration: 13_character_identity_anchors.sql #6
Ran migration: 13_character_identity_anchors.sql #7
Ran migration: 13_character_identity_anchors.sql #8
Ran migration: 13_character_identity_anchors.sql #9
Ran migration: 14_storyboard_segments_and_model_map.sql #1
Ran migration: 14_storyboard_segments_and_model_map.sql #2
Ran migration: 14_storyboard_segments_and_model_map.sql #3
Ran migration: 15_storyboard_angle_structured.sql #1
Ran migration: 15_storyboard_angle_structured.sql #2
Ran migration: 15_storyboard_angle_structured.sql #3
Ran migration: 16_character_polished_prompt.sql
Ran migration: 17_character_stages.sql
Ran migration: 18_storyboard_narration.sql
Ran migration: 19_storyboard_universal_mode.sql #1
Ran migration: 19_storyboard_universal_mode.sql #2
Ran migration: 20_character_seedance2_asset.sql
Ran migration: 21_asset_negative_prompt.sql #1
Ran migration: 21_asset_negative_prompt.sql #2
Ran migration: 21_asset_negative_prompt.sql #3
Skip (already exists): 22_library_source_id.sql #1
Skip (already exists): 22_library_source_id.sql #2
Skip (already exists): 22_library_source_id.sql #3
Skip (already exists): 22_library_source_id.sql #4
Skip (already exists): 22_library_source_id.sql #5
Skip (already exists): 22_library_source_id.sql #6
Ran migration: 22_library_source_id.sql #7
Ran migration: 22_library_source_id.sql #8
Ran migration: 22_library_source_id.sql #9
Ran migration: 23_omni_video_workbench.sql #1
Ran migration: 23_omni_video_workbench.sql #2
Ran migration: 23_omni_video_workbench.sql #3
Ran migration: 23_omni_video_workbench.sql #4
Ran migration: 23_omni_video_workbench.sql #5
Ran migration: 23_omni_video_workbench.sql #6
Ran migration: 23_omni_video_workbench.sql #7
Ran migration: 23_omni_video_workbench.sql #8
Ran migration: 23_omni_video_workbench.sql #9
Ran migration: 23_omni_video_workbench.sql #10
Ran migration: 23_omni_video_workbench.sql #11
Ran migration: 23_omni_video_workbench.sql #12
Ran migration: 24_asset_seedance2_certification.sql
Ran migration: 25_omni_sequences.sql #1
Ran migration: 25_omni_sequences.sql #2
Ran migration: 25_omni_sequences.sql #3
Ran migration: 25_omni_sequences.sql #4
Ran migration: 25_omni_sequences.sql #5
Ran migration: 26_omni_workbench_improvements.sql #1
Ran migration: 26_omni_workbench_improvements.sql #2
Ran migration: 27_ai_toolbox.sql #1
Ran migration: 27_ai_toolbox.sql #2
Ran migration: 27_ai_toolbox.sql #3
Ran migration: 27_ai_toolbox.sql #4
Ran migration: 27_ai_toolbox.sql #5
Ran migration: 27_ai_toolbox.sql #6
Ran migration: 27_ai_toolbox.sql #7
Ran migration: 28_storyboard_generation_settings.sql #1
Ran migration: 28_storyboard_generation_settings.sql #2
Ran migration: 28_storyboard_generation_settings.sql #3
Ran migration: 28_storyboard_generation_settings.sql #4
Ran migration: 29_resource_seedance2_asset.sql #1
Ran migration: 29_resource_seedance2_asset.sql #2
Ran migration: 30_storyboard_omni_assets.sql #1
Ran migration: 30_storyboard_omni_assets.sql #2
Ran migration: 30_storyboard_omni_assets.sql #3
Ran migration: 30_storyboard_omni_assets.sql #4
Ran migration: 30_storyboard_omni_assets.sql #5
Ran migration: 30_storyboard_omni_assets.sql #6
Ran migration: 30_storyboard_omni_assets.sql #7
Ran migration: 30_storyboard_omni_assets.sql #8
Ran migration: 30_storyboard_omni_assets.sql #9
Ran migration: 31_storyboard_sort_order.sql
Ran migration: 32_asset_favorites.sql
Ran migration: 33_auth_billing_admin.sql #1
Ran migration: 33_auth_billing_admin.sql #2
Ran migration: 33_auth_billing_admin.sql #3
Ran migration: 33_auth_billing_admin.sql #4
Ran migration: 33_auth_billing_admin.sql #5
Ran migration: 33_auth_billing_admin.sql #6
Ran migration: 33_auth_billing_admin.sql #7
Ran migration: 33_auth_billing_admin.sql #8
Ran migration: 33_auth_billing_admin.sql #9
Ran migration: 33_auth_billing_admin.sql #10
Ran migration: 33_auth_billing_admin.sql #11
Ran migration: 33_auth_billing_admin.sql #12
Ran migration: 33_auth_billing_admin.sql #13
Ran migration: 33_auth_billing_admin.sql #14
Ran migration: 33_auth_billing_admin.sql #15
Ran migration: 33_auth_billing_admin.sql #16
Ran migration: 33_auth_billing_admin.sql #17
Ran migration: 33_auth_billing_admin.sql #18
Ran migration: 33_auth_billing_admin.sql #19
Ran migration: 33_auth_billing_admin.sql #20
Ran migration: 33_auth_billing_admin.sql #21
Ran migration: 34_workflow_ownership.sql #1
Ran migration: 34_workflow_ownership.sql #2
Ran migration: 34_workflow_ownership.sql #3
Ran migration: 34_workflow_ownership.sql #4
Ran migration: 34_workflow_ownership.sql #5
Ran migration: 34_workflow_ownership.sql #6
Ran migration: 34_workflow_ownership.sql #7
Ran migration: 35_runtime_auth_settings.sql
Ran migration: 36_volcengine_seedream_official_prices.sql #1
Ran migration: 36_volcengine_seedream_official_prices.sql #2
Ran migration: 36_volcengine_seedream_official_prices.sql #3
Ran migration: 37_points_ratio_and_volcengine_video_prices.sql #1
Ran migration: 37_points_ratio_and_volcengine_video_prices.sql #2
Ran migration: 37_points_ratio_and_volcengine_video_prices.sql #3
Ran migration: 37_points_ratio_and_volcengine_video_prices.sql #4
Ran migration: 37_points_ratio_and_volcengine_video_prices.sql #5
Ran migration: 37_points_ratio_and_volcengine_video_prices.sql #6
Ran migration: 37_points_ratio_and_volcengine_video_prices.sql #7
Ran migration: 37_points_ratio_and_volcengine_video_prices.sql #8
Ran migration: 38_seedance_video_rate_contexts.sql #1
Ran migration: 38_seedance_video_rate_contexts.sql #2
Ran migration: 39_billing_key_for_custom_providers.sql #1
Ran migration: 39_billing_key_for_custom_providers.sql #2
Ran migration: 40_volcengine_text_tts_official_prices.sql #1
Ran migration: 40_volcengine_text_tts_official_prices.sql #2
Ran migration: 40_volcengine_text_tts_official_prices.sql #3
Ran migration: 40_volcengine_text_tts_official_prices.sql #4
Ran migration: 40_volcengine_text_tts_official_prices.sql #5
Ran migration: 41_billing_reconciliation.sql #1
Ran migration: 41_billing_reconciliation.sql #2
Ran migration: 41_billing_reconciliation.sql #3
Ran migration: 42_volcengine_seed_2_lite_prices.sql #1
Ran migration: 42_volcengine_seed_2_lite_prices.sql #2
Ran migration: 43_video_usage_output_meter_and_snapshot.sql #1
Ran migration: 43_video_usage_output_meter_and_snapshot.sql #2
Ran migration: 43_video_usage_output_meter_and_snapshot.sql #3
Ran migration: 44_deduplicate_video_output_meters.sql #1
Ran migration: 44_deduplicate_video_output_meters.sql #2
Ran migration: 45_remove_legacy_model_permissions.sql
Ran migration: 46_seed_2_lite_context_tier.sql #1
Ran migration: 46_seed_2_lite_context_tier.sql #2
Ran migration: 46_seed_2_lite_context_tier.sql #3
Ran migration: 47_seedance_2_mini_price.sql #1
Ran migration: 47_seedance_2_mini_price.sql #2
Ran migration: 48_media_archive_records.sql #1
Ran migration: 48_media_archive_records.sql #2
Ran migration: 49_seedance_2_5_price.sql #1
Ran migration: 49_seedance_2_5_price.sql #2
Ran migration: 50_storyboard_generation_inheritance.sql #1
Ran migration: 50_storyboard_generation_inheritance.sql #2
Ran migration: 51_video_poster_path.sql
Ran migration: 52_asset_links_video_interpolation.sql #1
Ran migration: 52_asset_links_video_interpolation.sql #2
Ran migration: 52_asset_links_video_interpolation.sql #3
Ran migration: 52_asset_links_video_interpolation.sql #4
Ran migration: 52_asset_links_video_interpolation.sql #5
Ran migration: 52_asset_links_video_interpolation.sql #6
Ran migration: 52_asset_links_video_interpolation.sql #7
Ran migration: 52_asset_links_video_interpolation.sql #8
Ran migration: 52_asset_links_video_interpolation.sql #9
Ran migration: 52_asset_links_video_interpolation.sql #10
Ran migration: 52_asset_links_video_interpolation.sql #11
Ran migration: 52_asset_links_video_interpolation.sql #12
Ran migration: 52_asset_links_video_interpolation.sql #13
Ran migration: 52_asset_links_video_interpolation.sql #14
Ran migration: 52_asset_links_video_interpolation.sql #15
Ran migration: 52_asset_links_video_interpolation.sql #16
Ran migration: 52_asset_links_video_interpolation.sql #17
Ran migration: 53_video_upscale_and_billing_reaudit.sql #1
Ran migration: 53_video_upscale_and_billing_reaudit.sql #2
Ran migration: 53_video_upscale_and_billing_reaudit.sql #3
Ran migration: 53_video_upscale_and_billing_reaudit.sql #4
Ran migration: 53_video_upscale_and_billing_reaudit.sql #5
Ran migration: 53_video_upscale_and_billing_reaudit.sql #6
Ran migration: 53_video_upscale_and_billing_reaudit.sql #7
Ran migration: 53_video_upscale_and_billing_reaudit.sql #9
Ran migration: 53_video_upscale_and_billing_reaudit.sql #10
Ran migration: 54_storyboard_optional_video_postprocess.sql #1
Ran migration: 54_storyboard_optional_video_postprocess.sql #2
Ran migration: 54_storyboard_optional_video_postprocess.sql #3
Ran migration: 55_video_intermediate_cleanup_opt_in.sql
Ran migration: 56_fix_mediakit_postprocess_display_fallback_prices.sql #1
Ran migration: 56_fix_mediakit_postprocess_display_fallback_prices.sql #2
Ran migration: 57_mediakit_shared_connection_defaults.sql
Ran migration: 58_storyboard_active_video_version.sql
Ran migration: 59_operations_alert_settings.sql #1
Ran migration: 59_operations_alert_settings.sql #2
Ran migration: 60_operations_report_snapshots.sql
Ran migration: 61_tenant_billing_and_console_isolation.sql #1
Ran migration: 61_tenant_billing_and_console_isolation.sql #2
Ran migration: 61_tenant_billing_and_console_isolation.sql #3
Ran migration: 61_tenant_billing_and_console_isolation.sql #4
Ran migration: 61_tenant_billing_and_console_isolation.sql #5
Ran migration: 61_tenant_billing_and_console_isolation.sql #6
Ran migration: 61_tenant_billing_and_console_isolation.sql #7
Ran migration: 61_tenant_billing_and_console_isolation.sql #8
Ran migration: 61_tenant_billing_and_console_isolation.sql #9
Ran migration: 61_tenant_billing_and_console_isolation.sql #10
Ran migration: 61_tenant_billing_and_console_isolation.sql #11
Ran migration: 61_tenant_billing_and_console_isolation.sql #12
Ran migration: 61_tenant_billing_and_console_isolation.sql #13
Ran migration: 61_tenant_billing_and_console_isolation.sql #14
Ran migration: 61_tenant_billing_and_console_isolation.sql #15
Ran migration: 61_tenant_billing_and_console_isolation.sql #16
Ran migration: 62_migrate_existing_users_to_default_tenant.sql #1
Ran migration: 62_migrate_existing_users_to_default_tenant.sql #2
Ran migration: 62_migrate_existing_users_to_default_tenant.sql #3
Ran migration: 62_migrate_existing_users_to_default_tenant.sql #4
Ran migration: 62_migrate_existing_users_to_default_tenant.sql #5
Ran migration: 63_geeknow_gpt_image_2_price.sql #1
Ran migration: 63_geeknow_gpt_image_2_price.sql #2
Ran migration: 64_default_tenant_price_book_compatibility.sql
Ran migration: 65_tool_run_tenant_scope.sql #1
Ran migration: 65_tool_run_tenant_scope.sql #2
Ran migration: 66_tenant_config_defaults.sql #1
Ran migration: 66_tenant_config_defaults.sql #2
Ran migration: 66_tenant_config_defaults.sql #3
Ran migration: 66_tenant_config_defaults.sql #4
Ran migration: 66_tenant_config_defaults.sql #5
Ran migration: 67_tenant_owned_ai_configs.sql #1
Ran migration: 67_tenant_owned_ai_configs.sql #2
Ran migration: 68_preserve_legacy_default_tenant.sql #1
Ran migration: 68_preserve_legacy_default_tenant.sql #2
Skip migration (table not found, will be ensured later): 69_homepage_default_video_resources.sql - no such table: global_settings
Ran migration: 70_billing_project_usage_snapshots.sql #1
Ran migration: 70_billing_project_usage_snapshots.sql #2
Ran migration: 70_billing_project_usage_snapshots.sql #3
Ran migration: 70_billing_project_usage_snapshots.sql #4
Ran migration: 70_billing_project_usage_snapshots.sql #5
Ran migration: 70_billing_project_usage_snapshots.sql #6
Ran migration: 70_billing_project_usage_snapshots.sql #7
Ran migration: 70_billing_project_usage_snapshots.sql #8
Ran migration: 70_billing_project_usage_snapshots.sql #9
Ran migration: 70_billing_project_usage_snapshots.sql #10
Ran migration: 70_billing_project_usage_snapshots.sql #11
Ran migration: 70_billing_project_usage_snapshots.sql #12
Ran migration: 70_billing_project_usage_snapshots.sql #13
Ran migration: 70_billing_project_usage_snapshots.sql #14
Ran migration: 71_billable_project_context.sql #1
Ran migration: 71_billable_project_context.sql #2
Ran migration: 71_billable_project_context.sql #3
Ran migration: 71_billable_project_context.sql #4
Migrated billing ledger to micro-points: [33m10000[39m
ensureColumns: added storyboards.layout_description (TEXT)
ensureColumns: added storyboards.image_url (TEXT)
ensureColumns: added storyboards.local_path (TEXT)
ensureColumns: added storyboards.main_panel_idx (INTEGER)
ensureColumns: added storyboards.composed_image (TEXT)
ensureColumns: added storyboards.result (TEXT)
ensureColumns: added storyboards.emotion (TEXT)
ensureColumns: added storyboards.emotion_intensity (INTEGER)
ensureColumns: added storyboards.error_msg (TEXT)
ensureColumns: added storyboards.lighting_style (TEXT)
ensureColumns: added storyboards.depth_of_field (TEXT)
ensureColumns: added storyboards.polished_prompt (TEXT)
ensureColumns: added storyboards.continuity_snapshot (TEXT)
ensureColumns: added storyboards.audio_local_path (TEXT)
ensureColumns: added storyboards.narration_audio_local_path (TEXT)
ensureColumns: added storyboards.omni_prompt_document_json (TEXT)
ensureColumns: added storyboards.first_frame_image_id (INTEGER)
ensureColumns: added storyboards.last_frame_image_id (INTEGER)
ensureColumns: added storyboards.last_frame_image_url (TEXT)
ensureColumns: added storyboards.last_frame_local_path (TEXT)
ensureColumns: added characters.extra_images (TEXT)
ensureColumns: added characters.error_msg (TEXT)
ensureColumns: added characters.ref_image (TEXT)
ensureColumns: added characters.seedance2_voice_asset (TEXT)
ensureColumns: added scenes.polished_prompt (TEXT)
ensureColumns: added scenes.extra_images (TEXT)
ensureColumns: added scenes.ref_image (TEXT)
ensureColumns: added scenes.error_msg (TEXT)
ensureColumns: added props.extra_images (TEXT)
ensureColumns: added props.ref_image (TEXT)
ensureColumns: added props.error_msg (TEXT)
ensureColumns: added tenants.is_new_user_default (INTEGER DEFAULT 0)
ensureColumns: added image_generations.episode_id (INTEGER)
ensureColumns: added image_generations.use_first_frame_layout_lock (INTEGER)
ensureColumns: added image_generations.width (INTEGER)
ensureColumns: added image_generations.height (INTEGER)
ensureColumns: added video_generations.resolution (TEXT)
ensureColumns: added video_generations.seed (INTEGER)
ensureColumns: added video_generations.camera_fixed (INTEGER)
ensureColumns: added video_generations.watermark (INTEGER)
ensureColumns: added video_generations.provider_task_id (TEXT)
ensureColumns: added video_generations.archive_status (TEXT)
ensureColumns: added video_generations.archive_error (TEXT)
ensureColumns: added video_generations.archive_attempts (INTEGER NOT NULL DEFAULT 0)
ensureColumns: added video_generations.archived_at (TEXT)
ensureColumns: added video_merges.merge_options (TEXT)
ensureColumns: added video_merges.merged_url (TEXT)
ensureColumns: added video_merges.duration (INTEGER)
ensureColumns: added video_merges.completed_at (TEXT)
ensureColumns: added video_merges.error_msg (TEXT)
ensureColumns: added assets.reference_alias (TEXT)
ensureColumns: added assets.archived_at (TEXT)
ensureColumns: added omni_video_jobs.storyboard_id (INTEGER)
[32m✔ SD2 recovery marks an unrecoverable waiting job invalid instead of retrying forever [90m(332.4088ms)[39m[39m
[32m✔ hiding a completed history entry retains its source generation and records the actor [90m(18.1138ms)[39m[39m
[32m✔ a different user cannot hide another user's history entry [90m(2.1249ms)[39m[39m
[32m✔ ownership guard allows a user to generate within their own project [90m(2.2525ms)[39m[39m
[32m✔ ownership guard rejects cross-user generation for both user and admin accounts [90m(3.1047ms)[39m[39m
[32m✔ ownership guard resolves a project asset through its project owner before a stale direct owner [90m(1.7983ms)[39m[39m
[32m✔ readiness requires both SQLite and the built frontend [90m(10.0534ms)[39m[39m
[32m✔ revision is optional and comes from APP_REVISION [90m(0.4559ms)[39m[39m
[32m✔ createStoryboard allocates a new unique number when stale client submits an existing number [90m(22.0441ms)[39m[39m
[32m✔ createStoryboard preserves an explicit unused number and rejects invalid episode ids [90m(2.4222ms)[39m[39m
Ran migration: 01_init.sql #1
Ran migration: 01_init.sql #2
Ran migration: 01_init.sql #3
Ran migration: 01_init.sql #4
Ran migration: 01_init.sql #5
Ran migration: 01_init.sql #6
Ran migration: 01_init.sql #7
Ran migration: 01_init.sql #8
Ran migration: 01_init.sql #9
Ran migration: 01_init.sql #10
Ran migration: 01_init.sql #11
Ran migration: 01_init.sql #12
Ran migration: 01_init.sql #13
Ran migration: 01_init.sql #14
Ran migration: 01_init.sql #15
Ran migration: 01_init.sql #16
Ran migration: 01_init.sql #17
Ran migration: 01_init.sql #18
Skip (already exists): 02_add_default_model.sql
Ran migration: 03_add_props_episode_id.sql
Skip (already exists): 04_async_tasks_columns.sql #1
Skip (already exists): 04_async_tasks_columns.sql #2
Skip (already exists): 04_async_tasks_columns.sql #3
Skip (already exists): 05_add_image_generations_completed_at.sql #1
Skip (already exists): 05_add_image_generations_completed_at.sql #2
Skip (already exists): 06_add_characters_local_path.sql
Skip (already exists): 07_add_scenes_image_columns.sql #1
Skip (already exists): 07_add_scenes_image_columns.sql #2
Skip (already exists): 08_add_video_generations_completed_at.sql #1
Skip (already exists): 08_add_video_generations_completed_at.sql #2
Ran migration: 09_scene_prop_libraries.sql #1
Ran migration: 09_scene_prop_libraries.sql #2
Ran migration: 10_prompt_overrides.sql
Ran migration: 11_add_api_protocol.sql
Ran migration: 12_image_proxy_cache.sql
Ran migration: 13_character_identity_anchors.sql #1
Ran migration: 13_character_identity_anchors.sql #2
Ran migration: 13_character_identity_anchors.sql #3
Ran migration: 13_character_identity_anchors.sql #4
Ran migration: 13_character_identity_anchors.sql #5
Ran migration: 13_character_identity_anchors.sql #6
Ran migration: 13_character_identity_anchors.sql #7
Ran migration: 13_character_identity_anchors.sql #8
Ran migration: 13_character_identity_anchors.sql #9
Ran migration: 14_storyboard_segments_and_model_map.sql #1
Ran migration: 14_storyboard_segments_and_model_map.sql #2
Ran migration: 14_storyboard_segments_and_model_map.sql #3
Ran migration: 15_storyboard_angle_structured.sql #1
Ran migration: 15_storyboard_angle_structured.sql #2
Ran migration: 15_storyboard_angle_structured.sql #3
Ran migration: 16_character_polished_prompt.sql
Ran migration: 17_character_stages.sql
Ran migration: 18_storyboard_narration.sql
Ran migration: 19_storyboard_universal_mode.sql #1
Ran migration: 19_storyboard_universal_mode.sql #2
Ran migration: 20_character_seedance2_asset.sql
Ran migration: 21_asset_negative_prompt.sql #1
Ran migration: 21_asset_negative_prompt.sql #2
Ran migration: 21_asset_negative_prompt.sql #3
Skip (already exists): 22_library_source_id.sql #1
Skip (already exists): 22_library_source_id.sql #2
Skip (already exists): 22_library_source_id.sql #3
Skip (already exists): 22_library_source_id.sql #4
Skip (already exists): 22_library_source_id.sql #5
Skip (already exists): 22_library_source_id.sql #6
Ran migration: 22_library_source_id.sql #7
Ran migration: 22_library_source_id.sql #8
Ran migration: 22_library_source_id.sql #9
Ran migration: 23_omni_video_workbench.sql #1
Ran migration: 23_omni_video_workbench.sql #2
Ran migration: 23_omni_video_workbench.sql #3
Ran migration: 23_omni_video_workbench.sql #4
Ran migration: 23_omni_video_workbench.sql #5
Ran migration: 23_omni_video_workbench.sql #6
Ran migration: 23_omni_video_workbench.sql #7
Ran migration: 23_omni_video_workbench.sql #8
Ran migration: 23_omni_video_workbench.sql #9
Ran migration: 23_omni_video_workbench.sql #10
Ran migration: 23_omni_video_workbench.sql #11
Ran migration: 23_omni_video_workbench.sql #12
Ran migration: 24_asset_seedance2_certification.sql
Ran migration: 25_omni_sequences.sql #1
Ran migration: 25_omni_sequences.sql #2
Ran migration: 25_omni_sequences.sql #3
Ran migration: 25_omni_sequences.sql #4
Ran migration: 25_omni_sequences.sql #5
Ran migration: 26_omni_workbench_improvements.sql #1
Ran migration: 26_omni_workbench_improvements.sql #2
Ran migration: 27_ai_toolbox.sql #1
Ran migration: 27_ai_toolbox.sql #2
Ran migration: 27_ai_toolbox.sql #3
Ran migration: 27_ai_toolbox.sql #4
Ran migration: 27_ai_toolbox.sql #5
Ran migration: 27_ai_toolbox.sql #6
Ran migration: 27_ai_toolbox.sql #7
Ran migration: 28_storyboard_generation_settings.sql #1
Ran migration: 28_storyboard_generation_settings.sql #2
Ran migration: 28_storyboard_generation_settings.sql #3
Ran migration: 28_storyboard_generation_settings.sql #4
Ran migration: 29_resource_seedance2_asset.sql #1
Ran migration: 29_resource_seedance2_asset.sql #2
Ran migration: 30_storyboard_omni_assets.sql #1
Ran migration: 30_storyboard_omni_assets.sql #2
Ran migration: 30_storyboard_omni_assets.sql #3
Ran migration: 30_storyboard_omni_assets.sql #4
Ran migration: 30_storyboard_omni_assets.sql #5
Ran migration: 30_storyboard_omni_assets.sql #6
Ran migration: 30_storyboard_omni_assets.sql #7
Ran migration: 30_storyboard_omni_assets.sql #8
Ran migration: 30_storyboard_omni_assets.sql #9
Ran migration: 31_storyboard_sort_order.sql
Ran migration: 32_asset_favorites.sql
Ran migration: 33_auth_billing_admin.sql #1
Ran migration: 33_auth_billing_admin.sql #2
Ran migration: 33_auth_billing_admin.sql #3
Ran migration: 33_auth_billing_admin.sql #4
Ran migration: 33_auth_billing_admin.sql #5
Ran migration: 33_auth_billing_admin.sql #6
Ran migration: 33_auth_billing_admin.sql #7
Ran migration: 33_auth_billing_admin.sql #8
Ran migration: 33_auth_billing_admin.sql #9
Ran migration: 33_auth_billing_admin.sql #10
Ran migration: 33_auth_billing_admin.sql #11
Ran migration: 33_auth_billing_admin.sql #12
Ran migration: 33_auth_billing_admin.sql #13
Ran migration: 33_auth_billing_admin.sql #14
Ran migration: 33_auth_billing_admin.sql #15
Ran migration: 33_auth_billing_admin.sql #16
Ran migration: 33_auth_billing_admin.sql #17
Ran migration: 33_auth_billing_admin.sql #18
Ran migration: 33_auth_billing_admin.sql #19
Ran migration: 33_auth_billing_admin.sql #20
Ran migration: 33_auth_billing_admin.sql #21
Ran migration: 34_workflow_ownership.sql #1
Ran migration: 34_workflow_ownership.sql #2
Ran migration: 34_workflow_ownership.sql #3
Ran migration: 34_workflow_ownership.sql #4
Ran migration: 34_workflow_ownership.sql #5
Ran migration: 34_workflow_ownership.sql #6
Ran migration: 34_workflow_ownership.sql #7
Ran migration: 35_runtime_auth_settings.sql
Ran migration: 36_volcengine_seedream_official_prices.sql #1
Ran migration: 36_volcengine_seedream_official_prices.sql #2
Ran migration: 36_volcengine_seedream_official_prices.sql #3
Ran migration: 37_points_ratio_and_volcengine_video_prices.sql #1
Ran migration: 37_points_ratio_and_volcengine_video_prices.sql #2
Ran migration: 37_points_ratio_and_volcengine_video_prices.sql #3
Ran migration: 37_points_ratio_and_volcengine_video_prices.sql #4
Ran migration: 37_points_ratio_and_volcengine_video_prices.sql #5
Ran migration: 37_points_ratio_and_volcengine_video_prices.sql #6
Ran migration: 37_points_ratio_and_volcengine_video_prices.sql #7
Ran migration: 37_points_ratio_and_volcengine_video_prices.sql #8
Ran migration: 38_seedance_video_rate_contexts.sql #1
Ran migration: 38_seedance_video_rate_contexts.sql #2
Ran migration: 39_billing_key_for_custom_providers.sql #1
Ran migration: 39_billing_key_for_custom_providers.sql #2
Ran migration: 40_volcengine_text_tts_official_prices.sql #1
Ran migration: 40_volcengine_text_tts_official_prices.sql #2
Ran migration: 40_volcengine_text_tts_official_prices.sql #3
Ran migration: 40_volcengine_text_tts_official_prices.sql #4
Ran migration: 40_volcengine_text_tts_official_prices.sql #5
Ran migration: 41_billing_reconciliation.sql #1
Ran migration: 41_billing_reconciliation.sql #2
Ran migration: 41_billing_reconciliation.sql #3
Ran migration: 42_volcengine_seed_2_lite_prices.sql #1
Ran migration: 42_volcengine_seed_2_lite_prices.sql #2
Ran migration: 43_video_usage_output_meter_and_snapshot.sql #1
Ran migration: 43_video_usage_output_meter_and_snapshot.sql #2
Ran migration: 43_video_usage_output_meter_and_snapshot.sql #3
Ran migration: 44_deduplicate_video_output_meters.sql #1
Ran migration: 44_deduplicate_video_output_meters.sql #2
Ran migration: 45_remove_legacy_model_permissions.sql
Ran migration: 46_seed_2_lite_context_tier.sql #1
Ran migration: 46_seed_2_lite_context_tier.sql #2
Ran migration: 46_seed_2_lite_context_tier.sql #3
Ran migration: 47_seedance_2_mini_price.sql #1
Ran migration: 47_seedance_2_mini_price.sql #2
Ran migration: 48_media_archive_records.sql #1
Ran migration: 48_media_archive_records.sql #2
Ran migration: 49_seedance_2_5_price.sql #1
Ran migration: 49_seedance_2_5_price.sql #2
Ran migration: 50_storyboard_generation_inheritance.sql #1
Ran migration: 50_storyboard_generation_inheritance.sql #2
Ran migration: 51_video_poster_path.sql
Ran migration: 52_asset_links_video_interpolation.sql #1
Ran migration: 52_asset_links_video_interpolation.sql #2
Ran migration: 52_asset_links_video_interpolation.sql #3
Ran migration: 52_asset_links_video_interpolation.sql #4
Ran migration: 52_asset_links_video_interpolation.sql #5
Ran migration: 52_asset_links_video_interpolation.sql #6
Ran migration: 52_asset_links_video_interpolation.sql #7
Ran migration: 52_asset_links_video_interpolation.sql #8
Ran migration: 52_asset_links_video_interpolation.sql #9
Ran migration: 52_asset_links_video_interpolation.sql #10
Ran migration: 52_asset_links_video_interpolation.sql #11
Ran migration: 52_asset_links_video_interpolation.sql #12
Ran migration: 52_asset_links_video_interpolation.sql #13
Ran migration: 52_asset_links_video_interpolation.sql #14
Ran migration: 52_asset_links_video_interpolation.sql #15
Ran migration: 52_asset_links_video_interpolation.sql #16
Ran migration: 52_asset_links_video_interpolation.sql #17
Ran migration: 53_video_upscale_and_billing_reaudit.sql #1
Ran migration: 53_video_upscale_and_billing_reaudit.sql #2
Ran migration: 53_video_upscale_and_billing_reaudit.sql #3
Ran migration: 53_video_upscale_and_billing_reaudit.sql #4
Ran migration: 53_video_upscale_and_billing_reaudit.sql #5
Ran migration: 53_video_upscale_and_billing_reaudit.sql #6
Ran migration: 53_video_upscale_and_billing_reaudit.sql #7
Ran migration: 53_video_upscale_and_billing_reaudit.sql #9
Ran migration: 53_video_upscale_and_billing_reaudit.sql #10
Ran migration: 54_storyboard_optional_video_postprocess.sql #1
Ran migration: 54_storyboard_optional_video_postprocess.sql #2
Ran migration: 54_storyboard_optional_video_postprocess.sql #3
Ran migration: 55_video_intermediate_cleanup_opt_in.sql
Ran migration: 56_fix_mediakit_postprocess_display_fallback_prices.sql #1
Ran migration: 56_fix_mediakit_postprocess_display_fallback_prices.sql #2
Ran migration: 57_mediakit_shared_connection_defaults.sql
Ran migration: 58_storyboard_active_video_version.sql
Ran migration: 59_operations_alert_settings.sql #1
Ran migration: 59_operations_alert_settings.sql #2
Ran migration: 60_operations_report_snapshots.sql
Ran migration: 61_tenant_billing_and_console_isolation.sql #1
Ran migration: 61_tenant_billing_and_console_isolation.sql #2
Ran migration: 61_tenant_billing_and_console_isolation.sql #3
Ran migration: 61_tenant_billing_and_console_isolation.sql #4
Ran migration: 61_tenant_billing_and_console_isolation.sql #5
Ran migration: 61_tenant_billing_and_console_isolation.sql #6
Ran migration: 61_tenant_billing_and_console_isolation.sql #7
Ran migration: 61_tenant_billing_and_console_isolation.sql #8
Ran migration: 61_tenant_billing_and_console_isolation.sql #9
Ran migration: 61_tenant_billing_and_console_isolation.sql #10
Ran migration: 61_tenant_billing_and_console_isolation.sql #11
Ran migration: 61_tenant_billing_and_console_isolation.sql #12
Ran migration: 61_tenant_billing_and_console_isolation.sql #13
Ran migration: 61_tenant_billing_and_console_isolation.sql #14
Ran migration: 61_tenant_billing_and_console_isolation.sql #15
Ran migration: 61_tenant_billing_and_console_isolation.sql #16
Ran migration: 62_migrate_existing_users_to_default_tenant.sql #1
Ran migration: 62_migrate_existing_users_to_default_tenant.sql #2
Ran migration: 62_migrate_existing_users_to_default_tenant.sql #3
Ran migration: 62_migrate_existing_users_to_default_tenant.sql #4
Ran migration: 62_migrate_existing_users_to_default_tenant.sql #5
Ran migration: 63_geeknow_gpt_image_2_price.sql #1
Ran migration: 63_geeknow_gpt_image_2_price.sql #2
Ran migration: 64_default_tenant_price_book_compatibility.sql
Ran migration: 65_tool_run_tenant_scope.sql #1
Ran migration: 65_tool_run_tenant_scope.sql #2
Ran migration: 66_tenant_config_defaults.sql #1
Ran migration: 66_tenant_config_defaults.sql #2
Ran migration: 66_tenant_config_defaults.sql #3
Ran migration: 66_tenant_config_defaults.sql #4
Ran migration: 66_tenant_config_defaults.sql #5
Ran migration: 67_tenant_owned_ai_configs.sql #1
Ran migration: 67_tenant_owned_ai_configs.sql #2
Ran migration: 68_preserve_legacy_default_tenant.sql #1
Ran migration: 68_preserve_legacy_default_tenant.sql #2
Skip migration (table not found, will be ensured later): 69_homepage_default_video_resources.sql - no such table: global_settings
Ran migration: 70_billing_project_usage_snapshots.sql #1
Ran migration: 70_billing_project_usage_snapshots.sql #2
Ran migration: 70_billing_project_usage_snapshots.sql #3
Ran migration: 70_billing_project_usage_snapshots.sql #4
Ran migration: 70_billing_project_usage_snapshots.sql #5
Ran migration: 70_billing_project_usage_snapshots.sql #6
Ran migration: 70_billing_project_usage_snapshots.sql #7
Ran migration: 70_billing_project_usage_snapshots.sql #8
Ran migration: 70_billing_project_usage_snapshots.sql #9
Ran migration: 70_billing_project_usage_snapshots.sql #10
Ran migration: 70_billing_project_usage_snapshots.sql #11
Ran migration: 70_billing_project_usage_snapshots.sql #12
Ran migration: 70_billing_project_usage_snapshots.sql #13
Ran migration: 70_billing_project_usage_snapshots.sql #14
Ran migration: 71_billable_project_context.sql #1
Ran migration: 71_billable_project_context.sql #2
Ran migration: 71_billable_project_context.sql #3
Ran migration: 71_billable_project_context.sql #4
Migrated billing ledger to micro-points: [33m10000[39m
ensureColumns: added storyboards.layout_description (TEXT)
ensureColumns: added storyboards.image_url (TEXT)
ensureColumns: added storyboards.local_path (TEXT)
ensureColumns: added storyboards.main_panel_idx (INTEGER)
ensureColumns: added storyboards.composed_image (TEXT)
ensureColumns: added storyboards.result (TEXT)
ensureColumns: added storyboards.emotion (TEXT)
ensureColumns: added storyboards.emotion_intensity (INTEGER)
ensureColumns: added storyboards.error_msg (TEXT)
ensureColumns: added storyboards.lighting_style (TEXT)
ensureColumns: added storyboards.depth_of_field (TEXT)
ensureColumns: added storyboards.polished_prompt (TEXT)
ensureColumns: added storyboards.continuity_snapshot (TEXT)
ensureColumns: added storyboards.audio_local_path (TEXT)
ensureColumns: added storyboards.narration_audio_local_path (TEXT)
ensureColumns: added storyboards.omni_prompt_document_json (TEXT)
ensureColumns: added storyboards.first_frame_image_id (INTEGER)
ensureColumns: added storyboards.last_frame_image_id (INTEGER)
ensureColumns: added storyboards.last_frame_image_url (TEXT)
ensureColumns: added storyboards.last_frame_local_path (TEXT)
ensureColumns: added characters.extra_images (TEXT)
ensureColumns: added characters.error_msg (TEXT)
ensureColumns: added characters.ref_image (TEXT)
ensureColumns: added characters.seedance2_voice_asset (TEXT)
ensureColumns: added scenes.polished_prompt (TEXT)
ensureColumns: added scenes.extra_images (TEXT)
ensureColumns: added scenes.ref_image (TEXT)
ensureColumns: added scenes.error_msg (TEXT)
ensureColumns: added props.extra_images (TEXT)
ensureColumns: added props.ref_image (TEXT)
ensureColumns: added props.error_msg (TEXT)
ensureColumns: added tenants.is_new_user_default (INTEGER DEFAULT 0)
ensureColumns: added image_generations.episode_id (INTEGER)
ensureColumns: added image_generations.use_first_frame_layout_lock (INTEGER)
ensureColumns: added image_generations.width (INTEGER)
ensureColumns: added image_generations.height (INTEGER)
ensureColumns: added video_generations.resolution (TEXT)
ensureColumns: added video_generations.seed (INTEGER)
ensureColumns: added video_generations.camera_fixed (INTEGER)
ensureColumns: added video_generations.watermark (INTEGER)
ensureColumns: added video_generations.provider_task_id (TEXT)
ensureColumns: added video_generations.archive_status (TEXT)
ensureColumns: added video_generations.archive_error (TEXT)
ensureColumns: added video_generations.archive_attempts (INTEGER NOT NULL DEFAULT 0)
ensureColumns: added video_generations.archived_at (TEXT)
ensureColumns: added video_merges.merge_options (TEXT)
ensureColumns: added video_merges.merged_url (TEXT)
ensureColumns: added video_merges.duration (INTEGER)
ensureColumns: added video_merges.completed_at (TEXT)
ensureColumns: added video_merges.error_msg (TEXT)
ensureColumns: added assets.reference_alias (TEXT)
ensureColumns: added assets.archived_at (TEXT)
ensureColumns: added omni_video_jobs.storyboard_id (INTEGER)
Ran migration: 01_init.sql #1
Ran migration: 01_init.sql #2
Ran migration: 01_init.sql #3
Ran migration: 01_init.sql #4
Ran migration: 01_init.sql #5
Ran migration: 01_init.sql #6
Ran migration: 01_init.sql #7
Ran migration: 01_init.sql #8
Ran migration: 01_init.sql #9
Ran migration: 01_init.sql #10
Ran migration: 01_init.sql #11
Ran migration: 01_init.sql #12
Ran migration: 01_init.sql #13
Ran migration: 01_init.sql #14
Ran migration: 01_init.sql #15
Ran migration: 01_init.sql #16
Ran migration: 01_init.sql #17
Ran migration: 01_init.sql #18
Skip (already exists): 02_add_default_model.sql
Ran migration: 03_add_props_episode_id.sql
Skip (already exists): 04_async_tasks_columns.sql #1
Skip (already exists): 04_async_tasks_columns.sql #2
Skip (already exists): 04_async_tasks_columns.sql #3
Skip (already exists): 05_add_image_generations_completed_at.sql #1
Skip (already exists): 05_add_image_generations_completed_at.sql #2
Skip (already exists): 06_add_characters_local_path.sql
Skip (already exists): 07_add_scenes_image_columns.sql #1
Skip (already exists): 07_add_scenes_image_columns.sql #2
Skip (already exists): 08_add_video_generations_completed_at.sql #1
Skip (already exists): 08_add_video_generations_completed_at.sql #2
Ran migration: 09_scene_prop_libraries.sql #1
Ran migration: 09_scene_prop_libraries.sql #2
Ran migration: 10_prompt_overrides.sql
Ran migration: 11_add_api_protocol.sql
Ran migration: 12_image_proxy_cache.sql
Ran migration: 13_character_identity_anchors.sql #1
Ran migration: 13_character_identity_anchors.sql #2
Ran migration: 13_character_identity_anchors.sql #3
Ran migration: 13_character_identity_anchors.sql #4
Ran migration: 13_character_identity_anchors.sql #5
Ran migration: 13_character_identity_anchors.sql #6
Ran migration: 13_character_identity_anchors.sql #7
Ran migration: 13_character_identity_anchors.sql #8
Ran migration: 13_character_identity_anchors.sql #9
Ran migration: 14_storyboard_segments_and_model_map.sql #1
Ran migration: 14_storyboard_segments_and_model_map.sql #2
Ran migration: 14_storyboard_segments_and_model_map.sql #3
Ran migration: 15_storyboard_angle_structured.sql #1
Ran migration: 15_storyboard_angle_structured.sql #2
Ran migration: 15_storyboard_angle_structured.sql #3
Ran migration: 16_character_polished_prompt.sql
Ran migration: 17_character_stages.sql
Ran migration: 18_storyboard_narration.sql
Ran migration: 19_storyboard_universal_mode.sql #1
Ran migration: 19_storyboard_universal_mode.sql #2
Ran migration: 20_character_seedance2_asset.sql
Ran migration: 21_asset_negative_prompt.sql #1
Ran migration: 21_asset_negative_prompt.sql #2
Ran migration: 21_asset_negative_prompt.sql #3
Skip (already exists): 22_library_source_id.sql #1
Skip (already exists): 22_library_source_id.sql #2
Skip (already exists): 22_library_source_id.sql #3
Skip (already exists): 22_library_source_id.sql #4
Skip (already exists): 22_library_source_id.sql #5
Skip (already exists): 22_library_source_id.sql #6
Ran migration: 22_library_source_id.sql #7
Ran migration: 22_library_source_id.sql #8
Ran migration: 22_library_source_id.sql #9
Ran migration: 23_omni_video_workbench.sql #1
Ran migration: 23_omni_video_workbench.sql #2
Ran migration: 23_omni_video_workbench.sql #3
Ran migration: 23_omni_video_workbench.sql #4
Ran migration: 23_omni_video_workbench.sql #5
Ran migration: 23_omni_video_workbench.sql #6
Ran migration: 23_omni_video_workbench.sql #7
Ran migration: 23_omni_video_workbench.sql #8
Ran migration: 23_omni_video_workbench.sql #9
Ran migration: 23_omni_video_workbench.sql #10
Ran migration: 23_omni_video_workbench.sql #11
Ran migration: 23_omni_video_workbench.sql #12
Ran migration: 24_asset_seedance2_certification.sql
Ran migration: 25_omni_sequences.sql #1
Ran migration: 25_omni_sequences.sql #2
Ran migration: 25_omni_sequences.sql #3
Ran migration: 25_omni_sequences.sql #4
Ran migration: 25_omni_sequences.sql #5
Ran migration: 26_omni_workbench_improvements.sql #1
Ran migration: 26_omni_workbench_improvements.sql #2
Ran migration: 27_ai_toolbox.sql #1
Ran migration: 27_ai_toolbox.sql #2
Ran migration: 27_ai_toolbox.sql #3
Ran migration: 27_ai_toolbox.sql #4
Ran migration: 27_ai_toolbox.sql #5
Ran migration: 27_ai_toolbox.sql #6
Ran migration: 27_ai_toolbox.sql #7
Ran migration: 28_storyboard_generation_settings.sql #1
Ran migration: 28_storyboard_generation_settings.sql #2
Ran migration: 28_storyboard_generation_settings.sql #3
Ran migration: 28_storyboard_generation_settings.sql #4
Ran migration: 29_resource_seedance2_asset.sql #1
Ran migration: 29_resource_seedance2_asset.sql #2
Ran migration: 30_storyboard_omni_assets.sql #1
Ran migration: 30_storyboard_omni_assets.sql #2
Ran migration: 30_storyboard_omni_assets.sql #3
Ran migration: 30_storyboard_omni_assets.sql #4
Ran migration: 30_storyboard_omni_assets.sql #5
Ran migration: 30_storyboard_omni_assets.sql #6
Ran migration: 30_storyboard_omni_assets.sql #7
Ran migration: 30_storyboard_omni_assets.sql #8
Ran migration: 30_storyboard_omni_assets.sql #9
Ran migration: 31_storyboard_sort_order.sql
Ran migration: 32_asset_favorites.sql
Ran migration: 33_auth_billing_admin.sql #1
Ran migration: 33_auth_billing_admin.sql #2
Ran migration: 33_auth_billing_admin.sql #3
Ran migration: 33_auth_billing_admin.sql #4
Ran migration: 33_auth_billing_admin.sql #5
Ran migration: 33_auth_billing_admin.sql #6
Ran migration: 33_auth_billing_admin.sql #7
Ran migration: 33_auth_billing_admin.sql #8
Ran migration: 33_auth_billing_admin.sql #9
Ran migration: 33_auth_billing_admin.sql #10
Ran migration: 33_auth_billing_admin.sql #11
Ran migration: 33_auth_billing_admin.sql #12
Ran migration: 33_auth_billing_admin.sql #13
Ran migration: 33_auth_billing_admin.sql #14
Ran migration: 33_auth_billing_admin.sql #15
Ran migration: 33_auth_billing_admin.sql #16
Ran migration: 33_auth_billing_admin.sql #17
Ran migration: 33_auth_billing_admin.sql #18
Ran migration: 33_auth_billing_admin.sql #19
Ran migration: 33_auth_billing_admin.sql #20
Ran migration: 33_auth_billing_admin.sql #21
Ran migration: 34_workflow_ownership.sql #1
Ran migration: 34_workflow_ownership.sql #2
Ran migration: 34_workflow_ownership.sql #3
Ran migration: 34_workflow_ownership.sql #4
Ran migration: 34_workflow_ownership.sql #5
Ran migration: 34_workflow_ownership.sql #6
Ran migration: 34_workflow_ownership.sql #7
Ran migration: 35_runtime_auth_settings.sql
Ran migration: 36_volcengine_seedream_official_prices.sql #1
Ran migration: 36_volcengine_seedream_official_prices.sql #2
Ran migration: 36_volcengine_seedream_official_prices.sql #3
Ran migration: 37_points_ratio_and_volcengine_video_prices.sql #1
Ran migration: 37_points_ratio_and_volcengine_video_prices.sql #2
Ran migration: 37_points_ratio_and_volcengine_video_prices.sql #3
Ran migration: 37_points_ratio_and_volcengine_video_prices.sql #4
Ran migration: 37_points_ratio_and_volcengine_video_prices.sql #5
Ran migration: 37_points_ratio_and_volcengine_video_prices.sql #6
Ran migration: 37_points_ratio_and_volcengine_video_prices.sql #7
Ran migration: 37_points_ratio_and_volcengine_video_prices.sql #8
Ran migration: 38_seedance_video_rate_contexts.sql #1
Ran migration: 38_seedance_video_rate_contexts.sql #2
Ran migration: 39_billing_key_for_custom_providers.sql #1
Ran migration: 39_billing_key_for_custom_providers.sql #2
Ran migration: 40_volcengine_text_tts_official_prices.sql #1
Ran migration: 40_volcengine_text_tts_official_prices.sql #2
Ran migration: 40_volcengine_text_tts_official_prices.sql #3
Ran migration: 40_volcengine_text_tts_official_prices.sql #4
Ran migration: 40_volcengine_text_tts_official_prices.sql #5
Ran migration: 41_billing_reconciliation.sql #1
Ran migration: 41_billing_reconciliation.sql #2
Ran migration: 41_billing_reconciliation.sql #3
Ran migration: 42_volcengine_seed_2_lite_prices.sql #1
Ran migration: 42_volcengine_seed_2_lite_prices.sql #2
Ran migration: 43_video_usage_output_meter_and_snapshot.sql #1
Ran migration: 43_video_usage_output_meter_and_snapshot.sql #2
Ran migration: 43_video_usage_output_meter_and_snapshot.sql #3
Ran migration: 44_deduplicate_video_output_meters.sql #1
Ran migration: 44_deduplicate_video_output_meters.sql #2
Ran migration: 45_remove_legacy_model_permissions.sql
Ran migration: 46_seed_2_lite_context_tier.sql #1
Ran migration: 46_seed_2_lite_context_tier.sql #2
Ran migration: 46_seed_2_lite_context_tier.sql #3
Ran migration: 47_seedance_2_mini_price.sql #1
Ran migration: 47_seedance_2_mini_price.sql #2
Ran migration: 48_media_archive_records.sql #1
Ran migration: 48_media_archive_records.sql #2
Ran migration: 49_seedance_2_5_price.sql #1
Ran migration: 49_seedance_2_5_price.sql #2
Ran migration: 50_storyboard_generation_inheritance.sql #1
Ran migration: 50_storyboard_generation_inheritance.sql #2
Ran migration: 51_video_poster_path.sql
Ran migration: 52_asset_links_video_interpolation.sql #1
Ran migration: 52_asset_links_video_interpolation.sql #2
Ran migration: 52_asset_links_video_interpolation.sql #3
Ran migration: 52_asset_links_video_interpolation.sql #4
Ran migration: 52_asset_links_video_interpolation.sql #5
Ran migration: 52_asset_links_video_interpolation.sql #6
Ran migration: 52_asset_links_video_interpolation.sql #7
Ran migration: 52_asset_links_video_interpolation.sql #8
Ran migration: 52_asset_links_video_interpolation.sql #9
Ran migration: 52_asset_links_video_interpolation.sql #10
Ran migration: 52_asset_links_video_interpolation.sql #11
Ran migration: 52_asset_links_video_interpolation.sql #12
Ran migration: 52_asset_links_video_interpolation.sql #13
Ran migration: 52_asset_links_video_interpolation.sql #14
Ran migration: 52_asset_links_video_interpolation.sql #15
Ran migration: 52_asset_links_video_interpolation.sql #16
Ran migration: 52_asset_links_video_interpolation.sql #17
Ran migration: 53_video_upscale_and_billing_reaudit.sql #1
Ran migration: 53_video_upscale_and_billing_reaudit.sql #2
Ran migration: 53_video_upscale_and_billing_reaudit.sql #3
Ran migration: 53_video_upscale_and_billing_reaudit.sql #4
Ran migration: 53_video_upscale_and_billing_reaudit.sql #5
Ran migration: 53_video_upscale_and_billing_reaudit.sql #6
Ran migration: 53_video_upscale_and_billing_reaudit.sql #7
Ran migration: 53_video_upscale_and_billing_reaudit.sql #9
Ran migration: 53_video_upscale_and_billing_reaudit.sql #10
Ran migration: 54_storyboard_optional_video_postprocess.sql #1
Ran migration: 54_storyboard_optional_video_postprocess.sql #2
Ran migration: 54_storyboard_optional_video_postprocess.sql #3
Ran migration: 55_video_intermediate_cleanup_opt_in.sql
Ran migration: 56_fix_mediakit_postprocess_display_fallback_prices.sql #1
Ran migration: 56_fix_mediakit_postprocess_display_fallback_prices.sql #2
Ran migration: 57_mediakit_shared_connection_defaults.sql
Ran migration: 58_storyboard_active_video_version.sql
Ran migration: 59_operations_alert_settings.sql #1
Ran migration: 59_operations_alert_settings.sql #2
Ran migration: 60_operations_report_snapshots.sql
Ran migration: 61_tenant_billing_and_console_isolation.sql #1
Ran migration: 61_tenant_billing_and_console_isolation.sql #2
Ran migration: 61_tenant_billing_and_console_isolation.sql #3
Ran migration: 61_tenant_billing_and_console_isolation.sql #4
Ran migration: 61_tenant_billing_and_console_isolation.sql #5
Ran migration: 61_tenant_billing_and_console_isolation.sql #6
Ran migration: 61_tenant_billing_and_console_isolation.sql #7
Ran migration: 61_tenant_billing_and_console_isolation.sql #8
Ran migration: 61_tenant_billing_and_console_isolation.sql #9
Ran migration: 61_tenant_billing_and_console_isolation.sql #10
Ran migration: 61_tenant_billing_and_console_isolation.sql #11
Ran migration: 61_tenant_billing_and_console_isolation.sql #12
Ran migration: 61_tenant_billing_and_console_isolation.sql #13
Ran migration: 61_tenant_billing_and_console_isolation.sql #14
Ran migration: 61_tenant_billing_and_console_isolation.sql #15
Ran migration: 61_tenant_billing_and_console_isolation.sql #16
Ran migration: 62_migrate_existing_users_to_default_tenant.sql #1
Ran migration: 62_migrate_existing_users_to_default_tenant.sql #2
Ran migration: 62_migrate_existing_users_to_default_tenant.sql #3
Ran migration: 62_migrate_existing_users_to_default_tenant.sql #4
Ran migration: 62_migrate_existing_users_to_default_tenant.sql #5
Ran migration: 63_geeknow_gpt_image_2_price.sql #1
Ran migration: 63_geeknow_gpt_image_2_price.sql #2
Ran migration: 64_default_tenant_price_book_compatibility.sql
Ran migration: 65_tool_run_tenant_scope.sql #1
Ran migration: 65_tool_run_tenant_scope.sql #2
Ran migration: 66_tenant_config_defaults.sql #1
Ran migration: 66_tenant_config_defaults.sql #2
Ran migration: 66_tenant_config_defaults.sql #3
Ran migration: 66_tenant_config_defaults.sql #4
Ran migration: 66_tenant_config_defaults.sql #5
Ran migration: 67_tenant_owned_ai_configs.sql #1
Ran migration: 67_tenant_owned_ai_configs.sql #2
Ran migration: 68_preserve_legacy_default_tenant.sql #1
Ran migration: 68_preserve_legacy_default_tenant.sql #2
Skip migration (table not found, will be ensured later): 69_homepage_default_video_resources.sql - no such table: global_settings
Ran migration: 70_billing_project_usage_snapshots.sql #1
Ran migration: 70_billing_project_usage_snapshots.sql #2
Ran migration: 70_billing_project_usage_snapshots.sql #3
Ran migration: 70_billing_project_usage_snapshots.sql #4
Ran migration: 70_billing_project_usage_snapshots.sql #5
Ran migration: 70_billing_project_usage_snapshots.sql #6
Ran migration: 70_billing_project_usage_snapshots.sql #7
Ran migration: 70_billing_project_usage_snapshots.sql #8
Ran migration: 70_billing_project_usage_snapshots.sql #9
Ran migration: 70_billing_project_usage_snapshots.sql #10
Ran migration: 70_billing_project_usage_snapshots.sql #11
Ran migration: 70_billing_project_usage_snapshots.sql #12
Ran migration: 70_billing_project_usage_snapshots.sql #13
Ran migration: 70_billing_project_usage_snapshots.sql #14
Ran migration: 71_billable_project_context.sql #1
Ran migration: 71_billable_project_context.sql #2
Ran migration: 71_billable_project_context.sql #3
Ran migration: 71_billable_project_context.sql #4
Migrated billing ledger to micro-points: [33m10000[39m
ensureColumns: added storyboards.layout_description (TEXT)
ensureColumns: added storyboards.image_url (TEXT)
ensureColumns: added storyboards.local_path (TEXT)
ensureColumns: added storyboards.main_panel_idx (INTEGER)
ensureColumns: added storyboards.composed_image (TEXT)
ensureColumns: added storyboards.result (TEXT)
ensureColumns: added storyboards.emotion (TEXT)
ensureColumns: added storyboards.emotion_intensity (INTEGER)
ensureColumns: added storyboards.error_msg (TEXT)
ensureColumns: added storyboards.lighting_style (TEXT)
ensureColumns: added storyboards.depth_of_field (TEXT)
ensureColumns: added storyboards.polished_prompt (TEXT)
ensureColumns: added storyboards.continuity_snapshot (TEXT)
ensureColumns: added storyboards.audio_local_path (TEXT)
ensureColumns: added storyboards.narration_audio_local_path (TEXT)
ensureColumns: added storyboards.omni_prompt_document_json (TEXT)
ensureColumns: added storyboards.first_frame_image_id (INTEGER)
ensureColumns: added storyboards.last_frame_image_id (INTEGER)
ensureColumns: added storyboards.last_frame_image_url (TEXT)
ensureColumns: added storyboards.last_frame_local_path (TEXT)
ensureColumns: added characters.extra_images (TEXT)
ensureColumns: added characters.error_msg (TEXT)
ensureColumns: added characters.ref_image (TEXT)
ensureColumns: added characters.seedance2_voice_asset (TEXT)
ensureColumns: added scenes.polished_prompt (TEXT)
ensureColumns: added scenes.extra_images (TEXT)
ensureColumns: added scenes.ref_image (TEXT)
ensureColumns: added scenes.error_msg (TEXT)
ensureColumns: added props.extra_images (TEXT)
ensureColumns: added props.ref_image (TEXT)
ensureColumns: added props.error_msg (TEXT)
ensureColumns: added tenants.is_new_user_default (INTEGER DEFAULT 0)
ensureColumns: added image_generations.episode_id (INTEGER)
ensureColumns: added image_generations.use_first_frame_layout_lock (INTEGER)
ensureColumns: added image_generations.width (INTEGER)
ensureColumns: added image_generations.height (INTEGER)
ensureColumns: added video_generations.resolution (TEXT)
ensureColumns: added video_generations.seed (INTEGER)
ensureColumns: added video_generations.camera_fixed (INTEGER)
ensureColumns: added video_generations.watermark (INTEGER)
ensureColumns: added video_generations.provider_task_id (TEXT)
ensureColumns: added video_generations.archive_status (TEXT)
ensureColumns: added video_generations.archive_error (TEXT)
ensureColumns: added video_generations.archive_attempts (INTEGER NOT NULL DEFAULT 0)
ensureColumns: added video_generations.archived_at (TEXT)
ensureColumns: added video_merges.merge_options (TEXT)
ensureColumns: added video_merges.merged_url (TEXT)
ensureColumns: added video_merges.duration (INTEGER)
ensureColumns: added video_merges.completed_at (TEXT)
ensureColumns: added video_merges.error_msg (TEXT)
ensureColumns: added assets.reference_alias (TEXT)
ensureColumns: added assets.archived_at (TEXT)
ensureColumns: added omni_video_jobs.storyboard_id (INTEGER)
Ran migration: 01_init.sql #1
Ran migration: 01_init.sql #2
Ran migration: 01_init.sql #3
Ran migration: 01_init.sql #4
Ran migration: 01_init.sql #5
Ran migration: 01_init.sql #6
Ran migration: 01_init.sql #7
Ran migration: 01_init.sql #8
Ran migration: 01_init.sql #9
Ran migration: 01_init.sql #10
Ran migration: 01_init.sql #11
Ran migration: 01_init.sql #12
Ran migration: 01_init.sql #13
Ran migration: 01_init.sql #14
Ran migration: 01_init.sql #15
Ran migration: 01_init.sql #16
Ran migration: 01_init.sql #17
Ran migration: 01_init.sql #18
Skip (already exists): 02_add_default_model.sql
Ran migration: 03_add_props_episode_id.sql
Skip (already exists): 04_async_tasks_columns.sql #1
Skip (already exists): 04_async_tasks_columns.sql #2
Skip (already exists): 04_async_tasks_columns.sql #3
Skip (already exists): 05_add_image_generations_completed_at.sql #1
Skip (already exists): 05_add_image_generations_completed_at.sql #2
Skip (already exists): 06_add_characters_local_path.sql
Skip (already exists): 07_add_scenes_image_columns.sql #1
Skip (already exists): 07_add_scenes_image_columns.sql #2
Skip (already exists): 08_add_video_generations_completed_at.sql #1
Skip (already exists): 08_add_video_generations_completed_at.sql #2
Ran migration: 09_scene_prop_libraries.sql #1
Ran migration: 09_scene_prop_libraries.sql #2
Ran migration: 10_prompt_overrides.sql
Ran migration: 11_add_api_protocol.sql
Ran migration: 12_image_proxy_cache.sql
Ran migration: 13_character_identity_anchors.sql #1
Ran migration: 13_character_identity_anchors.sql #2
Ran migration: 13_character_identity_anchors.sql #3
Ran migration: 13_character_identity_anchors.sql #4
Ran migration: 13_character_identity_anchors.sql #5
Ran migration: 13_character_identity_anchors.sql #6
Ran migration: 13_character_identity_anchors.sql #7
Ran migration: 13_character_identity_anchors.sql #8
Ran migration: 13_character_identity_anchors.sql #9
Ran migration: 14_storyboard_segments_and_model_map.sql #1
Ran migration: 14_storyboard_segments_and_model_map.sql #2
Ran migration: 14_storyboard_segments_and_model_map.sql #3
Ran migration: 15_storyboard_angle_structured.sql #1
Ran migration: 15_storyboard_angle_structured.sql #2
Ran migration: 15_storyboard_angle_structured.sql #3
Ran migration: 16_character_polished_prompt.sql
Ran migration: 17_character_stages.sql
Ran migration: 18_storyboard_narration.sql
Ran migration: 19_storyboard_universal_mode.sql #1
Ran migration: 19_storyboard_universal_mode.sql #2
Ran migration: 20_character_seedance2_asset.sql
Ran migration: 21_asset_negative_prompt.sql #1
Ran migration: 21_asset_negative_prompt.sql #2
Ran migration: 21_asset_negative_prompt.sql #3
Skip (already exists): 22_library_source_id.sql #1
Skip (already exists): 22_library_source_id.sql #2
Skip (already exists): 22_library_source_id.sql #3
Skip (already exists): 22_library_source_id.sql #4
Skip (already exists): 22_library_source_id.sql #5
Skip (already exists): 22_library_source_id.sql #6
Ran migration: 22_library_source_id.sql #7
Ran migration: 22_library_source_id.sql #8
Ran migration: 22_library_source_id.sql #9
Ran migration: 23_omni_video_workbench.sql #1
Ran migration: 23_omni_video_workbench.sql #2
Ran migration: 23_omni_video_workbench.sql #3
Ran migration: 23_omni_video_workbench.sql #4
Ran migration: 23_omni_video_workbench.sql #5
Ran migration: 23_omni_video_workbench.sql #6
Ran migration: 23_omni_video_workbench.sql #7
Ran migration: 23_omni_video_workbench.sql #8
Ran migration: 23_omni_video_workbench.sql #9
Ran migration: 23_omni_video_workbench.sql #10
Ran migration: 23_omni_video_workbench.sql #11
Ran migration: 23_omni_video_workbench.sql #12
Ran migration: 24_asset_seedance2_certification.sql
Ran migration: 25_omni_sequences.sql #1
Ran migration: 25_omni_sequences.sql #2
Ran migration: 25_omni_sequences.sql #3
Ran migration: 25_omni_sequences.sql #4
Ran migration: 25_omni_sequences.sql #5
Ran migration: 26_omni_workbench_improvements.sql #1
Ran migration: 26_omni_workbench_improvements.sql #2
Ran migration: 27_ai_toolbox.sql #1
Ran migration: 27_ai_toolbox.sql #2
Ran migration: 27_ai_toolbox.sql #3
Ran migration: 27_ai_toolbox.sql #4
Ran migration: 27_ai_toolbox.sql #5
Ran migration: 27_ai_toolbox.sql #6
Ran migration: 27_ai_toolbox.sql #7
Ran migration: 28_storyboard_generation_settings.sql #1
Ran migration: 28_storyboard_generation_settings.sql #2
Ran migration: 28_storyboard_generation_settings.sql #3
Ran migration: 28_storyboard_generation_settings.sql #4
Ran migration: 29_resource_seedance2_asset.sql #1
Ran migration: 29_resource_seedance2_asset.sql #2
Ran migration: 30_storyboard_omni_assets.sql #1
Ran migration: 30_storyboard_omni_assets.sql #2
Ran migration: 30_storyboard_omni_assets.sql #3
Ran migration: 30_storyboard_omni_assets.sql #4
Ran migration: 30_storyboard_omni_assets.sql #5
Ran migration: 30_storyboard_omni_assets.sql #6
Ran migration: 30_storyboard_omni_assets.sql #7
Ran migration: 30_storyboard_omni_assets.sql #8
Ran migration: 30_storyboard_omni_assets.sql #9
Ran migration: 31_storyboard_sort_order.sql
Ran migration: 32_asset_favorites.sql
Ran migration: 33_auth_billing_admin.sql #1
Ran migration: 33_auth_billing_admin.sql #2
Ran migration: 33_auth_billing_admin.sql #3
Ran migration: 33_auth_billing_admin.sql #4
Ran migration: 33_auth_billing_admin.sql #5
Ran migration: 33_auth_billing_admin.sql #6
Ran migration: 33_auth_billing_admin.sql #7
Ran migration: 33_auth_billing_admin.sql #8
Ran migration: 33_auth_billing_admin.sql #9
Ran migration: 33_auth_billing_admin.sql #10
Ran migration: 33_auth_billing_admin.sql #11
Ran migration: 33_auth_billing_admin.sql #12
Ran migration: 33_auth_billing_admin.sql #13
Ran migration: 33_auth_billing_admin.sql #14
Ran migration: 33_auth_billing_admin.sql #15
Ran migration: 33_auth_billing_admin.sql #16
Ran migration: 33_auth_billing_admin.sql #17
Ran migration: 33_auth_billing_admin.sql #18
Ran migration: 33_auth_billing_admin.sql #19
Ran migration: 33_auth_billing_admin.sql #20
Ran migration: 33_auth_billing_admin.sql #21
Ran migration: 34_workflow_ownership.sql #1
Ran migration: 34_workflow_ownership.sql #2
Ran migration: 34_workflow_ownership.sql #3
Ran migration: 34_workflow_ownership.sql #4
Ran migration: 34_workflow_ownership.sql #5
Ran migration: 34_workflow_ownership.sql #6
Ran migration: 34_workflow_ownership.sql #7
Ran migration: 35_runtime_auth_settings.sql
Ran migration: 36_volcengine_seedream_official_prices.sql #1
Ran migration: 36_volcengine_seedream_official_prices.sql #2
Ran migration: 36_volcengine_seedream_official_prices.sql #3
Ran migration: 37_points_ratio_and_volcengine_video_prices.sql #1
Ran migration: 37_points_ratio_and_volcengine_video_prices.sql #2
Ran migration: 37_points_ratio_and_volcengine_video_prices.sql #3
Ran migration: 37_points_ratio_and_volcengine_video_prices.sql #4
Ran migration: 37_points_ratio_and_volcengine_video_prices.sql #5
Ran migration: 37_points_ratio_and_volcengine_video_prices.sql #6
Ran migration: 37_points_ratio_and_volcengine_video_prices.sql #7
Ran migration: 37_points_ratio_and_volcengine_video_prices.sql #8
Ran migration: 38_seedance_video_rate_contexts.sql #1
Ran migration: 38_seedance_video_rate_contexts.sql #2
Ran migration: 39_billing_key_for_custom_providers.sql #1
Ran migration: 39_billing_key_for_custom_providers.sql #2
Ran migration: 40_volcengine_text_tts_official_prices.sql #1
Ran migration: 40_volcengine_text_tts_official_prices.sql #2
Ran migration: 40_volcengine_text_tts_official_prices.sql #3
Ran migration: 40_volcengine_text_tts_official_prices.sql #4
Ran migration: 40_volcengine_text_tts_official_prices.sql #5
Ran migration: 41_billing_reconciliation.sql #1
Ran migration: 41_billing_reconciliation.sql #2
Ran migration: 41_billing_reconciliation.sql #3
Ran migration: 42_volcengine_seed_2_lite_prices.sql #1
Ran migration: 42_volcengine_seed_2_lite_prices.sql #2
Ran migration: 43_video_usage_output_meter_and_snapshot.sql #1
Ran migration: 43_video_usage_output_meter_and_snapshot.sql #2
Ran migration: 43_video_usage_output_meter_and_snapshot.sql #3
Ran migration: 44_deduplicate_video_output_meters.sql #1
Ran migration: 44_deduplicate_video_output_meters.sql #2
Ran migration: 45_remove_legacy_model_permissions.sql
Ran migration: 46_seed_2_lite_context_tier.sql #1
Ran migration: 46_seed_2_lite_context_tier.sql #2
Ran migration: 46_seed_2_lite_context_tier.sql #3
Ran migration: 47_seedance_2_mini_price.sql #1
Ran migration: 47_seedance_2_mini_price.sql #2
Ran migration: 48_media_archive_records.sql #1
Ran migration: 48_media_archive_records.sql #2
Ran migration: 49_seedance_2_5_price.sql #1
Ran migration: 49_seedance_2_5_price.sql #2
Ran migration: 50_storyboard_generation_inheritance.sql #1
Ran migration: 50_storyboard_generation_inheritance.sql #2
Ran migration: 51_video_poster_path.sql
Ran migration: 52_asset_links_video_interpolation.sql #1
Ran migration: 52_asset_links_video_interpolation.sql #2
Ran migration: 52_asset_links_video_interpolation.sql #3
Ran migration: 52_asset_links_video_interpolation.sql #4
Ran migration: 52_asset_links_video_interpolation.sql #5
Ran migration: 52_asset_links_video_interpolation.sql #6
Ran migration: 52_asset_links_video_interpolation.sql #7
Ran migration: 52_asset_links_video_interpolation.sql #8
Ran migration: 52_asset_links_video_interpolation.sql #9
Ran migration: 52_asset_links_video_interpolation.sql #10
Ran migration: 52_asset_links_video_interpolation.sql #11
Ran migration: 52_asset_links_video_interpolation.sql #12
Ran migration: 52_asset_links_video_interpolation.sql #13
Ran migration: 52_asset_links_video_interpolation.sql #14
Ran migration: 52_asset_links_video_interpolation.sql #15
Ran migration: 52_asset_links_video_interpolation.sql #16
Ran migration: 52_asset_links_video_interpolation.sql #17
Ran migration: 53_video_upscale_and_billing_reaudit.sql #1
Ran migration: 53_video_upscale_and_billing_reaudit.sql #2
Ran migration: 53_video_upscale_and_billing_reaudit.sql #3
Ran migration: 53_video_upscale_and_billing_reaudit.sql #4
Ran migration: 53_video_upscale_and_billing_reaudit.sql #5
Ran migration: 53_video_upscale_and_billing_reaudit.sql #6
Ran migration: 53_video_upscale_and_billing_reaudit.sql #7
Ran migration: 53_video_upscale_and_billing_reaudit.sql #9
Ran migration: 53_video_upscale_and_billing_reaudit.sql #10
Ran migration: 54_storyboard_optional_video_postprocess.sql #1
Ran migration: 54_storyboard_optional_video_postprocess.sql #2
Ran migration: 54_storyboard_optional_video_postprocess.sql #3
Ran migration: 55_video_intermediate_cleanup_opt_in.sql
Ran migration: 56_fix_mediakit_postprocess_display_fallback_prices.sql #1
Ran migration: 56_fix_mediakit_postprocess_display_fallback_prices.sql #2
Ran migration: 57_mediakit_shared_connection_defaults.sql
Ran migration: 58_storyboard_active_video_version.sql
Ran migration: 59_operations_alert_settings.sql #1
Ran migration: 59_operations_alert_settings.sql #2
Ran migration: 60_operations_report_snapshots.sql
Ran migration: 61_tenant_billing_and_console_isolation.sql #1
Ran migration: 61_tenant_billing_and_console_isolation.sql #2
Ran migration: 61_tenant_billing_and_console_isolation.sql #3
Ran migration: 61_tenant_billing_and_console_isolation.sql #4
Ran migration: 61_tenant_billing_and_console_isolation.sql #5
Ran migration: 61_tenant_billing_and_console_isolation.sql #6
Ran migration: 61_tenant_billing_and_console_isolation.sql #7
Ran migration: 61_tenant_billing_and_console_isolation.sql #8
Ran migration: 61_tenant_billing_and_console_isolation.sql #9
Ran migration: 61_tenant_billing_and_console_isolation.sql #10
Ran migration: 61_tenant_billing_and_console_isolation.sql #11
Ran migration: 61_tenant_billing_and_console_isolation.sql #12
Ran migration: 61_tenant_billing_and_console_isolation.sql #13
Ran migration: 61_tenant_billing_and_console_isolation.sql #14
Ran migration: 61_tenant_billing_and_console_isolation.sql #15
Ran migration: 61_tenant_billing_and_console_isolation.sql #16
Ran migration: 62_migrate_existing_users_to_default_tenant.sql #1
Ran migration: 62_migrate_existing_users_to_default_tenant.sql #2
Ran migration: 62_migrate_existing_users_to_default_tenant.sql #3
Ran migration: 62_migrate_existing_users_to_default_tenant.sql #4
Ran migration: 62_migrate_existing_users_to_default_tenant.sql #5
Ran migration: 63_geeknow_gpt_image_2_price.sql #1
Ran migration: 63_geeknow_gpt_image_2_price.sql #2
Ran migration: 64_default_tenant_price_book_compatibility.sql
Ran migration: 65_tool_run_tenant_scope.sql #1
Ran migration: 65_tool_run_tenant_scope.sql #2
Ran migration: 66_tenant_config_defaults.sql #1
Ran migration: 66_tenant_config_defaults.sql #2
Ran migration: 66_tenant_config_defaults.sql #3
Ran migration: 66_tenant_config_defaults.sql #4
Ran migration: 66_tenant_config_defaults.sql #5
Ran migration: 67_tenant_owned_ai_configs.sql #1
Ran migration: 67_tenant_owned_ai_configs.sql #2
Ran migration: 68_preserve_legacy_default_tenant.sql #1
Ran migration: 68_preserve_legacy_default_tenant.sql #2
Skip migration (table not found, will be ensured later): 69_homepage_default_video_resources.sql - no such table: global_settings
Ran migration: 70_billing_project_usage_snapshots.sql #1
Ran migration: 70_billing_project_usage_snapshots.sql #2
Ran migration: 70_billing_project_usage_snapshots.sql #3
Ran migration: 70_billing_project_usage_snapshots.sql #4
Ran migration: 70_billing_project_usage_snapshots.sql #5
Ran migration: 70_billing_project_usage_snapshots.sql #6
Ran migration: 70_billing_project_usage_snapshots.sql #7
Ran migration: 70_billing_project_usage_snapshots.sql #8
Ran migration: 70_billing_project_usage_snapshots.sql #9
Ran migration: 70_billing_project_usage_snapshots.sql #10
Ran migration: 70_billing_project_usage_snapshots.sql #11
Ran migration: 70_billing_project_usage_snapshots.sql #12
Ran migration: 70_billing_project_usage_snapshots.sql #13
Ran migration: 70_billing_project_usage_snapshots.sql #14
Ran migration: 71_billable_project_context.sql #1
Ran migration: 71_billable_project_context.sql #2
Ran migration: 71_billable_project_context.sql #3
Ran migration: 71_billable_project_context.sql #4
Migrated billing ledger to micro-points: [33m10000[39m
ensureColumns: added storyboards.layout_description (TEXT)
ensureColumns: added storyboards.image_url (TEXT)
ensureColumns: added storyboards.local_path (TEXT)
ensureColumns: added storyboards.main_panel_idx (INTEGER)
ensureColumns: added storyboards.composed_image (TEXT)
ensureColumns: added storyboards.result (TEXT)
ensureColumns: added storyboards.emotion (TEXT)
ensureColumns: added storyboards.emotion_intensity (INTEGER)
ensureColumns: added storyboards.error_msg (TEXT)
ensureColumns: added storyboards.lighting_style (TEXT)
ensureColumns: added storyboards.depth_of_field (TEXT)
ensureColumns: added storyboards.polished_prompt (TEXT)
ensureColumns: added storyboards.continuity_snapshot (TEXT)
ensureColumns: added storyboards.audio_local_path (TEXT)
ensureColumns: added storyboards.narration_audio_local_path (TEXT)
ensureColumns: added storyboards.omni_prompt_document_json (TEXT)
ensureColumns: added storyboards.first_frame_image_id (INTEGER)
ensureColumns: added storyboards.last_frame_image_id (INTEGER)
ensureColumns: added storyboards.last_frame_image_url (TEXT)
ensureColumns: added storyboards.last_frame_local_path (TEXT)
ensureColumns: added characters.extra_images (TEXT)
ensureColumns: added characters.error_msg (TEXT)
ensureColumns: added characters.ref_image (TEXT)
ensureColumns: added characters.seedance2_voice_asset (TEXT)
ensureColumns: added scenes.polished_prompt (TEXT)
ensureColumns: added scenes.extra_images (TEXT)
ensureColumns: added scenes.ref_image (TEXT)
ensureColumns: added scenes.error_msg (TEXT)
ensureColumns: added props.extra_images (TEXT)
ensureColumns: added props.ref_image (TEXT)
ensureColumns: added props.error_msg (TEXT)
ensureColumns: added tenants.is_new_user_default (INTEGER DEFAULT 0)
ensureColumns: added image_generations.episode_id (INTEGER)
ensureColumns: added image_generations.use_first_frame_layout_lock (INTEGER)
ensureColumns: added image_generations.width (INTEGER)
ensureColumns: added image_generations.height (INTEGER)
ensureColumns: added video_generations.resolution (TEXT)
ensureColumns: added video_generations.seed (INTEGER)
ensureColumns: added video_generations.camera_fixed (INTEGER)
ensureColumns: added video_generations.watermark (INTEGER)
ensureColumns: added video_generations.provider_task_id (TEXT)
ensureColumns: added video_generations.archive_status (TEXT)
ensureColumns: added video_generations.archive_error (TEXT)
ensureColumns: added video_generations.archive_attempts (INTEGER NOT NULL DEFAULT 0)
ensureColumns: added video_generations.archived_at (TEXT)
ensureColumns: added video_merges.merge_options (TEXT)
ensureColumns: added video_merges.merged_url (TEXT)
ensureColumns: added video_merges.duration (INTEGER)
ensureColumns: added video_merges.completed_at (TEXT)
ensureColumns: added video_merges.error_msg (TEXT)
ensureColumns: added assets.reference_alias (TEXT)
ensureColumns: added assets.archived_at (TEXT)
ensureColumns: added omni_video_jobs.storyboard_id (INTEGER)
[32m✔ recoverStuckStageAuthorizations voids an interpolation authorization never sent to the provider [90m(591.2539ms)[39m[39m
[32m✔ recoverStuckStageAuthorizations routes a provider-called interpolation authorization to reconciliation [90m(491.9436ms)[39m[39m
[32m✔ releaseTaskAuthorization voids the interpolation authorization together with the main one [90m(362.8573ms)[39m[39m
▶ taskService.failOrphanedAsyncTasksOnStartup
  [32m✔ marks pending and processing tasks as failed on startup [90m(19.5258ms)[39m[39m
  [32m✔ cancelTask marks active task as failed [90m(4.2276ms)[39m[39m
  [32m✔ preserves processing async tasks that belong to a recoverable video generation [90m(1.5259ms)[39m[39m
  [32m✔ preserves async tasks while a locally archived source is being interpolated [90m(1.6114ms)[39m[39m
  [32m✔ marks interrupted videos without a provider task id as retryable [90m(4.8307ms)[39m[39m
  [32m✔ marks historical empty omni jobs as invalid instead of retryable [90m(1.1749ms)[39m[39m
[32m✔ taskService.failOrphanedAsyncTasksOnStartup [90m(35.6411ms)[39m[39m
Ran migration: 01_init.sql #1
Ran migration: 01_init.sql #2
Ran migration: 01_init.sql #3
Ran migration: 01_init.sql #4
Ran migration: 01_init.sql #5
Ran migration: 01_init.sql #6
Ran migration: 01_init.sql #7
Ran migration: 01_init.sql #8
Ran migration: 01_init.sql #9
Ran migration: 01_init.sql #10
Ran migration: 01_init.sql #11
Ran migration: 01_init.sql #12
Ran migration: 01_init.sql #13
Ran migration: 01_init.sql #14
Ran migration: 01_init.sql #15
Ran migration: 01_init.sql #16
Ran migration: 01_init.sql #17
Ran migration: 01_init.sql #18
Skip (already exists): 02_add_default_model.sql
Ran migration: 03_add_props_episode_id.sql
Skip (already exists): 04_async_tasks_columns.sql #1
Skip (already exists): 04_async_tasks_columns.sql #2
Skip (already exists): 04_async_tasks_columns.sql #3
Skip (already exists): 05_add_image_generations_completed_at.sql #1
Skip (already exists): 05_add_image_generations_completed_at.sql #2
Skip (already exists): 06_add_characters_local_path.sql
Skip (already exists): 07_add_scenes_image_columns.sql #1
Skip (already exists): 07_add_scenes_image_columns.sql #2
Skip (already exists): 08_add_video_generations_completed_at.sql #1
Skip (already exists): 08_add_video_generations_completed_at.sql #2
Ran migration: 09_scene_prop_libraries.sql #1
Ran migration: 09_scene_prop_libraries.sql #2
Ran migration: 10_prompt_overrides.sql
Ran migration: 11_add_api_protocol.sql
Ran migration: 12_image_proxy_cache.sql
Ran migration: 13_character_identity_anchors.sql #1
Ran migration: 13_character_identity_anchors.sql #2
Ran migration: 13_character_identity_anchors.sql #3
Ran migration: 13_character_identity_anchors.sql #4
Ran migration: 13_character_identity_anchors.sql #5
Ran migration: 13_character_identity_anchors.sql #6
Ran migration: 13_character_identity_anchors.sql #7
Ran migration: 13_character_identity_anchors.sql #8
Ran migration: 13_character_identity_anchors.sql #9
Ran migration: 14_storyboard_segments_and_model_map.sql #1
Ran migration: 14_storyboard_segments_and_model_map.sql #2
Ran migration: 14_storyboard_segments_and_model_map.sql #3
Ran migration: 15_storyboard_angle_structured.sql #1
Ran migration: 15_storyboard_angle_structured.sql #2
Ran migration: 15_storyboard_angle_structured.sql #3
Ran migration: 16_character_polished_prompt.sql
Ran migration: 17_character_stages.sql
Ran migration: 18_storyboard_narration.sql
Ran migration: 19_storyboard_universal_mode.sql #1
Ran migration: 19_storyboard_universal_mode.sql #2
Ran migration: 20_character_seedance2_asset.sql
Ran migration: 21_asset_negative_prompt.sql #1
Ran migration: 21_asset_negative_prompt.sql #2
Ran migration: 21_asset_negative_prompt.sql #3
Skip (already exists): 22_library_source_id.sql #1
Skip (already exists): 22_library_source_id.sql #2
Skip (already exists): 22_library_source_id.sql #3
Skip (already exists): 22_library_source_id.sql #4
Skip (already exists): 22_library_source_id.sql #5
Skip (already exists): 22_library_source_id.sql #6
Ran migration: 22_library_source_id.sql #7
Ran migration: 22_library_source_id.sql #8
Ran migration: 22_library_source_id.sql #9
Ran migration: 23_omni_video_workbench.sql #1
Ran migration: 23_omni_video_workbench.sql #2
Ran migration: 23_omni_video_workbench.sql #3
Ran migration: 23_omni_video_workbench.sql #4
Ran migration: 23_omni_video_workbench.sql #5
Ran migration: 23_omni_video_workbench.sql #6
Ran migration: 23_omni_video_workbench.sql #7
Ran migration: 23_omni_video_workbench.sql #8
Ran migration: 23_omni_video_workbench.sql #9
Ran migration: 23_omni_video_workbench.sql #10
Ran migration: 23_omni_video_workbench.sql #11
Ran migration: 23_omni_video_workbench.sql #12
Ran migration: 24_asset_seedance2_certification.sql
Ran migration: 25_omni_sequences.sql #1
Ran migration: 25_omni_sequences.sql #2
Ran migration: 25_omni_sequences.sql #3
Ran migration: 25_omni_sequences.sql #4
Ran migration: 25_omni_sequences.sql #5
Ran migration: 26_omni_workbench_improvements.sql #1
Ran migration: 26_omni_workbench_improvements.sql #2
Ran migration: 27_ai_toolbox.sql #1
Ran migration: 27_ai_toolbox.sql #2
Ran migration: 27_ai_toolbox.sql #3
Ran migration: 27_ai_toolbox.sql #4
Ran migration: 27_ai_toolbox.sql #5
Ran migration: 27_ai_toolbox.sql #6
Ran migration: 27_ai_toolbox.sql #7
Ran migration: 28_storyboard_generation_settings.sql #1
Ran migration: 28_storyboard_generation_settings.sql #2
Ran migration: 28_storyboard_generation_settings.sql #3
Ran migration: 28_storyboard_generation_settings.sql #4
Ran migration: 29_resource_seedance2_asset.sql #1
Ran migration: 29_resource_seedance2_asset.sql #2
Ran migration: 30_storyboard_omni_assets.sql #1
Ran migration: 30_storyboard_omni_assets.sql #2
Ran migration: 30_storyboard_omni_assets.sql #3
Ran migration: 30_storyboard_omni_assets.sql #4
Ran migration: 30_storyboard_omni_assets.sql #5
Ran migration: 30_storyboard_omni_assets.sql #6
Ran migration: 30_storyboard_omni_assets.sql #7
Ran migration: 30_storyboard_omni_assets.sql #8
Ran migration: 30_storyboard_omni_assets.sql #9
Ran migration: 31_storyboard_sort_order.sql
Ran migration: 32_asset_favorites.sql
Ran migration: 33_auth_billing_admin.sql #1
Ran migration: 33_auth_billing_admin.sql #2
Ran migration: 33_auth_billing_admin.sql #3
Ran migration: 33_auth_billing_admin.sql #4
Ran migration: 33_auth_billing_admin.sql #5
Ran migration: 33_auth_billing_admin.sql #6
Ran migration: 33_auth_billing_admin.sql #7
Ran migration: 33_auth_billing_admin.sql #8
Ran migration: 33_auth_billing_admin.sql #9
Ran migration: 33_auth_billing_admin.sql #10
Ran migration: 33_auth_billing_admin.sql #11
Ran migration: 33_auth_billing_admin.sql #12
Ran migration: 33_auth_billing_admin.sql #13
Ran migration: 33_auth_billing_admin.sql #14
Ran migration: 33_auth_billing_admin.sql #15
Ran migration: 33_auth_billing_admin.sql #16
Ran migration: 33_auth_billing_admin.sql #17
Ran migration: 33_auth_billing_admin.sql #18
Ran migration: 33_auth_billing_admin.sql #19
Ran migration: 33_auth_billing_admin.sql #20
Ran migration: 33_auth_billing_admin.sql #21
Ran migration: 34_workflow_ownership.sql #1
Ran migration: 34_workflow_ownership.sql #2
Ran migration: 34_workflow_ownership.sql #3
Ran migration: 34_workflow_ownership.sql #4
Ran migration: 34_workflow_ownership.sql #5
Ran migration: 34_workflow_ownership.sql #6
Ran migration: 34_workflow_ownership.sql #7
Ran migration: 35_runtime_auth_settings.sql
Ran migration: 36_volcengine_seedream_official_prices.sql #1
Ran migration: 36_volcengine_seedream_official_prices.sql #2
Ran migration: 36_volcengine_seedream_official_prices.sql #3
Ran migration: 37_points_ratio_and_volcengine_video_prices.sql #1
Ran migration: 37_points_ratio_and_volcengine_video_prices.sql #2
Ran migration: 37_points_ratio_and_volcengine_video_prices.sql #3
Ran migration: 37_points_ratio_and_volcengine_video_prices.sql #4
Ran migration: 37_points_ratio_and_volcengine_video_prices.sql #5
Ran migration: 37_points_ratio_and_volcengine_video_prices.sql #6
Ran migration: 37_points_ratio_and_volcengine_video_prices.sql #7
Ran migration: 37_points_ratio_and_volcengine_video_prices.sql #8
Ran migration: 38_seedance_video_rate_contexts.sql #1
Ran migration: 38_seedance_video_rate_contexts.sql #2
Ran migration: 39_billing_key_for_custom_providers.sql #1
Ran migration: 39_billing_key_for_custom_providers.sql #2
Ran migration: 40_volcengine_text_tts_official_prices.sql #1
Ran migration: 40_volcengine_text_tts_official_prices.sql #2
Ran migration: 40_volcengine_text_tts_official_prices.sql #3
Ran migration: 40_volcengine_text_tts_official_prices.sql #4
Ran migration: 40_volcengine_text_tts_official_prices.sql #5
Ran migration: 41_billing_reconciliation.sql #1
Ran migration: 41_billing_reconciliation.sql #2
Ran migration: 41_billing_reconciliation.sql #3
Ran migration: 42_volcengine_seed_2_lite_prices.sql #1
Ran migration: 42_volcengine_seed_2_lite_prices.sql #2
Ran migration: 43_video_usage_output_meter_and_snapshot.sql #1
Ran migration: 43_video_usage_output_meter_and_snapshot.sql #2
Ran migration: 43_video_usage_output_meter_and_snapshot.sql #3
Ran migration: 44_deduplicate_video_output_meters.sql #1
Ran migration: 44_deduplicate_video_output_meters.sql #2
Ran migration: 45_remove_legacy_model_permissions.sql
Ran migration: 46_seed_2_lite_context_tier.sql #1
Ran migration: 46_seed_2_lite_context_tier.sql #2
Ran migration: 46_seed_2_lite_context_tier.sql #3
Ran migration: 47_seedance_2_mini_price.sql #1
Ran migration: 47_seedance_2_mini_price.sql #2
Ran migration: 48_media_archive_records.sql #1
Ran migration: 48_media_archive_records.sql #2
Ran migration: 49_seedance_2_5_price.sql #1
Ran migration: 49_seedance_2_5_price.sql #2
Ran migration: 50_storyboard_generation_inheritance.sql #1
Ran migration: 50_storyboard_generation_inheritance.sql #2
Ran migration: 51_video_poster_path.sql
Ran migration: 52_asset_links_video_interpolation.sql #1
Ran migration: 52_asset_links_video_interpolation.sql #2
Ran migration: 52_asset_links_video_interpolation.sql #3
Ran migration: 52_asset_links_video_interpolation.sql #4
Ran migration: 52_asset_links_video_interpolation.sql #5
Ran migration: 52_asset_links_video_interpolation.sql #6
Ran migration: 52_asset_links_video_interpolation.sql #7
Ran migration: 52_asset_links_video_interpolation.sql #8
Ran migration: 52_asset_links_video_interpolation.sql #9
Ran migration: 52_asset_links_video_interpolation.sql #10
Ran migration: 52_asset_links_video_interpolation.sql #11
Ran migration: 52_asset_links_video_interpolation.sql #12
Ran migration: 52_asset_links_video_interpolation.sql #13
Ran migration: 52_asset_links_video_interpolation.sql #14
Ran migration: 52_asset_links_video_interpolation.sql #15
Ran migration: 52_asset_links_video_interpolation.sql #16
Ran migration: 52_asset_links_video_interpolation.sql #17
Ran migration: 53_video_upscale_and_billing_reaudit.sql #1
Ran migration: 53_video_upscale_and_billing_reaudit.sql #2
Ran migration: 53_video_upscale_and_billing_reaudit.sql #3
Ran migration: 53_video_upscale_and_billing_reaudit.sql #4
Ran migration: 53_video_upscale_and_billing_reaudit.sql #5
Ran migration: 53_video_upscale_and_billing_reaudit.sql #6
Ran migration: 53_video_upscale_and_billing_reaudit.sql #7
Ran migration: 53_video_upscale_and_billing_reaudit.sql #9
Ran migration: 53_video_upscale_and_billing_reaudit.sql #10
Ran migration: 54_storyboard_optional_video_postprocess.sql #1
Ran migration: 54_storyboard_optional_video_postprocess.sql #2
Ran migration: 54_storyboard_optional_video_postprocess.sql #3
Ran migration: 55_video_intermediate_cleanup_opt_in.sql
Ran migration: 56_fix_mediakit_postprocess_display_fallback_prices.sql #1
Ran migration: 56_fix_mediakit_postprocess_display_fallback_prices.sql #2
Ran migration: 57_mediakit_shared_connection_defaults.sql
Ran migration: 58_storyboard_active_video_version.sql
Ran migration: 59_operations_alert_settings.sql #1
Ran migration: 59_operations_alert_settings.sql #2
Ran migration: 60_operations_report_snapshots.sql
Ran migration: 61_tenant_billing_and_console_isolation.sql #1
Ran migration: 61_tenant_billing_and_console_isolation.sql #2
Ran migration: 61_tenant_billing_and_console_isolation.sql #3
Ran migration: 61_tenant_billing_and_console_isolation.sql #4
Ran migration: 61_tenant_billing_and_console_isolation.sql #5
Ran migration: 61_tenant_billing_and_console_isolation.sql #6
Ran migration: 61_tenant_billing_and_console_isolation.sql #7
Ran migration: 61_tenant_billing_and_console_isolation.sql #8
Ran migration: 61_tenant_billing_and_console_isolation.sql #9
Ran migration: 61_tenant_billing_and_console_isolation.sql #10
Ran migration: 61_tenant_billing_and_console_isolation.sql #11
Ran migration: 61_tenant_billing_and_console_isolation.sql #12
Ran migration: 61_tenant_billing_and_console_isolation.sql #13
Ran migration: 61_tenant_billing_and_console_isolation.sql #14
Ran migration: 61_tenant_billing_and_console_isolation.sql #15
Ran migration: 61_tenant_billing_and_console_isolation.sql #16
Ran migration: 62_migrate_existing_users_to_default_tenant.sql #1
Ran migration: 62_migrate_existing_users_to_default_tenant.sql #2
Ran migration: 62_migrate_existing_users_to_default_tenant.sql #3
Ran migration: 62_migrate_existing_users_to_default_tenant.sql #4
Ran migration: 62_migrate_existing_users_to_default_tenant.sql #5
Ran migration: 63_geeknow_gpt_image_2_price.sql #1
Ran migration: 63_geeknow_gpt_image_2_price.sql #2
Ran migration: 64_default_tenant_price_book_compatibility.sql
Ran migration: 65_tool_run_tenant_scope.sql #1
Ran migration: 65_tool_run_tenant_scope.sql #2
Ran migration: 66_tenant_config_defaults.sql #1
Ran migration: 66_tenant_config_defaults.sql #2
Ran migration: 66_tenant_config_defaults.sql #3
Ran migration: 66_tenant_config_defaults.sql #4
Ran migration: 66_tenant_config_defaults.sql #5
Ran migration: 67_tenant_owned_ai_configs.sql #1
Ran migration: 67_tenant_owned_ai_configs.sql #2
Ran migration: 68_preserve_legacy_default_tenant.sql #1
Ran migration: 68_preserve_legacy_default_tenant.sql #2
Skip migration (table not found, will be ensured later): 69_homepage_default_video_resources.sql - no such table: global_settings
Ran migration: 70_billing_project_usage_snapshots.sql #1
Ran migration: 70_billing_project_usage_snapshots.sql #2
Ran migration: 70_billing_project_usage_snapshots.sql #3
Ran migration: 70_billing_project_usage_snapshots.sql #4
Ran migration: 70_billing_project_usage_snapshots.sql #5
Ran migration: 70_billing_project_usage_snapshots.sql #6
Ran migration: 70_billing_project_usage_snapshots.sql #7
Ran migration: 70_billing_project_usage_snapshots.sql #8
Ran migration: 70_billing_project_usage_snapshots.sql #9
Ran migration: 70_billing_project_usage_snapshots.sql #10
Ran migration: 70_billing_project_usage_snapshots.sql #11
Ran migration: 70_billing_project_usage_snapshots.sql #12
Ran migration: 70_billing_project_usage_snapshots.sql #13
Ran migration: 70_billing_project_usage_snapshots.sql #14
Ran migration: 71_billable_project_context.sql #1
Ran migration: 71_billable_project_context.sql #2
Ran migration: 71_billable_project_context.sql #3
Ran migration: 71_billable_project_context.sql #4
Migrated billing ledger to micro-points: [33m10000[39m
ensureColumns: added storyboards.layout_description (TEXT)
ensureColumns: added storyboards.image_url (TEXT)
ensureColumns: added storyboards.local_path (TEXT)
ensureColumns: added storyboards.main_panel_idx (INTEGER)
ensureColumns: added storyboards.composed_image (TEXT)
ensureColumns: added storyboards.result (TEXT)
ensureColumns: added storyboards.emotion (TEXT)
ensureColumns: added storyboards.emotion_intensity (INTEGER)
ensureColumns: added storyboards.error_msg (TEXT)
ensureColumns: added storyboards.lighting_style (TEXT)
ensureColumns: added storyboards.depth_of_field (TEXT)
ensureColumns: added storyboards.polished_prompt (TEXT)
ensureColumns: added storyboards.continuity_snapshot (TEXT)
ensureColumns: added storyboards.audio_local_path (TEXT)
ensureColumns: added storyboards.narration_audio_local_path (TEXT)
ensureColumns: added storyboards.omni_prompt_document_json (TEXT)
ensureColumns: added storyboards.first_frame_image_id (INTEGER)
ensureColumns: added storyboards.last_frame_image_id (INTEGER)
ensureColumns: added storyboards.last_frame_image_url (TEXT)
ensureColumns: added storyboards.last_frame_local_path (TEXT)
ensureColumns: added characters.extra_images (TEXT)
ensureColumns: added characters.error_msg (TEXT)
ensureColumns: added characters.ref_image (TEXT)
ensureColumns: added characters.seedance2_voice_asset (TEXT)
ensureColumns: added scenes.polished_prompt (TEXT)
ensureColumns: added scenes.extra_images (TEXT)
ensureColumns: added scenes.ref_image (TEXT)
ensureColumns: added scenes.error_msg (TEXT)
ensureColumns: added props.extra_images (TEXT)
ensureColumns: added props.ref_image (TEXT)
ensureColumns: added props.error_msg (TEXT)
ensureColumns: added tenants.is_new_user_default (INTEGER DEFAULT 0)
ensureColumns: added image_generations.episode_id (INTEGER)
ensureColumns: added image_generations.use_first_frame_layout_lock (INTEGER)
ensureColumns: added image_generations.width (INTEGER)
ensureColumns: added image_generations.height (INTEGER)
ensureColumns: added video_generations.resolution (TEXT)
ensureColumns: added video_generations.seed (INTEGER)
ensureColumns: added video_generations.camera_fixed (INTEGER)
ensureColumns: added video_generations.watermark (INTEGER)
ensureColumns: added video_generations.provider_task_id (TEXT)
ensureColumns: added video_generations.archive_status (TEXT)
ensureColumns: added video_generations.archive_error (TEXT)
ensureColumns: added video_generations.archive_attempts (INTEGER NOT NULL DEFAULT 0)
ensureColumns: added video_generations.archived_at (TEXT)
ensureColumns: added video_merges.merge_options (TEXT)
ensureColumns: added video_merges.merged_url (TEXT)
ensureColumns: added video_merges.duration (INTEGER)
ensureColumns: added video_merges.completed_at (TEXT)
ensureColumns: added video_merges.error_msg (TEXT)
ensureColumns: added assets.reference_alias (TEXT)
ensureColumns: added assets.archived_at (TEXT)
ensureColumns: added omni_video_jobs.storyboard_id (INTEGER)
Ran migration: 01_init.sql #1
Ran migration: 01_init.sql #2
Ran migration: 01_init.sql #3
Ran migration: 01_init.sql #4
Ran migration: 01_init.sql #5
Ran migration: 01_init.sql #6
Ran migration: 01_init.sql #7
Ran migration: 01_init.sql #8
Ran migration: 01_init.sql #9
Ran migration: 01_init.sql #10
Ran migration: 01_init.sql #11
Ran migration: 01_init.sql #12
Ran migration: 01_init.sql #13
Ran migration: 01_init.sql #14
Ran migration: 01_init.sql #15
Ran migration: 01_init.sql #16
Ran migration: 01_init.sql #17
Ran migration: 01_init.sql #18
Skip (already exists): 02_add_default_model.sql
Ran migration: 03_add_props_episode_id.sql
Skip (already exists): 04_async_tasks_columns.sql #1
Skip (already exists): 04_async_tasks_columns.sql #2
Skip (already exists): 04_async_tasks_columns.sql #3
Skip (already exists): 05_add_image_generations_completed_at.sql #1
Skip (already exists): 05_add_image_generations_completed_at.sql #2
Skip (already exists): 06_add_characters_local_path.sql
Skip (already exists): 07_add_scenes_image_columns.sql #1
Skip (already exists): 07_add_scenes_image_columns.sql #2
Skip (already exists): 08_add_video_generations_completed_at.sql #1
Skip (already exists): 08_add_video_generations_completed_at.sql #2
Ran migration: 09_scene_prop_libraries.sql #1
Ran migration: 09_scene_prop_libraries.sql #2
Ran migration: 10_prompt_overrides.sql
Ran migration: 11_add_api_protocol.sql
Ran migration: 12_image_proxy_cache.sql
Ran migration: 13_character_identity_anchors.sql #1
Ran migration: 13_character_identity_anchors.sql #2
Ran migration: 13_character_identity_anchors.sql #3
Ran migration: 13_character_identity_anchors.sql #4
Ran migration: 13_character_identity_anchors.sql #5
Ran migration: 13_character_identity_anchors.sql #6
Ran migration: 13_character_identity_anchors.sql #7
Ran migration: 13_character_identity_anchors.sql #8
Ran migration: 13_character_identity_anchors.sql #9
Ran migration: 14_storyboard_segments_and_model_map.sql #1
Ran migration: 14_storyboard_segments_and_model_map.sql #2
Ran migration: 14_storyboard_segments_and_model_map.sql #3
Ran migration: 15_storyboard_angle_structured.sql #1
Ran migration: 15_storyboard_angle_structured.sql #2
Ran migration: 15_storyboard_angle_structured.sql #3
Ran migration: 16_character_polished_prompt.sql
Ran migration: 17_character_stages.sql
Ran migration: 18_storyboard_narration.sql
Ran migration: 19_storyboard_universal_mode.sql #1
Ran migration: 19_storyboard_universal_mode.sql #2
Ran migration: 20_character_seedance2_asset.sql
Ran migration: 21_asset_negative_prompt.sql #1
Ran migration: 21_asset_negative_prompt.sql #2
Ran migration: 21_asset_negative_prompt.sql #3
Skip (already exists): 22_library_source_id.sql #1
Skip (already exists): 22_library_source_id.sql #2
Skip (already exists): 22_library_source_id.sql #3
Skip (already exists): 22_library_source_id.sql #4
Skip (already exists): 22_library_source_id.sql #5
Skip (already exists): 22_library_source_id.sql #6
Ran migration: 22_library_source_id.sql #7
Ran migration: 22_library_source_id.sql #8
Ran migration: 22_library_source_id.sql #9
Ran migration: 23_omni_video_workbench.sql #1
Ran migration: 23_omni_video_workbench.sql #2
Ran migration: 23_omni_video_workbench.sql #3
Ran migration: 23_omni_video_workbench.sql #4
Ran migration: 23_omni_video_workbench.sql #5
Ran migration: 23_omni_video_workbench.sql #6
Ran migration: 23_omni_video_workbench.sql #7
Ran migration: 23_omni_video_workbench.sql #8
Ran migration: 23_omni_video_workbench.sql #9
Ran migration: 23_omni_video_workbench.sql #10
Ran migration: 23_omni_video_workbench.sql #11
Ran migration: 23_omni_video_workbench.sql #12
Ran migration: 24_asset_seedance2_certification.sql
Ran migration: 25_omni_sequences.sql #1
Ran migration: 25_omni_sequences.sql #2
Ran migration: 25_omni_sequences.sql #3
Ran migration: 25_omni_sequences.sql #4
Ran migration: 25_omni_sequences.sql #5
Ran migration: 26_omni_workbench_improvements.sql #1
Ran migration: 26_omni_workbench_improvements.sql #2
Ran migration: 27_ai_toolbox.sql #1
Ran migration: 27_ai_toolbox.sql #2
Ran migration: 27_ai_toolbox.sql #3
Ran migration: 27_ai_toolbox.sql #4
Ran migration: 27_ai_toolbox.sql #5
Ran migration: 27_ai_toolbox.sql #6
Ran migration: 27_ai_toolbox.sql #7
Ran migration: 28_storyboard_generation_settings.sql #1
Ran migration: 28_storyboard_generation_settings.sql #2
Ran migration: 28_storyboard_generation_settings.sql #3
Ran migration: 28_storyboard_generation_settings.sql #4
Ran migration: 29_resource_seedance2_asset.sql #1
Ran migration: 29_resource_seedance2_asset.sql #2
Ran migration: 30_storyboard_omni_assets.sql #1
Ran migration: 30_storyboard_omni_assets.sql #2
Ran migration: 30_storyboard_omni_assets.sql #3
Ran migration: 30_storyboard_omni_assets.sql #4
Ran migration: 30_storyboard_omni_assets.sql #5
Ran migration: 30_storyboard_omni_assets.sql #6
Ran migration: 30_storyboard_omni_assets.sql #7
Ran migration: 30_storyboard_omni_assets.sql #8
Ran migration: 30_storyboard_omni_assets.sql #9
Ran migration: 31_storyboard_sort_order.sql
Ran migration: 32_asset_favorites.sql
Ran migration: 33_auth_billing_admin.sql #1
Ran migration: 33_auth_billing_admin.sql #2
Ran migration: 33_auth_billing_admin.sql #3
Ran migration: 33_auth_billing_admin.sql #4
Ran migration: 33_auth_billing_admin.sql #5
Ran migration: 33_auth_billing_admin.sql #6
Ran migration: 33_auth_billing_admin.sql #7
Ran migration: 33_auth_billing_admin.sql #8
Ran migration: 33_auth_billing_admin.sql #9
Ran migration: 33_auth_billing_admin.sql #10
Ran migration: 33_auth_billing_admin.sql #11
Ran migration: 33_auth_billing_admin.sql #12
Ran migration: 33_auth_billing_admin.sql #13
Ran migration: 33_auth_billing_admin.sql #14
Ran migration: 33_auth_billing_admin.sql #15
Ran migration: 33_auth_billing_admin.sql #16
Ran migration: 33_auth_billing_admin.sql #17
Ran migration: 33_auth_billing_admin.sql #18
Ran migration: 33_auth_billing_admin.sql #19
Ran migration: 33_auth_billing_admin.sql #20
Ran migration: 33_auth_billing_admin.sql #21
Ran migration: 34_workflow_ownership.sql #1
Ran migration: 34_workflow_ownership.sql #2
Ran migration: 34_workflow_ownership.sql #3
Ran migration: 34_workflow_ownership.sql #4
Ran migration: 34_workflow_ownership.sql #5
Ran migration: 34_workflow_ownership.sql #6
Ran migration: 34_workflow_ownership.sql #7
Ran migration: 35_runtime_auth_settings.sql
Ran migration: 36_volcengine_seedream_official_prices.sql #1
Ran migration: 36_volcengine_seedream_official_prices.sql #2
Ran migration: 36_volcengine_seedream_official_prices.sql #3
Ran migration: 37_points_ratio_and_volcengine_video_prices.sql #1
Ran migration: 37_points_ratio_and_volcengine_video_prices.sql #2
Ran migration: 37_points_ratio_and_volcengine_video_prices.sql #3
Ran migration: 37_points_ratio_and_volcengine_video_prices.sql #4
Ran migration: 37_points_ratio_and_volcengine_video_prices.sql #5
Ran migration: 37_points_ratio_and_volcengine_video_prices.sql #6
Ran migration: 37_points_ratio_and_volcengine_video_prices.sql #7
Ran migration: 37_points_ratio_and_volcengine_video_prices.sql #8
Ran migration: 38_seedance_video_rate_contexts.sql #1
Ran migration: 38_seedance_video_rate_contexts.sql #2
Ran migration: 39_billing_key_for_custom_providers.sql #1
Ran migration: 39_billing_key_for_custom_providers.sql #2
Ran migration: 40_volcengine_text_tts_official_prices.sql #1
Ran migration: 40_volcengine_text_tts_official_prices.sql #2
Ran migration: 40_volcengine_text_tts_official_prices.sql #3
Ran migration: 40_volcengine_text_tts_official_prices.sql #4
Ran migration: 40_volcengine_text_tts_official_prices.sql #5
Ran migration: 41_billing_reconciliation.sql #1
Ran migration: 41_billing_reconciliation.sql #2
Ran migration: 41_billing_reconciliation.sql #3
Ran migration: 42_volcengine_seed_2_lite_prices.sql #1
Ran migration: 42_volcengine_seed_2_lite_prices.sql #2
Ran migration: 43_video_usage_output_meter_and_snapshot.sql #1
Ran migration: 43_video_usage_output_meter_and_snapshot.sql #2
Ran migration: 43_video_usage_output_meter_and_snapshot.sql #3
Ran migration: 44_deduplicate_video_output_meters.sql #1
Ran migration: 44_deduplicate_video_output_meters.sql #2
Ran migration: 45_remove_legacy_model_permissions.sql
Ran migration: 46_seed_2_lite_context_tier.sql #1
Ran migration: 46_seed_2_lite_context_tier.sql #2
Ran migration: 46_seed_2_lite_context_tier.sql #3
Ran migration: 47_seedance_2_mini_price.sql #1
Ran migration: 47_seedance_2_mini_price.sql #2
Ran migration: 48_media_archive_records.sql #1
Ran migration: 48_media_archive_records.sql #2
Ran migration: 49_seedance_2_5_price.sql #1
Ran migration: 49_seedance_2_5_price.sql #2
Ran migration: 50_storyboard_generation_inheritance.sql #1
Ran migration: 50_storyboard_generation_inheritance.sql #2
Ran migration: 51_video_poster_path.sql
Ran migration: 52_asset_links_video_interpolation.sql #1
Ran migration: 52_asset_links_video_interpolation.sql #2
Ran migration: 52_asset_links_video_interpolation.sql #3
Ran migration: 52_asset_links_video_interpolation.sql #4
Ran migration: 52_asset_links_video_interpolation.sql #5
Ran migration: 52_asset_links_video_interpolation.sql #6
Ran migration: 52_asset_links_video_interpolation.sql #7
Ran migration: 52_asset_links_video_interpolation.sql #8
Ran migration: 52_asset_links_video_interpolation.sql #9
Ran migration: 52_asset_links_video_interpolation.sql #10
Ran migration: 52_asset_links_video_interpolation.sql #11
Ran migration: 52_asset_links_video_interpolation.sql #12
Ran migration: 52_asset_links_video_interpolation.sql #13
Ran migration: 52_asset_links_video_interpolation.sql #14
Ran migration: 52_asset_links_video_interpolation.sql #15
Ran migration: 52_asset_links_video_interpolation.sql #16
Ran migration: 52_asset_links_video_interpolation.sql #17
Ran migration: 53_video_upscale_and_billing_reaudit.sql #1
Ran migration: 53_video_upscale_and_billing_reaudit.sql #2
Ran migration: 53_video_upscale_and_billing_reaudit.sql #3
Ran migration: 53_video_upscale_and_billing_reaudit.sql #4
Ran migration: 53_video_upscale_and_billing_reaudit.sql #5
Ran migration: 53_video_upscale_and_billing_reaudit.sql #6
Ran migration: 53_video_upscale_and_billing_reaudit.sql #7
Ran migration: 53_video_upscale_and_billing_reaudit.sql #9
Ran migration: 53_video_upscale_and_billing_reaudit.sql #10
Ran migration: 54_storyboard_optional_video_postprocess.sql #1
Ran migration: 54_storyboard_optional_video_postprocess.sql #2
Ran migration: 54_storyboard_optional_video_postprocess.sql #3
Ran migration: 55_video_intermediate_cleanup_opt_in.sql
Ran migration: 56_fix_mediakit_postprocess_display_fallback_prices.sql #1
Ran migration: 56_fix_mediakit_postprocess_display_fallback_prices.sql #2
Ran migration: 57_mediakit_shared_connection_defaults.sql
Ran migration: 58_storyboard_active_video_version.sql
Ran migration: 59_operations_alert_settings.sql #1
Ran migration: 59_operations_alert_settings.sql #2
Ran migration: 60_operations_report_snapshots.sql
Ran migration: 61_tenant_billing_and_console_isolation.sql #1
Ran migration: 61_tenant_billing_and_console_isolation.sql #2
Ran migration: 61_tenant_billing_and_console_isolation.sql #3
Ran migration: 61_tenant_billing_and_console_isolation.sql #4
Ran migration: 61_tenant_billing_and_console_isolation.sql #5
Ran migration: 61_tenant_billing_and_console_isolation.sql #6
Ran migration: 61_tenant_billing_and_console_isolation.sql #7
Ran migration: 61_tenant_billing_and_console_isolation.sql #8
Ran migration: 61_tenant_billing_and_console_isolation.sql #9
Ran migration: 61_tenant_billing_and_console_isolation.sql #10
Ran migration: 61_tenant_billing_and_console_isolation.sql #11
Ran migration: 61_tenant_billing_and_console_isolation.sql #12
Ran migration: 61_tenant_billing_and_console_isolation.sql #13
Ran migration: 61_tenant_billing_and_console_isolation.sql #14
Ran migration: 61_tenant_billing_and_console_isolation.sql #15
Ran migration: 61_tenant_billing_and_console_isolation.sql #16
Ran migration: 62_migrate_existing_users_to_default_tenant.sql #1
Ran migration: 62_migrate_existing_users_to_default_tenant.sql #2
Ran migration: 62_migrate_existing_users_to_default_tenant.sql #3
Ran migration: 62_migrate_existing_users_to_default_tenant.sql #4
Ran migration: 62_migrate_existing_users_to_default_tenant.sql #5
Ran migration: 63_geeknow_gpt_image_2_price.sql #1
Ran migration: 63_geeknow_gpt_image_2_price.sql #2
Ran migration: 64_default_tenant_price_book_compatibility.sql
Ran migration: 65_tool_run_tenant_scope.sql #1
Ran migration: 65_tool_run_tenant_scope.sql #2
Ran migration: 66_tenant_config_defaults.sql #1
Ran migration: 66_tenant_config_defaults.sql #2
Ran migration: 66_tenant_config_defaults.sql #3
Ran migration: 66_tenant_config_defaults.sql #4
Ran migration: 66_tenant_config_defaults.sql #5
Ran migration: 67_tenant_owned_ai_configs.sql #1
Ran migration: 67_tenant_owned_ai_configs.sql #2
Ran migration: 68_preserve_legacy_default_tenant.sql #1
Ran migration: 68_preserve_legacy_default_tenant.sql #2
Skip migration (table not found, will be ensured later): 69_homepage_default_video_resources.sql - no such table: global_settings
Ran migration: 70_billing_project_usage_snapshots.sql #1
Ran migration: 70_billing_project_usage_snapshots.sql #2
Ran migration: 70_billing_project_usage_snapshots.sql #3
Ran migration: 70_billing_project_usage_snapshots.sql #4
Ran migration: 70_billing_project_usage_snapshots.sql #5
Ran migration: 70_billing_project_usage_snapshots.sql #6
Ran migration: 70_billing_project_usage_snapshots.sql #7
Ran migration: 70_billing_project_usage_snapshots.sql #8
Ran migration: 70_billing_project_usage_snapshots.sql #9
Ran migration: 70_billing_project_usage_snapshots.sql #10
Ran migration: 70_billing_project_usage_snapshots.sql #11
Ran migration: 70_billing_project_usage_snapshots.sql #12
Ran migration: 70_billing_project_usage_snapshots.sql #13
Ran migration: 70_billing_project_usage_snapshots.sql #14
Ran migration: 71_billable_project_context.sql #1
Ran migration: 71_billable_project_context.sql #2
Ran migration: 71_billable_project_context.sql #3
Ran migration: 71_billable_project_context.sql #4
Migrated billing ledger to micro-points: [33m10000[39m
ensureColumns: added storyboards.layout_description (TEXT)
ensureColumns: added storyboards.image_url (TEXT)
ensureColumns: added storyboards.local_path (TEXT)
ensureColumns: added storyboards.main_panel_idx (INTEGER)
ensureColumns: added storyboards.composed_image (TEXT)
ensureColumns: added storyboards.result (TEXT)
ensureColumns: added storyboards.emotion (TEXT)
ensureColumns: added storyboards.emotion_intensity (INTEGER)
ensureColumns: added storyboards.error_msg (TEXT)
ensureColumns: added storyboards.lighting_style (TEXT)
ensureColumns: added storyboards.depth_of_field (TEXT)
ensureColumns: added storyboards.polished_prompt (TEXT)
ensureColumns: added storyboards.continuity_snapshot (TEXT)
ensureColumns: added storyboards.audio_local_path (TEXT)
ensureColumns: added storyboards.narration_audio_local_path (TEXT)
ensureColumns: added storyboards.omni_prompt_document_json (TEXT)
ensureColumns: added storyboards.first_frame_image_id (INTEGER)
ensureColumns: added storyboards.last_frame_image_id (INTEGER)
ensureColumns: added storyboards.last_frame_image_url (TEXT)
ensureColumns: added storyboards.last_frame_local_path (TEXT)
ensureColumns: added characters.extra_images (TEXT)
ensureColumns: added characters.error_msg (TEXT)
ensureColumns: added characters.ref_image (TEXT)
ensureColumns: added characters.seedance2_voice_asset (TEXT)
ensureColumns: added scenes.polished_prompt (TEXT)
ensureColumns: added scenes.extra_images (TEXT)
ensureColumns: added scenes.ref_image (TEXT)
ensureColumns: added scenes.error_msg (TEXT)
ensureColumns: added props.extra_images (TEXT)
ensureColumns: added props.ref_image (TEXT)
ensureColumns: added props.error_msg (TEXT)
ensureColumns: added tenants.is_new_user_default (INTEGER DEFAULT 0)
ensureColumns: added image_generations.episode_id (INTEGER)
ensureColumns: added image_generations.use_first_frame_layout_lock (INTEGER)
ensureColumns: added image_generations.width (INTEGER)
ensureColumns: added image_generations.height (INTEGER)
ensureColumns: added video_generations.resolution (TEXT)
ensureColumns: added video_generations.seed (INTEGER)
ensureColumns: added video_generations.camera_fixed (INTEGER)
ensureColumns: added video_generations.watermark (INTEGER)
ensureColumns: added video_generations.provider_task_id (TEXT)
ensureColumns: added video_generations.archive_status (TEXT)
ensureColumns: added video_generations.archive_error (TEXT)
ensureColumns: added video_generations.archive_attempts (INTEGER NOT NULL DEFAULT 0)
ensureColumns: added video_generations.archived_at (TEXT)
ensureColumns: added video_merges.merge_options (TEXT)
ensureColumns: added video_merges.merged_url (TEXT)
ensureColumns: added video_merges.duration (INTEGER)
ensureColumns: added video_merges.completed_at (TEXT)
ensureColumns: added video_merges.error_msg (TEXT)
ensureColumns: added assets.reference_alias (TEXT)
ensureColumns: added assets.archived_at (TEXT)
ensureColumns: added omni_video_jobs.storyboard_id (INTEGER)
Ran migration: 01_init.sql #1
Ran migration: 01_init.sql #2
Ran migration: 01_init.sql #3
Ran migration: 01_init.sql #4
Ran migration: 01_init.sql #5
Ran migration: 01_init.sql #6
Ran migration: 01_init.sql #7
Ran migration: 01_init.sql #8
Ran migration: 01_init.sql #9
Ran migration: 01_init.sql #10
Ran migration: 01_init.sql #11
Ran migration: 01_init.sql #12
Ran migration: 01_init.sql #13
Ran migration: 01_init.sql #14
Ran migration: 01_init.sql #15
Ran migration: 01_init.sql #16
Ran migration: 01_init.sql #17
Ran migration: 01_init.sql #18
Skip (already exists): 02_add_default_model.sql
Ran migration: 03_add_props_episode_id.sql
Skip (already exists): 04_async_tasks_columns.sql #1
Skip (already exists): 04_async_tasks_columns.sql #2
Skip (already exists): 04_async_tasks_columns.sql #3
Skip (already exists): 05_add_image_generations_completed_at.sql #1
Skip (already exists): 05_add_image_generations_completed_at.sql #2
Skip (already exists): 06_add_characters_local_path.sql
Skip (already exists): 07_add_scenes_image_columns.sql #1
Skip (already exists): 07_add_scenes_image_columns.sql #2
Skip (already exists): 08_add_video_generations_completed_at.sql #1
Skip (already exists): 08_add_video_generations_completed_at.sql #2
Ran migration: 09_scene_prop_libraries.sql #1
Ran migration: 09_scene_prop_libraries.sql #2
Ran migration: 10_prompt_overrides.sql
Ran migration: 11_add_api_protocol.sql
Ran migration: 12_image_proxy_cache.sql
Ran migration: 13_character_identity_anchors.sql #1
Ran migration: 13_character_identity_anchors.sql #2
Ran migration: 13_character_identity_anchors.sql #3
Ran migration: 13_character_identity_anchors.sql #4
Ran migration: 13_character_identity_anchors.sql #5
Ran migration: 13_character_identity_anchors.sql #6
Ran migration: 13_character_identity_anchors.sql #7
Ran migration: 13_character_identity_anchors.sql #8
Ran migration: 13_character_identity_anchors.sql #9
Ran migration: 14_storyboard_segments_and_model_map.sql #1
Ran migration: 14_storyboard_segments_and_model_map.sql #2
Ran migration: 14_storyboard_segments_and_model_map.sql #3
Ran migration: 15_storyboard_angle_structured.sql #1
Ran migration: 15_storyboard_angle_structured.sql #2
Ran migration: 15_storyboard_angle_structured.sql #3
Ran migration: 16_character_polished_prompt.sql
Ran migration: 17_character_stages.sql
Ran migration: 18_storyboard_narration.sql
Ran migration: 19_storyboard_universal_mode.sql #1
Ran migration: 19_storyboard_universal_mode.sql #2
Ran migration: 20_character_seedance2_asset.sql
Ran migration: 21_asset_negative_prompt.sql #1
Ran migration: 21_asset_negative_prompt.sql #2
Ran migration: 21_asset_negative_prompt.sql #3
Skip (already exists): 22_library_source_id.sql #1
Skip (already exists): 22_library_source_id.sql #2
Skip (already exists): 22_library_source_id.sql #3
Skip (already exists): 22_library_source_id.sql #4
Skip (already exists): 22_library_source_id.sql #5
Skip (already exists): 22_library_source_id.sql #6
Ran migration: 22_library_source_id.sql #7
Ran migration: 22_library_source_id.sql #8
Ran migration: 22_library_source_id.sql #9
Ran migration: 23_omni_video_workbench.sql #1
Ran migration: 23_omni_video_workbench.sql #2
Ran migration: 23_omni_video_workbench.sql #3
Ran migration: 23_omni_video_workbench.sql #4
Ran migration: 23_omni_video_workbench.sql #5
Ran migration: 23_omni_video_workbench.sql #6
Ran migration: 23_omni_video_workbench.sql #7
Ran migration: 23_omni_video_workbench.sql #8
Ran migration: 23_omni_video_workbench.sql #9
Ran migration: 23_omni_video_workbench.sql #10
Ran migration: 23_omni_video_workbench.sql #11
Ran migration: 23_omni_video_workbench.sql #12
Ran migration: 24_asset_seedance2_certification.sql
Ran migration: 25_omni_sequences.sql #1
Ran migration: 25_omni_sequences.sql #2
Ran migration: 25_omni_sequences.sql #3
Ran migration: 25_omni_sequences.sql #4
Ran migration: 25_omni_sequences.sql #5
Ran migration: 26_omni_workbench_improvements.sql #1
Ran migration: 26_omni_workbench_improvements.sql #2
Ran migration: 27_ai_toolbox.sql #1
Ran migration: 27_ai_toolbox.sql #2
Ran migration: 27_ai_toolbox.sql #3
Ran migration: 27_ai_toolbox.sql #4
Ran migration: 27_ai_toolbox.sql #5
Ran migration: 27_ai_toolbox.sql #6
Ran migration: 27_ai_toolbox.sql #7
Ran migration: 28_storyboard_generation_settings.sql #1
Ran migration: 28_storyboard_generation_settings.sql #2
Ran migration: 28_storyboard_generation_settings.sql #3
Ran migration: 28_storyboard_generation_settings.sql #4
Ran migration: 29_resource_seedance2_asset.sql #1
Ran migration: 29_resource_seedance2_asset.sql #2
Ran migration: 30_storyboard_omni_assets.sql #1
Ran migration: 30_storyboard_omni_assets.sql #2
Ran migration: 30_storyboard_omni_assets.sql #3
Ran migration: 30_storyboard_omni_assets.sql #4
Ran migration: 30_storyboard_omni_assets.sql #5
Ran migration: 30_storyboard_omni_assets.sql #6
Ran migration: 30_storyboard_omni_assets.sql #7
Ran migration: 30_storyboard_omni_assets.sql #8
Ran migration: 30_storyboard_omni_assets.sql #9
Ran migration: 31_storyboard_sort_order.sql
Ran migration: 32_asset_favorites.sql
Ran migration: 33_auth_billing_admin.sql #1
Ran migration: 33_auth_billing_admin.sql #2
Ran migration: 33_auth_billing_admin.sql #3
Ran migration: 33_auth_billing_admin.sql #4
Ran migration: 33_auth_billing_admin.sql #5
Ran migration: 33_auth_billing_admin.sql #6
Ran migration: 33_auth_billing_admin.sql #7
Ran migration: 33_auth_billing_admin.sql #8
Ran migration: 33_auth_billing_admin.sql #9
Ran migration: 33_auth_billing_admin.sql #10
Ran migration: 33_auth_billing_admin.sql #11
Ran migration: 33_auth_billing_admin.sql #12
Ran migration: 33_auth_billing_admin.sql #13
Ran migration: 33_auth_billing_admin.sql #14
Ran migration: 33_auth_billing_admin.sql #15
Ran migration: 33_auth_billing_admin.sql #16
Ran migration: 33_auth_billing_admin.sql #17
Ran migration: 33_auth_billing_admin.sql #18
Ran migration: 33_auth_billing_admin.sql #19
Ran migration: 33_auth_billing_admin.sql #20
Ran migration: 33_auth_billing_admin.sql #21
Ran migration: 34_workflow_ownership.sql #1
Ran migration: 34_workflow_ownership.sql #2
Ran migration: 34_workflow_ownership.sql #3
Ran migration: 34_workflow_ownership.sql #4
Ran migration: 34_workflow_ownership.sql #5
Ran migration: 34_workflow_ownership.sql #6
Ran migration: 34_workflow_ownership.sql #7
Ran migration: 35_runtime_auth_settings.sql
Ran migration: 36_volcengine_seedream_official_prices.sql #1
Ran migration: 36_volcengine_seedream_official_prices.sql #2
Ran migration: 36_volcengine_seedream_official_prices.sql #3
Ran migration: 37_points_ratio_and_volcengine_video_prices.sql #1
Ran migration: 37_points_ratio_and_volcengine_video_prices.sql #2
Ran migration: 37_points_ratio_and_volcengine_video_prices.sql #3
Ran migration: 37_points_ratio_and_volcengine_video_prices.sql #4
Ran migration: 37_points_ratio_and_volcengine_video_prices.sql #5
Ran migration: 37_points_ratio_and_volcengine_video_prices.sql #6
Ran migration: 37_points_ratio_and_volcengine_video_prices.sql #7
Ran migration: 37_points_ratio_and_volcengine_video_prices.sql #8
Ran migration: 38_seedance_video_rate_contexts.sql #1
Ran migration: 38_seedance_video_rate_contexts.sql #2
Ran migration: 39_billing_key_for_custom_providers.sql #1
Ran migration: 39_billing_key_for_custom_providers.sql #2
Ran migration: 40_volcengine_text_tts_official_prices.sql #1
Ran migration: 40_volcengine_text_tts_official_prices.sql #2
Ran migration: 40_volcengine_text_tts_official_prices.sql #3
Ran migration: 40_volcengine_text_tts_official_prices.sql #4
Ran migration: 40_volcengine_text_tts_official_prices.sql #5
Ran migration: 41_billing_reconciliation.sql #1
Ran migration: 41_billing_reconciliation.sql #2
Ran migration: 41_billing_reconciliation.sql #3
Ran migration: 42_volcengine_seed_2_lite_prices.sql #1
Ran migration: 42_volcengine_seed_2_lite_prices.sql #2
Ran migration: 43_video_usage_output_meter_and_snapshot.sql #1
Ran migration: 43_video_usage_output_meter_and_snapshot.sql #2
Ran migration: 43_video_usage_output_meter_and_snapshot.sql #3
Ran migration: 44_deduplicate_video_output_meters.sql #1
Ran migration: 44_deduplicate_video_output_meters.sql #2
Ran migration: 45_remove_legacy_model_permissions.sql
Ran migration: 46_seed_2_lite_context_tier.sql #1
Ran migration: 46_seed_2_lite_context_tier.sql #2
Ran migration: 46_seed_2_lite_context_tier.sql #3
Ran migration: 47_seedance_2_mini_price.sql #1
Ran migration: 47_seedance_2_mini_price.sql #2
Ran migration: 48_media_archive_records.sql #1
Ran migration: 48_media_archive_records.sql #2
Ran migration: 49_seedance_2_5_price.sql #1
Ran migration: 49_seedance_2_5_price.sql #2
Ran migration: 50_storyboard_generation_inheritance.sql #1
Ran migration: 50_storyboard_generation_inheritance.sql #2
Ran migration: 51_video_poster_path.sql
Ran migration: 52_asset_links_video_interpolation.sql #1
Ran migration: 52_asset_links_video_interpolation.sql #2
Ran migration: 52_asset_links_video_interpolation.sql #3
Ran migration: 52_asset_links_video_interpolation.sql #4
Ran migration: 52_asset_links_video_interpolation.sql #5
Ran migration: 52_asset_links_video_interpolation.sql #6
Ran migration: 52_asset_links_video_interpolation.sql #7
Ran migration: 52_asset_links_video_interpolation.sql #8
Ran migration: 52_asset_links_video_interpolation.sql #9
Ran migration: 52_asset_links_video_interpolation.sql #10
Ran migration: 52_asset_links_video_interpolation.sql #11
Ran migration: 52_asset_links_video_interpolation.sql #12
Ran migration: 52_asset_links_video_interpolation.sql #13
Ran migration: 52_asset_links_video_interpolation.sql #14
Ran migration: 52_asset_links_video_interpolation.sql #15
Ran migration: 52_asset_links_video_interpolation.sql #16
Ran migration: 52_asset_links_video_interpolation.sql #17
Ran migration: 53_video_upscale_and_billing_reaudit.sql #1
Ran migration: 53_video_upscale_and_billing_reaudit.sql #2
Ran migration: 53_video_upscale_and_billing_reaudit.sql #3
Ran migration: 53_video_upscale_and_billing_reaudit.sql #4
Ran migration: 53_video_upscale_and_billing_reaudit.sql #5
Ran migration: 53_video_upscale_and_billing_reaudit.sql #6
Ran migration: 53_video_upscale_and_billing_reaudit.sql #7
Ran migration: 53_video_upscale_and_billing_reaudit.sql #9
Ran migration: 53_video_upscale_and_billing_reaudit.sql #10
Ran migration: 54_storyboard_optional_video_postprocess.sql #1
Ran migration: 54_storyboard_optional_video_postprocess.sql #2
Ran migration: 54_storyboard_optional_video_postprocess.sql #3
Ran migration: 55_video_intermediate_cleanup_opt_in.sql
Ran migration: 56_fix_mediakit_postprocess_display_fallback_prices.sql #1
Ran migration: 56_fix_mediakit_postprocess_display_fallback_prices.sql #2
Ran migration: 57_mediakit_shared_connection_defaults.sql
Ran migration: 58_storyboard_active_video_version.sql
Ran migration: 59_operations_alert_settings.sql #1
Ran migration: 59_operations_alert_settings.sql #2
Ran migration: 60_operations_report_snapshots.sql
Ran migration: 61_tenant_billing_and_console_isolation.sql #1
Ran migration: 61_tenant_billing_and_console_isolation.sql #2
Ran migration: 61_tenant_billing_and_console_isolation.sql #3
Ran migration: 61_tenant_billing_and_console_isolation.sql #4
Ran migration: 61_tenant_billing_and_console_isolation.sql #5
Ran migration: 61_tenant_billing_and_console_isolation.sql #6
Ran migration: 61_tenant_billing_and_console_isolation.sql #7
Ran migration: 61_tenant_billing_and_console_isolation.sql #8
Ran migration: 61_tenant_billing_and_console_isolation.sql #9
Ran migration: 61_tenant_billing_and_console_isolation.sql #10
Ran migration: 61_tenant_billing_and_console_isolation.sql #11
Ran migration: 61_tenant_billing_and_console_isolation.sql #12
Ran migration: 61_tenant_billing_and_console_isolation.sql #13
Ran migration: 61_tenant_billing_and_console_isolation.sql #14
Ran migration: 61_tenant_billing_and_console_isolation.sql #15
Ran migration: 61_tenant_billing_and_console_isolation.sql #16
Ran migration: 62_migrate_existing_users_to_default_tenant.sql #1
Ran migration: 62_migrate_existing_users_to_default_tenant.sql #2
Ran migration: 62_migrate_existing_users_to_default_tenant.sql #3
Ran migration: 62_migrate_existing_users_to_default_tenant.sql #4
Ran migration: 62_migrate_existing_users_to_default_tenant.sql #5
Ran migration: 63_geeknow_gpt_image_2_price.sql #1
Ran migration: 63_geeknow_gpt_image_2_price.sql #2
Ran migration: 64_default_tenant_price_book_compatibility.sql
Ran migration: 65_tool_run_tenant_scope.sql #1
Ran migration: 65_tool_run_tenant_scope.sql #2
Ran migration: 66_tenant_config_defaults.sql #1
Ran migration: 66_tenant_config_defaults.sql #2
Ran migration: 66_tenant_config_defaults.sql #3
Ran migration: 66_tenant_config_defaults.sql #4
Ran migration: 66_tenant_config_defaults.sql #5
Ran migration: 67_tenant_owned_ai_configs.sql #1
Ran migration: 67_tenant_owned_ai_configs.sql #2
Ran migration: 68_preserve_legacy_default_tenant.sql #1
Ran migration: 68_preserve_legacy_default_tenant.sql #2
Skip migration (table not found, will be ensured later): 69_homepage_default_video_resources.sql - no such table: global_settings
Ran migration: 70_billing_project_usage_snapshots.sql #1
Ran migration: 70_billing_project_usage_snapshots.sql #2
Ran migration: 70_billing_project_usage_snapshots.sql #3
Ran migration: 70_billing_project_usage_snapshots.sql #4
Ran migration: 70_billing_project_usage_snapshots.sql #5
Ran migration: 70_billing_project_usage_snapshots.sql #6
Ran migration: 70_billing_project_usage_snapshots.sql #7
Ran migration: 70_billing_project_usage_snapshots.sql #8
Ran migration: 70_billing_project_usage_snapshots.sql #9
Ran migration: 70_billing_project_usage_snapshots.sql #10
Ran migration: 70_billing_project_usage_snapshots.sql #11
Ran migration: 70_billing_project_usage_snapshots.sql #12
Ran migration: 70_billing_project_usage_snapshots.sql #13
Ran migration: 70_billing_project_usage_snapshots.sql #14
Ran migration: 71_billable_project_context.sql #1
Ran migration: 71_billable_project_context.sql #2
Ran migration: 71_billable_project_context.sql #3
Ran migration: 71_billable_project_context.sql #4
Migrated billing ledger to micro-points: [33m10000[39m
ensureColumns: added storyboards.layout_description (TEXT)
ensureColumns: added storyboards.image_url (TEXT)
ensureColumns: added storyboards.local_path (TEXT)
ensureColumns: added storyboards.main_panel_idx (INTEGER)
ensureColumns: added storyboards.composed_image (TEXT)
ensureColumns: added storyboards.result (TEXT)
ensureColumns: added storyboards.emotion (TEXT)
ensureColumns: added storyboards.emotion_intensity (INTEGER)
ensureColumns: added storyboards.error_msg (TEXT)
ensureColumns: added storyboards.lighting_style (TEXT)
ensureColumns: added storyboards.depth_of_field (TEXT)
ensureColumns: added storyboards.polished_prompt (TEXT)
ensureColumns: added storyboards.continuity_snapshot (TEXT)
ensureColumns: added storyboards.audio_local_path (TEXT)
ensureColumns: added storyboards.narration_audio_local_path (TEXT)
ensureColumns: added storyboards.omni_prompt_document_json (TEXT)
ensureColumns: added storyboards.first_frame_image_id (INTEGER)
ensureColumns: added storyboards.last_frame_image_id (INTEGER)
ensureColumns: added storyboards.last_frame_image_url (TEXT)
ensureColumns: added storyboards.last_frame_local_path (TEXT)
ensureColumns: added characters.extra_images (TEXT)
ensureColumns: added characters.error_msg (TEXT)
ensureColumns: added characters.ref_image (TEXT)
ensureColumns: added characters.seedance2_voice_asset (TEXT)
ensureColumns: added scenes.polished_prompt (TEXT)
ensureColumns: added scenes.extra_images (TEXT)
ensureColumns: added scenes.ref_image (TEXT)
ensureColumns: added scenes.error_msg (TEXT)
ensureColumns: added props.extra_images (TEXT)
ensureColumns: added props.ref_image (TEXT)
ensureColumns: added props.error_msg (TEXT)
ensureColumns: added tenants.is_new_user_default (INTEGER DEFAULT 0)
ensureColumns: added image_generations.episode_id (INTEGER)
ensureColumns: added image_generations.use_first_frame_layout_lock (INTEGER)
ensureColumns: added image_generations.width (INTEGER)
ensureColumns: added image_generations.height (INTEGER)
ensureColumns: added video_generations.resolution (TEXT)
ensureColumns: added video_generations.seed (INTEGER)
ensureColumns: added video_generations.camera_fixed (INTEGER)
ensureColumns: added video_generations.watermark (INTEGER)
ensureColumns: added video_generations.provider_task_id (TEXT)
ensureColumns: added video_generations.archive_status (TEXT)
ensureColumns: added video_generations.archive_error (TEXT)
ensureColumns: added video_generations.archive_attempts (INTEGER NOT NULL DEFAULT 0)
ensureColumns: added video_generations.archived_at (TEXT)
ensureColumns: added video_merges.merge_options (TEXT)
ensureColumns: added video_merges.merged_url (TEXT)
ensureColumns: added video_merges.duration (INTEGER)
ensureColumns: added video_merges.completed_at (TEXT)
ensureColumns: added video_merges.error_msg (TEXT)
ensureColumns: added assets.reference_alias (TEXT)
ensureColumns: added assets.archived_at (TEXT)
ensureColumns: added omni_video_jobs.storyboard_id (INTEGER)
Ran migration: 01_init.sql #1
Ran migration: 01_init.sql #2
Ran migration: 01_init.sql #3
Ran migration: 01_init.sql #4
Ran migration: 01_init.sql #5
Ran migration: 01_init.sql #6
Ran migration: 01_init.sql #7
Ran migration: 01_init.sql #8
Ran migration: 01_init.sql #9
Ran migration: 01_init.sql #10
Ran migration: 01_init.sql #11
Ran migration: 01_init.sql #12
Ran migration: 01_init.sql #13
Ran migration: 01_init.sql #14
Ran migration: 01_init.sql #15
Ran migration: 01_init.sql #16
Ran migration: 01_init.sql #17
Ran migration: 01_init.sql #18
Skip (already exists): 02_add_default_model.sql
Ran migration: 03_add_props_episode_id.sql
Skip (already exists): 04_async_tasks_columns.sql #1
Skip (already exists): 04_async_tasks_columns.sql #2
Skip (already exists): 04_async_tasks_columns.sql #3
Skip (already exists): 05_add_image_generations_completed_at.sql #1
Skip (already exists): 05_add_image_generations_completed_at.sql #2
Skip (already exists): 06_add_characters_local_path.sql
Skip (already exists): 07_add_scenes_image_columns.sql #1
Skip (already exists): 07_add_scenes_image_columns.sql #2
Skip (already exists): 08_add_video_generations_completed_at.sql #1
Skip (already exists): 08_add_video_generations_completed_at.sql #2
Ran migration: 09_scene_prop_libraries.sql #1
Ran migration: 09_scene_prop_libraries.sql #2
Ran migration: 10_prompt_overrides.sql
Ran migration: 11_add_api_protocol.sql
Ran migration: 12_image_proxy_cache.sql
Ran migration: 13_character_identity_anchors.sql #1
Ran migration: 13_character_identity_anchors.sql #2
Ran migration: 13_character_identity_anchors.sql #3
Ran migration: 13_character_identity_anchors.sql #4
Ran migration: 13_character_identity_anchors.sql #5
Ran migration: 13_character_identity_anchors.sql #6
Ran migration: 13_character_identity_anchors.sql #7
Ran migration: 13_character_identity_anchors.sql #8
Ran migration: 13_character_identity_anchors.sql #9
Ran migration: 14_storyboard_segments_and_model_map.sql #1
Ran migration: 14_storyboard_segments_and_model_map.sql #2
Ran migration: 14_storyboard_segments_and_model_map.sql #3
Ran migration: 15_storyboard_angle_structured.sql #1
Ran migration: 15_storyboard_angle_structured.sql #2
Ran migration: 15_storyboard_angle_structured.sql #3
Ran migration: 16_character_polished_prompt.sql
Ran migration: 17_character_stages.sql
Ran migration: 18_storyboard_narration.sql
Ran migration: 19_storyboard_universal_mode.sql #1
Ran migration: 19_storyboard_universal_mode.sql #2
Ran migration: 20_character_seedance2_asset.sql
Ran migration: 21_asset_negative_prompt.sql #1
Ran migration: 21_asset_negative_prompt.sql #2
Ran migration: 21_asset_negative_prompt.sql #3
Skip (already exists): 22_library_source_id.sql #1
Skip (already exists): 22_library_source_id.sql #2
Skip (already exists): 22_library_source_id.sql #3
Skip (already exists): 22_library_source_id.sql #4
Skip (already exists): 22_library_source_id.sql #5
Skip (already exists): 22_library_source_id.sql #6
Ran migration: 22_library_source_id.sql #7
Ran migration: 22_library_source_id.sql #8
Ran migration: 22_library_source_id.sql #9
Ran migration: 23_omni_video_workbench.sql #1
Ran migration: 23_omni_video_workbench.sql #2
Ran migration: 23_omni_video_workbench.sql #3
Ran migration: 23_omni_video_workbench.sql #4
Ran migration: 23_omni_video_workbench.sql #5
Ran migration: 23_omni_video_workbench.sql #6
Ran migration: 23_omni_video_workbench.sql #7
Ran migration: 23_omni_video_workbench.sql #8
Ran migration: 23_omni_video_workbench.sql #9
Ran migration: 23_omni_video_workbench.sql #10
Ran migration: 23_omni_video_workbench.sql #11
Ran migration: 23_omni_video_workbench.sql #12
Ran migration: 24_asset_seedance2_certification.sql
Ran migration: 25_omni_sequences.sql #1
Ran migration: 25_omni_sequences.sql #2
Ran migration: 25_omni_sequences.sql #3
Ran migration: 25_omni_sequences.sql #4
Ran migration: 25_omni_sequences.sql #5
Ran migration: 26_omni_workbench_improvements.sql #1
Ran migration: 26_omni_workbench_improvements.sql #2
Ran migration: 27_ai_toolbox.sql #1
Ran migration: 27_ai_toolbox.sql #2
Ran migration: 27_ai_toolbox.sql #3
Ran migration: 27_ai_toolbox.sql #4
Ran migration: 27_ai_toolbox.sql #5
Ran migration: 27_ai_toolbox.sql #6
Ran migration: 27_ai_toolbox.sql #7
Ran migration: 28_storyboard_generation_settings.sql #1
Ran migration: 28_storyboard_generation_settings.sql #2
Ran migration: 28_storyboard_generation_settings.sql #3
Ran migration: 28_storyboard_generation_settings.sql #4
Ran migration: 29_resource_seedance2_asset.sql #1
Ran migration: 29_resource_seedance2_asset.sql #2
Ran migration: 30_storyboard_omni_assets.sql #1
Ran migration: 30_storyboard_omni_assets.sql #2
Ran migration: 30_storyboard_omni_assets.sql #3
Ran migration: 30_storyboard_omni_assets.sql #4
Ran migration: 30_storyboard_omni_assets.sql #5
Ran migration: 30_storyboard_omni_assets.sql #6
Ran migration: 30_storyboard_omni_assets.sql #7
Ran migration: 30_storyboard_omni_assets.sql #8
Ran migration: 30_storyboard_omni_assets.sql #9
Ran migration: 31_storyboard_sort_order.sql
Ran migration: 32_asset_favorites.sql
Ran migration: 33_auth_billing_admin.sql #1
Ran migration: 33_auth_billing_admin.sql #2
Ran migration: 33_auth_billing_admin.sql #3
Ran migration: 33_auth_billing_admin.sql #4
Ran migration: 33_auth_billing_admin.sql #5
Ran migration: 33_auth_billing_admin.sql #6
Ran migration: 33_auth_billing_admin.sql #7
Ran migration: 33_auth_billing_admin.sql #8
Ran migration: 33_auth_billing_admin.sql #9
Ran migration: 33_auth_billing_admin.sql #10
Ran migration: 33_auth_billing_admin.sql #11
Ran migration: 33_auth_billing_admin.sql #12
Ran migration: 33_auth_billing_admin.sql #13
Ran migration: 33_auth_billing_admin.sql #14
Ran migration: 33_auth_billing_admin.sql #15
Ran migration: 33_auth_billing_admin.sql #16
Ran migration: 33_auth_billing_admin.sql #17
Ran migration: 33_auth_billing_admin.sql #18
Ran migration: 33_auth_billing_admin.sql #19
Ran migration: 33_auth_billing_admin.sql #20
Ran migration: 33_auth_billing_admin.sql #21
Ran migration: 34_workflow_ownership.sql #1
Ran migration: 34_workflow_ownership.sql #2
Ran migration: 34_workflow_ownership.sql #3
Ran migration: 34_workflow_ownership.sql #4
Ran migration: 34_workflow_ownership.sql #5
Ran migration: 34_workflow_ownership.sql #6
Ran migration: 34_workflow_ownership.sql #7
Ran migration: 35_runtime_auth_settings.sql
Ran migration: 36_volcengine_seedream_official_prices.sql #1
Ran migration: 36_volcengine_seedream_official_prices.sql #2
Ran migration: 36_volcengine_seedream_official_prices.sql #3
Ran migration: 37_points_ratio_and_volcengine_video_prices.sql #1
Ran migration: 37_points_ratio_and_volcengine_video_prices.sql #2
Ran migration: 37_points_ratio_and_volcengine_video_prices.sql #3
Ran migration: 37_points_ratio_and_volcengine_video_prices.sql #4
Ran migration: 37_points_ratio_and_volcengine_video_prices.sql #5
Ran migration: 37_points_ratio_and_volcengine_video_prices.sql #6
Ran migration: 37_points_ratio_and_volcengine_video_prices.sql #7
Ran migration: 37_points_ratio_and_volcengine_video_prices.sql #8
Ran migration: 38_seedance_video_rate_contexts.sql #1
Ran migration: 38_seedance_video_rate_contexts.sql #2
Ran migration: 39_billing_key_for_custom_providers.sql #1
Ran migration: 39_billing_key_for_custom_providers.sql #2
Ran migration: 40_volcengine_text_tts_official_prices.sql #1
Ran migration: 40_volcengine_text_tts_official_prices.sql #2
Ran migration: 40_volcengine_text_tts_official_prices.sql #3
Ran migration: 40_volcengine_text_tts_official_prices.sql #4
Ran migration: 40_volcengine_text_tts_official_prices.sql #5
Ran migration: 41_billing_reconciliation.sql #1
Ran migration: 41_billing_reconciliation.sql #2
Ran migration: 41_billing_reconciliation.sql #3
Ran migration: 42_volcengine_seed_2_lite_prices.sql #1
Ran migration: 42_volcengine_seed_2_lite_prices.sql #2
Ran migration: 43_video_usage_output_meter_and_snapshot.sql #1
Ran migration: 43_video_usage_output_meter_and_snapshot.sql #2
Ran migration: 43_video_usage_output_meter_and_snapshot.sql #3
Ran migration: 44_deduplicate_video_output_meters.sql #1
Ran migration: 44_deduplicate_video_output_meters.sql #2
Ran migration: 45_remove_legacy_model_permissions.sql
Ran migration: 46_seed_2_lite_context_tier.sql #1
Ran migration: 46_seed_2_lite_context_tier.sql #2
Ran migration: 46_seed_2_lite_context_tier.sql #3
Ran migration: 47_seedance_2_mini_price.sql #1
Ran migration: 47_seedance_2_mini_price.sql #2
Ran migration: 48_media_archive_records.sql #1
Ran migration: 48_media_archive_records.sql #2
Ran migration: 49_seedance_2_5_price.sql #1
Ran migration: 49_seedance_2_5_price.sql #2
Ran migration: 50_storyboard_generation_inheritance.sql #1
Ran migration: 50_storyboard_generation_inheritance.sql #2
Ran migration: 51_video_poster_path.sql
Ran migration: 52_asset_links_video_interpolation.sql #1
Ran migration: 52_asset_links_video_interpolation.sql #2
Ran migration: 52_asset_links_video_interpolation.sql #3
Ran migration: 52_asset_links_video_interpolation.sql #4
Ran migration: 52_asset_links_video_interpolation.sql #5
Ran migration: 52_asset_links_video_interpolation.sql #6
Ran migration: 52_asset_links_video_interpolation.sql #7
Ran migration: 52_asset_links_video_interpolation.sql #8
Ran migration: 52_asset_links_video_interpolation.sql #9
Ran migration: 52_asset_links_video_interpolation.sql #10
Ran migration: 52_asset_links_video_interpolation.sql #11
Ran migration: 52_asset_links_video_interpolation.sql #12
Ran migration: 52_asset_links_video_interpolation.sql #13
Ran migration: 52_asset_links_video_interpolation.sql #14
Ran migration: 52_asset_links_video_interpolation.sql #15
Ran migration: 52_asset_links_video_interpolation.sql #16
Ran migration: 52_asset_links_video_interpolation.sql #17
Ran migration: 53_video_upscale_and_billing_reaudit.sql #1
Ran migration: 53_video_upscale_and_billing_reaudit.sql #2
Ran migration: 53_video_upscale_and_billing_reaudit.sql #3
Ran migration: 53_video_upscale_and_billing_reaudit.sql #4
Ran migration: 53_video_upscale_and_billing_reaudit.sql #5
Ran migration: 53_video_upscale_and_billing_reaudit.sql #6
Ran migration: 53_video_upscale_and_billing_reaudit.sql #7
Ran migration: 53_video_upscale_and_billing_reaudit.sql #9
Ran migration: 53_video_upscale_and_billing_reaudit.sql #10
Ran migration: 54_storyboard_optional_video_postprocess.sql #1
Ran migration: 54_storyboard_optional_video_postprocess.sql #2
Ran migration: 54_storyboard_optional_video_postprocess.sql #3
Ran migration: 55_video_intermediate_cleanup_opt_in.sql
Ran migration: 56_fix_mediakit_postprocess_display_fallback_prices.sql #1
Ran migration: 56_fix_mediakit_postprocess_display_fallback_prices.sql #2
Ran migration: 57_mediakit_shared_connection_defaults.sql
Ran migration: 58_storyboard_active_video_version.sql
Ran migration: 59_operations_alert_settings.sql #1
Ran migration: 59_operations_alert_settings.sql #2
Ran migration: 60_operations_report_snapshots.sql
Ran migration: 61_tenant_billing_and_console_isolation.sql #1
Ran migration: 61_tenant_billing_and_console_isolation.sql #2
Ran migration: 61_tenant_billing_and_console_isolation.sql #3
Ran migration: 61_tenant_billing_and_console_isolation.sql #4
Ran migration: 61_tenant_billing_and_console_isolation.sql #5
Ran migration: 61_tenant_billing_and_console_isolation.sql #6
Ran migration: 61_tenant_billing_and_console_isolation.sql #7
Ran migration: 61_tenant_billing_and_console_isolation.sql #8
Ran migration: 61_tenant_billing_and_console_isolation.sql #9
Ran migration: 61_tenant_billing_and_console_isolation.sql #10
Ran migration: 61_tenant_billing_and_console_isolation.sql #11
Ran migration: 61_tenant_billing_and_console_isolation.sql #12
Ran migration: 61_tenant_billing_and_console_isolation.sql #13
Ran migration: 61_tenant_billing_and_console_isolation.sql #14
Ran migration: 61_tenant_billing_and_console_isolation.sql #15
Ran migration: 61_tenant_billing_and_console_isolation.sql #16
Ran migration: 62_migrate_existing_users_to_default_tenant.sql #1
Ran migration: 62_migrate_existing_users_to_default_tenant.sql #2
Ran migration: 62_migrate_existing_users_to_default_tenant.sql #3
Ran migration: 62_migrate_existing_users_to_default_tenant.sql #4
Ran migration: 62_migrate_existing_users_to_default_tenant.sql #5
Ran migration: 63_geeknow_gpt_image_2_price.sql #1
Ran migration: 63_geeknow_gpt_image_2_price.sql #2
Ran migration: 64_default_tenant_price_book_compatibility.sql
Ran migration: 65_tool_run_tenant_scope.sql #1
Ran migration: 65_tool_run_tenant_scope.sql #2
Ran migration: 66_tenant_config_defaults.sql #1
Ran migration: 66_tenant_config_defaults.sql #2
Ran migration: 66_tenant_config_defaults.sql #3
Ran migration: 66_tenant_config_defaults.sql #4
Ran migration: 66_tenant_config_defaults.sql #5
Ran migration: 67_tenant_owned_ai_configs.sql #1
Ran migration: 67_tenant_owned_ai_configs.sql #2
Ran migration: 68_preserve_legacy_default_tenant.sql #1
Ran migration: 68_preserve_legacy_default_tenant.sql #2
Skip migration (table not found, will be ensured later): 69_homepage_default_video_resources.sql - no such table: global_settings
Ran migration: 70_billing_project_usage_snapshots.sql #1
Ran migration: 70_billing_project_usage_snapshots.sql #2
Ran migration: 70_billing_project_usage_snapshots.sql #3
Ran migration: 70_billing_project_usage_snapshots.sql #4
Ran migration: 70_billing_project_usage_snapshots.sql #5
Ran migration: 70_billing_project_usage_snapshots.sql #6
Ran migration: 70_billing_project_usage_snapshots.sql #7
Ran migration: 70_billing_project_usage_snapshots.sql #8
Ran migration: 70_billing_project_usage_snapshots.sql #9
Ran migration: 70_billing_project_usage_snapshots.sql #10
Ran migration: 70_billing_project_usage_snapshots.sql #11
Ran migration: 70_billing_project_usage_snapshots.sql #12
Ran migration: 70_billing_project_usage_snapshots.sql #13
Ran migration: 70_billing_project_usage_snapshots.sql #14
Ran migration: 71_billable_project_context.sql #1
Ran migration: 71_billable_project_context.sql #2
Ran migration: 71_billable_project_context.sql #3
Ran migration: 71_billable_project_context.sql #4
Migrated billing ledger to micro-points: [33m10000[39m
ensureColumns: added storyboards.layout_description (TEXT)
ensureColumns: added storyboards.image_url (TEXT)
ensureColumns: added storyboards.local_path (TEXT)
ensureColumns: added storyboards.main_panel_idx (INTEGER)
ensureColumns: added storyboards.composed_image (TEXT)
ensureColumns: added storyboards.result (TEXT)
ensureColumns: added storyboards.emotion (TEXT)
ensureColumns: added storyboards.emotion_intensity (INTEGER)
ensureColumns: added storyboards.error_msg (TEXT)
ensureColumns: added storyboards.lighting_style (TEXT)
ensureColumns: added storyboards.depth_of_field (TEXT)
ensureColumns: added storyboards.polished_prompt (TEXT)
ensureColumns: added storyboards.continuity_snapshot (TEXT)
ensureColumns: added storyboards.audio_local_path (TEXT)
ensureColumns: added storyboards.narration_audio_local_path (TEXT)
ensureColumns: added storyboards.omni_prompt_document_json (TEXT)
ensureColumns: added storyboards.first_frame_image_id (INTEGER)
ensureColumns: added storyboards.last_frame_image_id (INTEGER)
ensureColumns: added storyboards.last_frame_image_url (TEXT)
ensureColumns: added storyboards.last_frame_local_path (TEXT)
ensureColumns: added characters.extra_images (TEXT)
ensureColumns: added characters.error_msg (TEXT)
ensureColumns: added characters.ref_image (TEXT)
ensureColumns: added characters.seedance2_voice_asset (TEXT)
ensureColumns: added scenes.polished_prompt (TEXT)
ensureColumns: added scenes.extra_images (TEXT)
ensureColumns: added scenes.ref_image (TEXT)
ensureColumns: added scenes.error_msg (TEXT)
ensureColumns: added props.extra_images (TEXT)
ensureColumns: added props.ref_image (TEXT)
ensureColumns: added props.error_msg (TEXT)
ensureColumns: added tenants.is_new_user_default (INTEGER DEFAULT 0)
ensureColumns: added image_generations.episode_id (INTEGER)
ensureColumns: added image_generations.use_first_frame_layout_lock (INTEGER)
ensureColumns: added image_generations.width (INTEGER)
ensureColumns: added image_generations.height (INTEGER)
ensureColumns: added video_generations.resolution (TEXT)
ensureColumns: added video_generations.seed (INTEGER)
ensureColumns: added video_generations.camera_fixed (INTEGER)
ensureColumns: added video_generations.watermark (INTEGER)
ensureColumns: added video_generations.provider_task_id (TEXT)
ensureColumns: added video_generations.archive_status (TEXT)
ensureColumns: added video_generations.archive_error (TEXT)
ensureColumns: added video_generations.archive_attempts (INTEGER NOT NULL DEFAULT 0)
ensureColumns: added video_generations.archived_at (TEXT)
ensureColumns: added video_merges.merge_options (TEXT)
ensureColumns: added video_merges.merged_url (TEXT)
ensureColumns: added video_merges.duration (INTEGER)
ensureColumns: added video_merges.completed_at (TEXT)
ensureColumns: added video_merges.error_msg (TEXT)
ensureColumns: added assets.reference_alias (TEXT)
ensureColumns: added assets.archived_at (TEXT)
ensureColumns: added omni_video_jobs.storyboard_id (INTEGER)
Ran migration: 01_init.sql #1
Ran migration: 01_init.sql #2
Ran migration: 01_init.sql #3
Ran migration: 01_init.sql #4
Ran migration: 01_init.sql #5
Ran migration: 01_init.sql #6
Ran migration: 01_init.sql #7
Ran migration: 01_init.sql #8
Ran migration: 01_init.sql #9
Ran migration: 01_init.sql #10
Ran migration: 01_init.sql #11
Ran migration: 01_init.sql #12
Ran migration: 01_init.sql #13
Ran migration: 01_init.sql #14
Ran migration: 01_init.sql #15
Ran migration: 01_init.sql #16
Ran migration: 01_init.sql #17
Ran migration: 01_init.sql #18
Skip (already exists): 02_add_default_model.sql
Ran migration: 03_add_props_episode_id.sql
Skip (already exists): 04_async_tasks_columns.sql #1
Skip (already exists): 04_async_tasks_columns.sql #2
Skip (already exists): 04_async_tasks_columns.sql #3
Skip (already exists): 05_add_image_generations_completed_at.sql #1
Skip (already exists): 05_add_image_generations_completed_at.sql #2
Skip (already exists): 06_add_characters_local_path.sql
Skip (already exists): 07_add_scenes_image_columns.sql #1
Skip (already exists): 07_add_scenes_image_columns.sql #2
Skip (already exists): 08_add_video_generations_completed_at.sql #1
Skip (already exists): 08_add_video_generations_completed_at.sql #2
Ran migration: 09_scene_prop_libraries.sql #1
Ran migration: 09_scene_prop_libraries.sql #2
Ran migration: 10_prompt_overrides.sql
Ran migration: 11_add_api_protocol.sql
Ran migration: 12_image_proxy_cache.sql
Ran migration: 13_character_identity_anchors.sql #1
Ran migration: 13_character_identity_anchors.sql #2
Ran migration: 13_character_identity_anchors.sql #3
Ran migration: 13_character_identity_anchors.sql #4
Ran migration: 13_character_identity_anchors.sql #5
Ran migration: 13_character_identity_anchors.sql #6
Ran migration: 13_character_identity_anchors.sql #7
Ran migration: 13_character_identity_anchors.sql #8
Ran migration: 13_character_identity_anchors.sql #9
Ran migration: 14_storyboard_segments_and_model_map.sql #1
Ran migration: 14_storyboard_segments_and_model_map.sql #2
Ran migration: 14_storyboard_segments_and_model_map.sql #3
Ran migration: 15_storyboard_angle_structured.sql #1
Ran migration: 15_storyboard_angle_structured.sql #2
Ran migration: 15_storyboard_angle_structured.sql #3
Ran migration: 16_character_polished_prompt.sql
Ran migration: 17_character_stages.sql
Ran migration: 18_storyboard_narration.sql
Ran migration: 19_storyboard_universal_mode.sql #1
Ran migration: 19_storyboard_universal_mode.sql #2
Ran migration: 20_character_seedance2_asset.sql
Ran migration: 21_asset_negative_prompt.sql #1
Ran migration: 21_asset_negative_prompt.sql #2
Ran migration: 21_asset_negative_prompt.sql #3
Skip (already exists): 22_library_source_id.sql #1
Skip (already exists): 22_library_source_id.sql #2
Skip (already exists): 22_library_source_id.sql #3
Skip (already exists): 22_library_source_id.sql #4
Skip (already exists): 22_library_source_id.sql #5
Skip (already exists): 22_library_source_id.sql #6
Ran migration: 22_library_source_id.sql #7
Ran migration: 22_library_source_id.sql #8
Ran migration: 22_library_source_id.sql #9
Ran migration: 23_omni_video_workbench.sql #1
Ran migration: 23_omni_video_workbench.sql #2
Ran migration: 23_omni_video_workbench.sql #3
Ran migration: 23_omni_video_workbench.sql #4
Ran migration: 23_omni_video_workbench.sql #5
Ran migration: 23_omni_video_workbench.sql #6
Ran migration: 23_omni_video_workbench.sql #7
Ran migration: 23_omni_video_workbench.sql #8
Ran migration: 23_omni_video_workbench.sql #9
Ran migration: 23_omni_video_workbench.sql #10
Ran migration: 23_omni_video_workbench.sql #11
Ran migration: 23_omni_video_workbench.sql #12
Ran migration: 24_asset_seedance2_certification.sql
Ran migration: 25_omni_sequences.sql #1
Ran migration: 25_omni_sequences.sql #2
Ran migration: 25_omni_sequences.sql #3
Ran migration: 25_omni_sequences.sql #4
Ran migration: 25_omni_sequences.sql #5
Ran migration: 26_omni_workbench_improvements.sql #1
Ran migration: 26_omni_workbench_improvements.sql #2
Ran migration: 27_ai_toolbox.sql #1
Ran migration: 27_ai_toolbox.sql #2
Ran migration: 27_ai_toolbox.sql #3
Ran migration: 27_ai_toolbox.sql #4
Ran migration: 27_ai_toolbox.sql #5
Ran migration: 27_ai_toolbox.sql #6
Ran migration: 27_ai_toolbox.sql #7
Ran migration: 28_storyboard_generation_settings.sql #1
Ran migration: 28_storyboard_generation_settings.sql #2
Ran migration: 28_storyboard_generation_settings.sql #3
Ran migration: 28_storyboard_generation_settings.sql #4
Ran migration: 29_resource_seedance2_asset.sql #1
Ran migration: 29_resource_seedance2_asset.sql #2
Ran migration: 30_storyboard_omni_assets.sql #1
Ran migration: 30_storyboard_omni_assets.sql #2
Ran migration: 30_storyboard_omni_assets.sql #3
Ran migration: 30_storyboard_omni_assets.sql #4
Ran migration: 30_storyboard_omni_assets.sql #5
Ran migration: 30_storyboard_omni_assets.sql #6
Ran migration: 30_storyboard_omni_assets.sql #7
Ran migration: 30_storyboard_omni_assets.sql #8
Ran migration: 30_storyboard_omni_assets.sql #9
Ran migration: 31_storyboard_sort_order.sql
Ran migration: 32_asset_favorites.sql
Ran migration: 33_auth_billing_admin.sql #1
Ran migration: 33_auth_billing_admin.sql #2
Ran migration: 33_auth_billing_admin.sql #3
Ran migration: 33_auth_billing_admin.sql #4
Ran migration: 33_auth_billing_admin.sql #5
Ran migration: 33_auth_billing_admin.sql #6
Ran migration: 33_auth_billing_admin.sql #7
Ran migration: 33_auth_billing_admin.sql #8
Ran migration: 33_auth_billing_admin.sql #9
Ran migration: 33_auth_billing_admin.sql #10
Ran migration: 33_auth_billing_admin.sql #11
Ran migration: 33_auth_billing_admin.sql #12
Ran migration: 33_auth_billing_admin.sql #13
Ran migration: 33_auth_billing_admin.sql #14
Ran migration: 33_auth_billing_admin.sql #15
Ran migration: 33_auth_billing_admin.sql #16
Ran migration: 33_auth_billing_admin.sql #17
Ran migration: 33_auth_billing_admin.sql #18
Ran migration: 33_auth_billing_admin.sql #19
Ran migration: 33_auth_billing_admin.sql #20
Ran migration: 33_auth_billing_admin.sql #21
Ran migration: 34_workflow_ownership.sql #1
Ran migration: 34_workflow_ownership.sql #2
Ran migration: 34_workflow_ownership.sql #3
Ran migration: 34_workflow_ownership.sql #4
Ran migration: 34_workflow_ownership.sql #5
Ran migration: 34_workflow_ownership.sql #6
Ran migration: 34_workflow_ownership.sql #7
Ran migration: 35_runtime_auth_settings.sql
Ran migration: 36_volcengine_seedream_official_prices.sql #1
Ran migration: 36_volcengine_seedream_official_prices.sql #2
Ran migration: 36_volcengine_seedream_official_prices.sql #3
Ran migration: 37_points_ratio_and_volcengine_video_prices.sql #1
Ran migration: 37_points_ratio_and_volcengine_video_prices.sql #2
Ran migration: 37_points_ratio_and_volcengine_video_prices.sql #3
Ran migration: 37_points_ratio_and_volcengine_video_prices.sql #4
Ran migration: 37_points_ratio_and_volcengine_video_prices.sql #5
Ran migration: 37_points_ratio_and_volcengine_video_prices.sql #6
Ran migration: 37_points_ratio_and_volcengine_video_prices.sql #7
Ran migration: 37_points_ratio_and_volcengine_video_prices.sql #8
Ran migration: 38_seedance_video_rate_contexts.sql #1
Ran migration: 38_seedance_video_rate_contexts.sql #2
Ran migration: 39_billing_key_for_custom_providers.sql #1
Ran migration: 39_billing_key_for_custom_providers.sql #2
Ran migration: 40_volcengine_text_tts_official_prices.sql #1
Ran migration: 40_volcengine_text_tts_official_prices.sql #2
Ran migration: 40_volcengine_text_tts_official_prices.sql #3
Ran migration: 40_volcengine_text_tts_official_prices.sql #4
Ran migration: 40_volcengine_text_tts_official_prices.sql #5
Ran migration: 41_billing_reconciliation.sql #1
Ran migration: 41_billing_reconciliation.sql #2
Ran migration: 41_billing_reconciliation.sql #3
Ran migration: 42_volcengine_seed_2_lite_prices.sql #1
Ran migration: 42_volcengine_seed_2_lite_prices.sql #2
Ran migration: 43_video_usage_output_meter_and_snapshot.sql #1
Ran migration: 43_video_usage_output_meter_and_snapshot.sql #2
Ran migration: 43_video_usage_output_meter_and_snapshot.sql #3
Ran migration: 44_deduplicate_video_output_meters.sql #1
Ran migration: 44_deduplicate_video_output_meters.sql #2
Ran migration: 45_remove_legacy_model_permissions.sql
Ran migration: 46_seed_2_lite_context_tier.sql #1
Ran migration: 46_seed_2_lite_context_tier.sql #2
Ran migration: 46_seed_2_lite_context_tier.sql #3
Ran migration: 47_seedance_2_mini_price.sql #1
Ran migration: 47_seedance_2_mini_price.sql #2
Ran migration: 48_media_archive_records.sql #1
Ran migration: 48_media_archive_records.sql #2
Ran migration: 49_seedance_2_5_price.sql #1
Ran migration: 49_seedance_2_5_price.sql #2
Ran migration: 50_storyboard_generation_inheritance.sql #1
Ran migration: 50_storyboard_generation_inheritance.sql #2
Ran migration: 51_video_poster_path.sql
Ran migration: 52_asset_links_video_interpolation.sql #1
Ran migration: 52_asset_links_video_interpolation.sql #2
Ran migration: 52_asset_links_video_interpolation.sql #3
Ran migration: 52_asset_links_video_interpolation.sql #4
Ran migration: 52_asset_links_video_interpolation.sql #5
Ran migration: 52_asset_links_video_interpolation.sql #6
Ran migration: 52_asset_links_video_interpolation.sql #7
Ran migration: 52_asset_links_video_interpolation.sql #8
Ran migration: 52_asset_links_video_interpolation.sql #9
Ran migration: 52_asset_links_video_interpolation.sql #10
Ran migration: 52_asset_links_video_interpolation.sql #11
Ran migration: 52_asset_links_video_interpolation.sql #12
Ran migration: 52_asset_links_video_interpolation.sql #13
Ran migration: 52_asset_links_video_interpolation.sql #14
Ran migration: 52_asset_links_video_interpolation.sql #15
Ran migration: 52_asset_links_video_interpolation.sql #16
Ran migration: 52_asset_links_video_interpolation.sql #17
Ran migration: 53_video_upscale_and_billing_reaudit.sql #1
Ran migration: 53_video_upscale_and_billing_reaudit.sql #2
Ran migration: 53_video_upscale_and_billing_reaudit.sql #3
Ran migration: 53_video_upscale_and_billing_reaudit.sql #4
Ran migration: 53_video_upscale_and_billing_reaudit.sql #5
Ran migration: 53_video_upscale_and_billing_reaudit.sql #6
Ran migration: 53_video_upscale_and_billing_reaudit.sql #7
Ran migration: 53_video_upscale_and_billing_reaudit.sql #9
Ran migration: 53_video_upscale_and_billing_reaudit.sql #10
Ran migration: 54_storyboard_optional_video_postprocess.sql #1
Ran migration: 54_storyboard_optional_video_postprocess.sql #2
Ran migration: 54_storyboard_optional_video_postprocess.sql #3
Ran migration: 55_video_intermediate_cleanup_opt_in.sql
Ran migration: 56_fix_mediakit_postprocess_display_fallback_prices.sql #1
Ran migration: 56_fix_mediakit_postprocess_display_fallback_prices.sql #2
Ran migration: 57_mediakit_shared_connection_defaults.sql
Ran migration: 58_storyboard_active_video_version.sql
Ran migration: 59_operations_alert_settings.sql #1
Ran migration: 59_operations_alert_settings.sql #2
Ran migration: 60_operations_report_snapshots.sql
Ran migration: 61_tenant_billing_and_console_isolation.sql #1
Ran migration: 61_tenant_billing_and_console_isolation.sql #2
Ran migration: 61_tenant_billing_and_console_isolation.sql #3
Ran migration: 61_tenant_billing_and_console_isolation.sql #4
Ran migration: 61_tenant_billing_and_console_isolation.sql #5
Ran migration: 61_tenant_billing_and_console_isolation.sql #6
Ran migration: 61_tenant_billing_and_console_isolation.sql #7
Ran migration: 61_tenant_billing_and_console_isolation.sql #8
Ran migration: 61_tenant_billing_and_console_isolation.sql #9
Ran migration: 61_tenant_billing_and_console_isolation.sql #10
Ran migration: 61_tenant_billing_and_console_isolation.sql #11
Ran migration: 61_tenant_billing_and_console_isolation.sql #12
Ran migration: 61_tenant_billing_and_console_isolation.sql #13
Ran migration: 61_tenant_billing_and_console_isolation.sql #14
Ran migration: 61_tenant_billing_and_console_isolation.sql #15
Ran migration: 61_tenant_billing_and_console_isolation.sql #16
Ran migration: 62_migrate_existing_users_to_default_tenant.sql #1
Ran migration: 62_migrate_existing_users_to_default_tenant.sql #2
Ran migration: 62_migrate_existing_users_to_default_tenant.sql #3
Ran migration: 62_migrate_existing_users_to_default_tenant.sql #4
Ran migration: 62_migrate_existing_users_to_default_tenant.sql #5
Ran migration: 63_geeknow_gpt_image_2_price.sql #1
Ran migration: 63_geeknow_gpt_image_2_price.sql #2
Ran migration: 64_default_tenant_price_book_compatibility.sql
Ran migration: 65_tool_run_tenant_scope.sql #1
Ran migration: 65_tool_run_tenant_scope.sql #2
Ran migration: 66_tenant_config_defaults.sql #1
Ran migration: 66_tenant_config_defaults.sql #2
Ran migration: 66_tenant_config_defaults.sql #3
Ran migration: 66_tenant_config_defaults.sql #4
Ran migration: 66_tenant_config_defaults.sql #5
Ran migration: 67_tenant_owned_ai_configs.sql #1
Ran migration: 67_tenant_owned_ai_configs.sql #2
Ran migration: 68_preserve_legacy_default_tenant.sql #1
Ran migration: 68_preserve_legacy_default_tenant.sql #2
Skip migration (table not found, will be ensured later): 69_homepage_default_video_resources.sql - no such table: global_settings
Ran migration: 70_billing_project_usage_snapshots.sql #1
Ran migration: 70_billing_project_usage_snapshots.sql #2
Ran migration: 70_billing_project_usage_snapshots.sql #3
Ran migration: 70_billing_project_usage_snapshots.sql #4
Ran migration: 70_billing_project_usage_snapshots.sql #5
Ran migration: 70_billing_project_usage_snapshots.sql #6
Ran migration: 70_billing_project_usage_snapshots.sql #7
Ran migration: 70_billing_project_usage_snapshots.sql #8
Ran migration: 70_billing_project_usage_snapshots.sql #9
Ran migration: 70_billing_project_usage_snapshots.sql #10
Ran migration: 70_billing_project_usage_snapshots.sql #11
Ran migration: 70_billing_project_usage_snapshots.sql #12
Ran migration: 70_billing_project_usage_snapshots.sql #13
Ran migration: 70_billing_project_usage_snapshots.sql #14
Ran migration: 71_billable_project_context.sql #1
Ran migration: 71_billable_project_context.sql #2
Ran migration: 71_billable_project_context.sql #3
Ran migration: 71_billable_project_context.sql #4
Migrated billing ledger to micro-points: [33m10000[39m
ensureColumns: added storyboards.layout_description (TEXT)
ensureColumns: added storyboards.image_url (TEXT)
ensureColumns: added storyboards.local_path (TEXT)
ensureColumns: added storyboards.main_panel_idx (INTEGER)
ensureColumns: added storyboards.composed_image (TEXT)
ensureColumns: added storyboards.result (TEXT)
ensureColumns: added storyboards.emotion (TEXT)
ensureColumns: added storyboards.emotion_intensity (INTEGER)
ensureColumns: added storyboards.error_msg (TEXT)
ensureColumns: added storyboards.lighting_style (TEXT)
ensureColumns: added storyboards.depth_of_field (TEXT)
ensureColumns: added storyboards.polished_prompt (TEXT)
ensureColumns: added storyboards.continuity_snapshot (TEXT)
ensureColumns: added storyboards.audio_local_path (TEXT)
ensureColumns: added storyboards.narration_audio_local_path (TEXT)
ensureColumns: added storyboards.omni_prompt_document_json (TEXT)
ensureColumns: added storyboards.first_frame_image_id (INTEGER)
ensureColumns: added storyboards.last_frame_image_id (INTEGER)
ensureColumns: added storyboards.last_frame_image_url (TEXT)
ensureColumns: added storyboards.last_frame_local_path (TEXT)
ensureColumns: added characters.extra_images (TEXT)
ensureColumns: added characters.error_msg (TEXT)
ensureColumns: added characters.ref_image (TEXT)
ensureColumns: added characters.seedance2_voice_asset (TEXT)
ensureColumns: added scenes.polished_prompt (TEXT)
ensureColumns: added scenes.extra_images (TEXT)
ensureColumns: added scenes.ref_image (TEXT)
ensureColumns: added scenes.error_msg (TEXT)
ensureColumns: added props.extra_images (TEXT)
ensureColumns: added props.ref_image (TEXT)
ensureColumns: added props.error_msg (TEXT)
ensureColumns: added tenants.is_new_user_default (INTEGER DEFAULT 0)
ensureColumns: added image_generations.episode_id (INTEGER)
ensureColumns: added image_generations.use_first_frame_layout_lock (INTEGER)
ensureColumns: added image_generations.width (INTEGER)
ensureColumns: added image_generations.height (INTEGER)
ensureColumns: added video_generations.resolution (TEXT)
ensureColumns: added video_generations.seed (INTEGER)
ensureColumns: added video_generations.camera_fixed (INTEGER)
ensureColumns: added video_generations.watermark (INTEGER)
ensureColumns: added video_generations.provider_task_id (TEXT)
ensureColumns: added video_generations.archive_status (TEXT)
ensureColumns: added video_generations.archive_error (TEXT)
ensureColumns: added video_generations.archive_attempts (INTEGER NOT NULL DEFAULT 0)
ensureColumns: added video_generations.archived_at (TEXT)
ensureColumns: added video_merges.merge_options (TEXT)
ensureColumns: added video_merges.merged_url (TEXT)
ensureColumns: added video_merges.duration (INTEGER)
ensureColumns: added video_merges.completed_at (TEXT)
ensureColumns: added video_merges.error_msg (TEXT)
ensureColumns: added assets.reference_alias (TEXT)
ensureColumns: added assets.archived_at (TEXT)
ensureColumns: added omni_video_jobs.storyboard_id (INTEGER)
[32m✔ existing and newly-created users are safely adopted into the default tenant [90m(460.6696ms)[39m[39m
[32m✔ tenant bindings restrict configs and use the tenant shared price book [90m(408.4052ms)[39m[39m
[32m✔ the deployed Geeknow gpt-image-2 model is priced at 40 points per image [90m(304.7289ms)[39m[39m
[32m✔ tenant-owned AI and SD2 configs cannot bleed into another tenant [90m(258.0161ms)[39m[39m
[32m✔ new users auto-join the group marked as new-user default [90m(514.5262ms)[39m[39m
[32m✔ tool run persists independent input, linked assets, output and soft-delete lifecycle [90m(19.4424ms)[39m[39m
[32m✔ tool templates seed a read-only builtin and allow a separate custom template [90m(2.7046ms)[39m[39m
[32m✔ aspect contract derives exact canvases from the selected short-edge tier [90m(3.5916ms)[39m[39m
[32m✔ final aspect normalization preserves the paid stage artifact and creates an exact final canvas [90m(1219.0725ms)[39m[39m
[32m✔ unprocessed video normalizes in place so it remains a single retained artifact [90m(1043.6881ms)[39m[39m
[32m✔ intermediate cleanup is opt-in and never deletes legacy artifacts [90m(17.3399ms)[39m[39m
Ran migration: 01_init.sql #1
Ran migration: 01_init.sql #2
Ran migration: 01_init.sql #3
Ran migration: 01_init.sql #4
Ran migration: 01_init.sql #5
Ran migration: 01_init.sql #6
Ran migration: 01_init.sql #7
Ran migration: 01_init.sql #8
Ran migration: 01_init.sql #9
Ran migration: 01_init.sql #10
Ran migration: 01_init.sql #11
Ran migration: 01_init.sql #12
Ran migration: 01_init.sql #13
Ran migration: 01_init.sql #14
Ran migration: 01_init.sql #15
Ran migration: 01_init.sql #16
Ran migration: 01_init.sql #17
Ran migration: 01_init.sql #18
Skip (already exists): 02_add_default_model.sql
Ran migration: 03_add_props_episode_id.sql
Skip (already exists): 04_async_tasks_columns.sql #1
Skip (already exists): 04_async_tasks_columns.sql #2
Skip (already exists): 04_async_tasks_columns.sql #3
Skip (already exists): 05_add_image_generations_completed_at.sql #1
Skip (already exists): 05_add_image_generations_completed_at.sql #2
Skip (already exists): 06_add_characters_local_path.sql
Skip (already exists): 07_add_scenes_image_columns.sql #1
Skip (already exists): 07_add_scenes_image_columns.sql #2
Skip (already exists): 08_add_video_generations_completed_at.sql #1
Skip (already exists): 08_add_video_generations_completed_at.sql #2
Ran migration: 09_scene_prop_libraries.sql #1
Ran migration: 09_scene_prop_libraries.sql #2
Ran migration: 10_prompt_overrides.sql
Ran migration: 11_add_api_protocol.sql
Ran migration: 12_image_proxy_cache.sql
Ran migration: 13_character_identity_anchors.sql #1
Ran migration: 13_character_identity_anchors.sql #2
Ran migration: 13_character_identity_anchors.sql #3
Ran migration: 13_character_identity_anchors.sql #4
Ran migration: 13_character_identity_anchors.sql #5
Ran migration: 13_character_identity_anchors.sql #6
Ran migration: 13_character_identity_anchors.sql #7
Ran migration: 13_character_identity_anchors.sql #8
Ran migration: 13_character_identity_anchors.sql #9
Ran migration: 14_storyboard_segments_and_model_map.sql #1
Ran migration: 14_storyboard_segments_and_model_map.sql #2
Ran migration: 14_storyboard_segments_and_model_map.sql #3
Ran migration: 15_storyboard_angle_structured.sql #1
Ran migration: 15_storyboard_angle_structured.sql #2
Ran migration: 15_storyboard_angle_structured.sql #3
Ran migration: 16_character_polished_prompt.sql
Ran migration: 17_character_stages.sql
Ran migration: 18_storyboard_narration.sql
Ran migration: 19_storyboard_universal_mode.sql #1
Ran migration: 19_storyboard_universal_mode.sql #2
Ran migration: 20_character_seedance2_asset.sql
Ran migration: 21_asset_negative_prompt.sql #1
Ran migration: 21_asset_negative_prompt.sql #2
Ran migration: 21_asset_negative_prompt.sql #3
Skip (already exists): 22_library_source_id.sql #1
Skip (already exists): 22_library_source_id.sql #2
Skip (already exists): 22_library_source_id.sql #3
Skip (already exists): 22_library_source_id.sql #4
Skip (already exists): 22_library_source_id.sql #5
Skip (already exists): 22_library_source_id.sql #6
Ran migration: 22_library_source_id.sql #7
Ran migration: 22_library_source_id.sql #8
Ran migration: 22_library_source_id.sql #9
Ran migration: 23_omni_video_workbench.sql #1
Ran migration: 23_omni_video_workbench.sql #2
Ran migration: 23_omni_video_workbench.sql #3
Ran migration: 23_omni_video_workbench.sql #4
Ran migration: 23_omni_video_workbench.sql #5
Ran migration: 23_omni_video_workbench.sql #6
Ran migration: 23_omni_video_workbench.sql #7
Ran migration: 23_omni_video_workbench.sql #8
Ran migration: 23_omni_video_workbench.sql #9
Ran migration: 23_omni_video_workbench.sql #10
Ran migration: 23_omni_video_workbench.sql #11
Ran migration: 23_omni_video_workbench.sql #12
Ran migration: 24_asset_seedance2_certification.sql
Ran migration: 25_omni_sequences.sql #1
Ran migration: 25_omni_sequences.sql #2
Ran migration: 25_omni_sequences.sql #3
Ran migration: 25_omni_sequences.sql #4
Ran migration: 25_omni_sequences.sql #5
Ran migration: 26_omni_workbench_improvements.sql #1
Ran migration: 26_omni_workbench_improvements.sql #2
Ran migration: 27_ai_toolbox.sql #1
Ran migration: 27_ai_toolbox.sql #2
Ran migration: 27_ai_toolbox.sql #3
Ran migration: 27_ai_toolbox.sql #4
Ran migration: 27_ai_toolbox.sql #5
Ran migration: 27_ai_toolbox.sql #6
Ran migration: 27_ai_toolbox.sql #7
Ran migration: 28_storyboard_generation_settings.sql #1
Ran migration: 28_storyboard_generation_settings.sql #2
Ran migration: 28_storyboard_generation_settings.sql #3
Ran migration: 28_storyboard_generation_settings.sql #4
Ran migration: 29_resource_seedance2_asset.sql #1
Ran migration: 29_resource_seedance2_asset.sql #2
Ran migration: 30_storyboard_omni_assets.sql #1
Ran migration: 30_storyboard_omni_assets.sql #2
Ran migration: 30_storyboard_omni_assets.sql #3
Ran migration: 30_storyboard_omni_assets.sql #4
Ran migration: 30_storyboard_omni_assets.sql #5
Ran migration: 30_storyboard_omni_assets.sql #6
Ran migration: 30_storyboard_omni_assets.sql #7
Ran migration: 30_storyboard_omni_assets.sql #8
Ran migration: 30_storyboard_omni_assets.sql #9
Ran migration: 31_storyboard_sort_order.sql
Ran migration: 32_asset_favorites.sql
Ran migration: 33_auth_billing_admin.sql #1
Ran migration: 33_auth_billing_admin.sql #2
Ran migration: 33_auth_billing_admin.sql #3
Ran migration: 33_auth_billing_admin.sql #4
Ran migration: 33_auth_billing_admin.sql #5
Ran migration: 33_auth_billing_admin.sql #6
Ran migration: 33_auth_billing_admin.sql #7
Ran migration: 33_auth_billing_admin.sql #8
Ran migration: 33_auth_billing_admin.sql #9
Ran migration: 33_auth_billing_admin.sql #10
Ran migration: 33_auth_billing_admin.sql #11
Ran migration: 33_auth_billing_admin.sql #12
Ran migration: 33_auth_billing_admin.sql #13
Ran migration: 33_auth_billing_admin.sql #14
Ran migration: 33_auth_billing_admin.sql #15
Ran migration: 33_auth_billing_admin.sql #16
Ran migration: 33_auth_billing_admin.sql #17
Ran migration: 33_auth_billing_admin.sql #18
Ran migration: 33_auth_billing_admin.sql #19
Ran migration: 33_auth_billing_admin.sql #20
Ran migration: 33_auth_billing_admin.sql #21
Ran migration: 34_workflow_ownership.sql #1
Ran migration: 34_workflow_ownership.sql #2
Ran migration: 34_workflow_ownership.sql #3
Ran migration: 34_workflow_ownership.sql #4
Ran migration: 34_workflow_ownership.sql #5
Ran migration: 34_workflow_ownership.sql #6
Ran migration: 34_workflow_ownership.sql #7
Ran migration: 35_runtime_auth_settings.sql
Ran migration: 36_volcengine_seedream_official_prices.sql #1
Ran migration: 36_volcengine_seedream_official_prices.sql #2
Ran migration: 36_volcengine_seedream_official_prices.sql #3
Ran migration: 37_points_ratio_and_volcengine_video_prices.sql #1
Ran migration: 37_points_ratio_and_volcengine_video_prices.sql #2
Ran migration: 37_points_ratio_and_volcengine_video_prices.sql #3
Ran migration: 37_points_ratio_and_volcengine_video_prices.sql #4
Ran migration: 37_points_ratio_and_volcengine_video_prices.sql #5
Ran migration: 37_points_ratio_and_volcengine_video_prices.sql #6
Ran migration: 37_points_ratio_and_volcengine_video_prices.sql #7
Ran migration: 37_points_ratio_and_volcengine_video_prices.sql #8
Ran migration: 38_seedance_video_rate_contexts.sql #1
Ran migration: 38_seedance_video_rate_contexts.sql #2
Ran migration: 39_billing_key_for_custom_providers.sql #1
Ran migration: 39_billing_key_for_custom_providers.sql #2
Ran migration: 40_volcengine_text_tts_official_prices.sql #1
Ran migration: 40_volcengine_text_tts_official_prices.sql #2
Ran migration: 40_volcengine_text_tts_official_prices.sql #3
Ran migration: 40_volcengine_text_tts_official_prices.sql #4
Ran migration: 40_volcengine_text_tts_official_prices.sql #5
Ran migration: 41_billing_reconciliation.sql #1
Ran migration: 41_billing_reconciliation.sql #2
Ran migration: 41_billing_reconciliation.sql #3
Ran migration: 42_volcengine_seed_2_lite_prices.sql #1
Ran migration: 42_volcengine_seed_2_lite_prices.sql #2
Ran migration: 43_video_usage_output_meter_and_snapshot.sql #1
Ran migration: 43_video_usage_output_meter_and_snapshot.sql #2
Ran migration: 43_video_usage_output_meter_and_snapshot.sql #3
Ran migration: 44_deduplicate_video_output_meters.sql #1
Ran migration: 44_deduplicate_video_output_meters.sql #2
Ran migration: 45_remove_legacy_model_permissions.sql
Ran migration: 46_seed_2_lite_context_tier.sql #1
Ran migration: 46_seed_2_lite_context_tier.sql #2
Ran migration: 46_seed_2_lite_context_tier.sql #3
Ran migration: 47_seedance_2_mini_price.sql #1
Ran migration: 47_seedance_2_mini_price.sql #2
Ran migration: 48_media_archive_records.sql #1
Ran migration: 48_media_archive_records.sql #2
Ran migration: 49_seedance_2_5_price.sql #1
Ran migration: 49_seedance_2_5_price.sql #2
Ran migration: 50_storyboard_generation_inheritance.sql #1
Ran migration: 50_storyboard_generation_inheritance.sql #2
Ran migration: 51_video_poster_path.sql
Ran migration: 52_asset_links_video_interpolation.sql #1
Ran migration: 52_asset_links_video_interpolation.sql #2
Ran migration: 52_asset_links_video_interpolation.sql #3
Ran migration: 52_asset_links_video_interpolation.sql #4
Ran migration: 52_asset_links_video_interpolation.sql #5
Ran migration: 52_asset_links_video_interpolation.sql #6
Ran migration: 52_asset_links_video_interpolation.sql #7
Ran migration: 52_asset_links_video_interpolation.sql #8
Ran migration: 52_asset_links_video_interpolation.sql #9
Ran migration: 52_asset_links_video_interpolation.sql #10
Ran migration: 52_asset_links_video_interpolation.sql #11
Ran migration: 52_asset_links_video_interpolation.sql #12
Ran migration: 52_asset_links_video_interpolation.sql #13
Ran migration: 52_asset_links_video_interpolation.sql #14
Ran migration: 52_asset_links_video_interpolation.sql #15
Ran migration: 52_asset_links_video_interpolation.sql #16
Ran migration: 52_asset_links_video_interpolation.sql #17
Ran migration: 53_video_upscale_and_billing_reaudit.sql #1
Ran migration: 53_video_upscale_and_billing_reaudit.sql #2
Ran migration: 53_video_upscale_and_billing_reaudit.sql #3
Ran migration: 53_video_upscale_and_billing_reaudit.sql #4
Ran migration: 53_video_upscale_and_billing_reaudit.sql #5
Ran migration: 53_video_upscale_and_billing_reaudit.sql #6
Ran migration: 53_video_upscale_and_billing_reaudit.sql #7
Ran migration: 53_video_upscale_and_billing_reaudit.sql #9
Ran migration: 53_video_upscale_and_billing_reaudit.sql #10
Ran migration: 54_storyboard_optional_video_postprocess.sql #1
Ran migration: 54_storyboard_optional_video_postprocess.sql #2
Ran migration: 54_storyboard_optional_video_postprocess.sql #3
Ran migration: 55_video_intermediate_cleanup_opt_in.sql
Ran migration: 56_fix_mediakit_postprocess_display_fallback_prices.sql #1
Ran migration: 56_fix_mediakit_postprocess_display_fallback_prices.sql #2
Ran migration: 57_mediakit_shared_connection_defaults.sql
Ran migration: 58_storyboard_active_video_version.sql
Ran migration: 59_operations_alert_settings.sql #1
Ran migration: 59_operations_alert_settings.sql #2
Ran migration: 60_operations_report_snapshots.sql
Ran migration: 61_tenant_billing_and_console_isolation.sql #1
Ran migration: 61_tenant_billing_and_console_isolation.sql #2
Ran migration: 61_tenant_billing_and_console_isolation.sql #3
Ran migration: 61_tenant_billing_and_console_isolation.sql #4
Ran migration: 61_tenant_billing_and_console_isolation.sql #5
Ran migration: 61_tenant_billing_and_console_isolation.sql #6
Ran migration: 61_tenant_billing_and_console_isolation.sql #7
Ran migration: 61_tenant_billing_and_console_isolation.sql #8
Ran migration: 61_tenant_billing_and_console_isolation.sql #9
Ran migration: 61_tenant_billing_and_console_isolation.sql #10
Ran migration: 61_tenant_billing_and_console_isolation.sql #11
Ran migration: 61_tenant_billing_and_console_isolation.sql #12
Ran migration: 61_tenant_billing_and_console_isolation.sql #13
Ran migration: 61_tenant_billing_and_console_isolation.sql #14
Ran migration: 61_tenant_billing_and_console_isolation.sql #15
Ran migration: 61_tenant_billing_and_console_isolation.sql #16
Ran migration: 62_migrate_existing_users_to_default_tenant.sql #1
Ran migration: 62_migrate_existing_users_to_default_tenant.sql #2
Ran migration: 62_migrate_existing_users_to_default_tenant.sql #3
Ran migration: 62_migrate_existing_users_to_default_tenant.sql #4
Ran migration: 62_migrate_existing_users_to_default_tenant.sql #5
Ran migration: 63_geeknow_gpt_image_2_price.sql #1
Ran migration: 63_geeknow_gpt_image_2_price.sql #2
Ran migration: 64_default_tenant_price_book_compatibility.sql
Ran migration: 65_tool_run_tenant_scope.sql #1
Ran migration: 65_tool_run_tenant_scope.sql #2
Ran migration: 66_tenant_config_defaults.sql #1
Ran migration: 66_tenant_config_defaults.sql #2
Ran migration: 66_tenant_config_defaults.sql #3
Ran migration: 66_tenant_config_defaults.sql #4
Ran migration: 66_tenant_config_defaults.sql #5
Ran migration: 67_tenant_owned_ai_configs.sql #1
Ran migration: 67_tenant_owned_ai_configs.sql #2
Ran migration: 68_preserve_legacy_default_tenant.sql #1
Ran migration: 68_preserve_legacy_default_tenant.sql #2
Skip migration (table not found, will be ensured later): 69_homepage_default_video_resources.sql - no such table: global_settings
Ran migration: 70_billing_project_usage_snapshots.sql #1
Ran migration: 70_billing_project_usage_snapshots.sql #2
Ran migration: 70_billing_project_usage_snapshots.sql #3
Ran migration: 70_billing_project_usage_snapshots.sql #4
Ran migration: 70_billing_project_usage_snapshots.sql #5
Ran migration: 70_billing_project_usage_snapshots.sql #6
Ran migration: 70_billing_project_usage_snapshots.sql #7
Ran migration: 70_billing_project_usage_snapshots.sql #8
Ran migration: 70_billing_project_usage_snapshots.sql #9
Ran migration: 70_billing_project_usage_snapshots.sql #10
Ran migration: 70_billing_project_usage_snapshots.sql #11
Ran migration: 70_billing_project_usage_snapshots.sql #12
Ran migration: 70_billing_project_usage_snapshots.sql #13
Ran migration: 70_billing_project_usage_snapshots.sql #14
Ran migration: 71_billable_project_context.sql #1
Ran migration: 71_billable_project_context.sql #2
Ran migration: 71_billable_project_context.sql #3
Ran migration: 71_billable_project_context.sql #4
Migrated billing ledger to micro-points: [33m10000[39m
ensureColumns: added storyboards.layout_description (TEXT)
ensureColumns: added storyboards.image_url (TEXT)
ensureColumns: added storyboards.local_path (TEXT)
ensureColumns: added storyboards.main_panel_idx (INTEGER)
ensureColumns: added storyboards.composed_image (TEXT)
ensureColumns: added storyboards.result (TEXT)
ensureColumns: added storyboards.emotion (TEXT)
ensureColumns: added storyboards.emotion_intensity (INTEGER)
ensureColumns: added storyboards.error_msg (TEXT)
ensureColumns: added storyboards.lighting_style (TEXT)
ensureColumns: added storyboards.depth_of_field (TEXT)
ensureColumns: added storyboards.polished_prompt (TEXT)
ensureColumns: added storyboards.continuity_snapshot (TEXT)
ensureColumns: added storyboards.audio_local_path (TEXT)
ensureColumns: added storyboards.narration_audio_local_path (TEXT)
ensureColumns: added storyboards.omni_prompt_document_json (TEXT)
ensureColumns: added storyboards.first_frame_image_id (INTEGER)
ensureColumns: added storyboards.last_frame_image_id (INTEGER)
ensureColumns: added storyboards.last_frame_image_url (TEXT)
ensureColumns: added storyboards.last_frame_local_path (TEXT)
ensureColumns: added characters.extra_images (TEXT)
ensureColumns: added characters.error_msg (TEXT)
ensureColumns: added characters.ref_image (TEXT)
ensureColumns: added characters.seedance2_voice_asset (TEXT)
ensureColumns: added scenes.polished_prompt (TEXT)
ensureColumns: added scenes.extra_images (TEXT)
ensureColumns: added scenes.ref_image (TEXT)
ensureColumns: added scenes.error_msg (TEXT)
ensureColumns: added props.extra_images (TEXT)
ensureColumns: added props.ref_image (TEXT)
ensureColumns: added props.error_msg (TEXT)
ensureColumns: added tenants.is_new_user_default (INTEGER DEFAULT 0)
ensureColumns: added image_generations.episode_id (INTEGER)
ensureColumns: added image_generations.use_first_frame_layout_lock (INTEGER)
ensureColumns: added image_generations.width (INTEGER)
ensureColumns: added image_generations.height (INTEGER)
ensureColumns: added video_generations.resolution (TEXT)
ensureColumns: added video_generations.seed (INTEGER)
ensureColumns: added video_generations.camera_fixed (INTEGER)
ensureColumns: added video_generations.watermark (INTEGER)
ensureColumns: added video_generations.provider_task_id (TEXT)
ensureColumns: added video_generations.archive_status (TEXT)
ensureColumns: added video_generations.archive_error (TEXT)
ensureColumns: added video_generations.archive_attempts (INTEGER NOT NULL DEFAULT 0)
ensureColumns: added video_generations.archived_at (TEXT)
ensureColumns: added video_merges.merge_options (TEXT)
ensureColumns: added video_merges.merged_url (TEXT)
ensureColumns: added video_merges.duration (INTEGER)
ensureColumns: added video_merges.completed_at (TEXT)
ensureColumns: added video_merges.error_msg (TEXT)
ensureColumns: added assets.reference_alias (TEXT)
ensureColumns: added assets.archived_at (TEXT)
ensureColumns: added omni_video_jobs.storyboard_id (INTEGER)
Ran migration: 01_init.sql #1
Ran migration: 01_init.sql #2
Ran migration: 01_init.sql #3
Ran migration: 01_init.sql #4
Ran migration: 01_init.sql #5
Ran migration: 01_init.sql #6
Ran migration: 01_init.sql #7
Ran migration: 01_init.sql #8
Ran migration: 01_init.sql #9
Ran migration: 01_init.sql #10
Ran migration: 01_init.sql #11
Ran migration: 01_init.sql #12
Ran migration: 01_init.sql #13
Ran migration: 01_init.sql #14
Ran migration: 01_init.sql #15
Ran migration: 01_init.sql #16
Ran migration: 01_init.sql #17
Ran migration: 01_init.sql #18
Skip (already exists): 02_add_default_model.sql
Ran migration: 03_add_props_episode_id.sql
Skip (already exists): 04_async_tasks_columns.sql #1
Skip (already exists): 04_async_tasks_columns.sql #2
Skip (already exists): 04_async_tasks_columns.sql #3
Skip (already exists): 05_add_image_generations_completed_at.sql #1
Skip (already exists): 05_add_image_generations_completed_at.sql #2
Skip (already exists): 06_add_characters_local_path.sql
Skip (already exists): 07_add_scenes_image_columns.sql #1
Skip (already exists): 07_add_scenes_image_columns.sql #2
Skip (already exists): 08_add_video_generations_completed_at.sql #1
Skip (already exists): 08_add_video_generations_completed_at.sql #2
Ran migration: 09_scene_prop_libraries.sql #1
Ran migration: 09_scene_prop_libraries.sql #2
Ran migration: 10_prompt_overrides.sql
Ran migration: 11_add_api_protocol.sql
Ran migration: 12_image_proxy_cache.sql
Ran migration: 13_character_identity_anchors.sql #1
Ran migration: 13_character_identity_anchors.sql #2
Ran migration: 13_character_identity_anchors.sql #3
Ran migration: 13_character_identity_anchors.sql #4
Ran migration: 13_character_identity_anchors.sql #5
Ran migration: 13_character_identity_anchors.sql #6
Ran migration: 13_character_identity_anchors.sql #7
Ran migration: 13_character_identity_anchors.sql #8
Ran migration: 13_character_identity_anchors.sql #9
Ran migration: 14_storyboard_segments_and_model_map.sql #1
Ran migration: 14_storyboard_segments_and_model_map.sql #2
Ran migration: 14_storyboard_segments_and_model_map.sql #3
Ran migration: 15_storyboard_angle_structured.sql #1
Ran migration: 15_storyboard_angle_structured.sql #2
Ran migration: 15_storyboard_angle_structured.sql #3
Ran migration: 16_character_polished_prompt.sql
Ran migration: 17_character_stages.sql
Ran migration: 18_storyboard_narration.sql
Ran migration: 19_storyboard_universal_mode.sql #1
Ran migration: 19_storyboard_universal_mode.sql #2
Ran migration: 20_character_seedance2_asset.sql
Ran migration: 21_asset_negative_prompt.sql #1
Ran migration: 21_asset_negative_prompt.sql #2
Ran migration: 21_asset_negative_prompt.sql #3
Skip (already exists): 22_library_source_id.sql #1
Skip (already exists): 22_library_source_id.sql #2
Skip (already exists): 22_library_source_id.sql #3
Skip (already exists): 22_library_source_id.sql #4
Skip (already exists): 22_library_source_id.sql #5
Skip (already exists): 22_library_source_id.sql #6
Ran migration: 22_library_source_id.sql #7
Ran migration: 22_library_source_id.sql #8
Ran migration: 22_library_source_id.sql #9
Ran migration: 23_omni_video_workbench.sql #1
Ran migration: 23_omni_video_workbench.sql #2
Ran migration: 23_omni_video_workbench.sql #3
Ran migration: 23_omni_video_workbench.sql #4
Ran migration: 23_omni_video_workbench.sql #5
Ran migration: 23_omni_video_workbench.sql #6
Ran migration: 23_omni_video_workbench.sql #7
Ran migration: 23_omni_video_workbench.sql #8
Ran migration: 23_omni_video_workbench.sql #9
Ran migration: 23_omni_video_workbench.sql #10
Ran migration: 23_omni_video_workbench.sql #11
Ran migration: 23_omni_video_workbench.sql #12
Ran migration: 24_asset_seedance2_certification.sql
Ran migration: 25_omni_sequences.sql #1
Ran migration: 25_omni_sequences.sql #2
Ran migration: 25_omni_sequences.sql #3
Ran migration: 25_omni_sequences.sql #4
Ran migration: 25_omni_sequences.sql #5
Ran migration: 26_omni_workbench_improvements.sql #1
Ran migration: 26_omni_workbench_improvements.sql #2
Ran migration: 27_ai_toolbox.sql #1
Ran migration: 27_ai_toolbox.sql #2
Ran migration: 27_ai_toolbox.sql #3
Ran migration: 27_ai_toolbox.sql #4
Ran migration: 27_ai_toolbox.sql #5
Ran migration: 27_ai_toolbox.sql #6
Ran migration: 27_ai_toolbox.sql #7
Ran migration: 28_storyboard_generation_settings.sql #1
Ran migration: 28_storyboard_generation_settings.sql #2
Ran migration: 28_storyboard_generation_settings.sql #3
Ran migration: 28_storyboard_generation_settings.sql #4
Ran migration: 29_resource_seedance2_asset.sql #1
Ran migration: 29_resource_seedance2_asset.sql #2
Ran migration: 30_storyboard_omni_assets.sql #1
Ran migration: 30_storyboard_omni_assets.sql #2
Ran migration: 30_storyboard_omni_assets.sql #3
Ran migration: 30_storyboard_omni_assets.sql #4
Ran migration: 30_storyboard_omni_assets.sql #5
Ran migration: 30_storyboard_omni_assets.sql #6
Ran migration: 30_storyboard_omni_assets.sql #7
Ran migration: 30_storyboard_omni_assets.sql #8
Ran migration: 30_storyboard_omni_assets.sql #9
Ran migration: 31_storyboard_sort_order.sql
Ran migration: 32_asset_favorites.sql
Ran migration: 33_auth_billing_admin.sql #1
Ran migration: 33_auth_billing_admin.sql #2
Ran migration: 33_auth_billing_admin.sql #3
Ran migration: 33_auth_billing_admin.sql #4
Ran migration: 33_auth_billing_admin.sql #5
Ran migration: 33_auth_billing_admin.sql #6
Ran migration: 33_auth_billing_admin.sql #7
Ran migration: 33_auth_billing_admin.sql #8
Ran migration: 33_auth_billing_admin.sql #9
Ran migration: 33_auth_billing_admin.sql #10
Ran migration: 33_auth_billing_admin.sql #11
Ran migration: 33_auth_billing_admin.sql #12
Ran migration: 33_auth_billing_admin.sql #13
Ran migration: 33_auth_billing_admin.sql #14
Ran migration: 33_auth_billing_admin.sql #15
Ran migration: 33_auth_billing_admin.sql #16
Ran migration: 33_auth_billing_admin.sql #17
Ran migration: 33_auth_billing_admin.sql #18
Ran migration: 33_auth_billing_admin.sql #19
Ran migration: 33_auth_billing_admin.sql #20
Ran migration: 33_auth_billing_admin.sql #21
Ran migration: 34_workflow_ownership.sql #1
Ran migration: 34_workflow_ownership.sql #2
Ran migration: 34_workflow_ownership.sql #3
Ran migration: 34_workflow_ownership.sql #4
Ran migration: 34_workflow_ownership.sql #5
Ran migration: 34_workflow_ownership.sql #6
Ran migration: 34_workflow_ownership.sql #7
Ran migration: 35_runtime_auth_settings.sql
Ran migration: 36_volcengine_seedream_official_prices.sql #1
Ran migration: 36_volcengine_seedream_official_prices.sql #2
Ran migration: 36_volcengine_seedream_official_prices.sql #3
Ran migration: 37_points_ratio_and_volcengine_video_prices.sql #1
Ran migration: 37_points_ratio_and_volcengine_video_prices.sql #2
Ran migration: 37_points_ratio_and_volcengine_video_prices.sql #3
Ran migration: 37_points_ratio_and_volcengine_video_prices.sql #4
Ran migration: 37_points_ratio_and_volcengine_video_prices.sql #5
Ran migration: 37_points_ratio_and_volcengine_video_prices.sql #6
Ran migration: 37_points_ratio_and_volcengine_video_prices.sql #7
Ran migration: 37_points_ratio_and_volcengine_video_prices.sql #8
Ran migration: 38_seedance_video_rate_contexts.sql #1
Ran migration: 38_seedance_video_rate_contexts.sql #2
Ran migration: 39_billing_key_for_custom_providers.sql #1
Ran migration: 39_billing_key_for_custom_providers.sql #2
Ran migration: 40_volcengine_text_tts_official_prices.sql #1
Ran migration: 40_volcengine_text_tts_official_prices.sql #2
Ran migration: 40_volcengine_text_tts_official_prices.sql #3
Ran migration: 40_volcengine_text_tts_official_prices.sql #4
Ran migration: 40_volcengine_text_tts_official_prices.sql #5
Ran migration: 41_billing_reconciliation.sql #1
Ran migration: 41_billing_reconciliation.sql #2
Ran migration: 41_billing_reconciliation.sql #3
Ran migration: 42_volcengine_seed_2_lite_prices.sql #1
Ran migration: 42_volcengine_seed_2_lite_prices.sql #2
Ran migration: 43_video_usage_output_meter_and_snapshot.sql #1
Ran migration: 43_video_usage_output_meter_and_snapshot.sql #2
Ran migration: 43_video_usage_output_meter_and_snapshot.sql #3
Ran migration: 44_deduplicate_video_output_meters.sql #1
Ran migration: 44_deduplicate_video_output_meters.sql #2
Ran migration: 45_remove_legacy_model_permissions.sql
Ran migration: 46_seed_2_lite_context_tier.sql #1
Ran migration: 46_seed_2_lite_context_tier.sql #2
Ran migration: 46_seed_2_lite_context_tier.sql #3
Ran migration: 47_seedance_2_mini_price.sql #1
Ran migration: 47_seedance_2_mini_price.sql #2
Ran migration: 48_media_archive_records.sql #1
Ran migration: 48_media_archive_records.sql #2
Ran migration: 49_seedance_2_5_price.sql #1
Ran migration: 49_seedance_2_5_price.sql #2
Ran migration: 50_storyboard_generation_inheritance.sql #1
Ran migration: 50_storyboard_generation_inheritance.sql #2
Ran migration: 51_video_poster_path.sql
Ran migration: 52_asset_links_video_interpolation.sql #1
Ran migration: 52_asset_links_video_interpolation.sql #2
Ran migration: 52_asset_links_video_interpolation.sql #3
Ran migration: 52_asset_links_video_interpolation.sql #4
Ran migration: 52_asset_links_video_interpolation.sql #5
Ran migration: 52_asset_links_video_interpolation.sql #6
Ran migration: 52_asset_links_video_interpolation.sql #7
Ran migration: 52_asset_links_video_interpolation.sql #8
Ran migration: 52_asset_links_video_interpolation.sql #9
Ran migration: 52_asset_links_video_interpolation.sql #10
Ran migration: 52_asset_links_video_interpolation.sql #11
Ran migration: 52_asset_links_video_interpolation.sql #12
Ran migration: 52_asset_links_video_interpolation.sql #13
Ran migration: 52_asset_links_video_interpolation.sql #14
Ran migration: 52_asset_links_video_interpolation.sql #15
Ran migration: 52_asset_links_video_interpolation.sql #16
Ran migration: 52_asset_links_video_interpolation.sql #17
Ran migration: 53_video_upscale_and_billing_reaudit.sql #1
Ran migration: 53_video_upscale_and_billing_reaudit.sql #2
Ran migration: 53_video_upscale_and_billing_reaudit.sql #3
Ran migration: 53_video_upscale_and_billing_reaudit.sql #4
Ran migration: 53_video_upscale_and_billing_reaudit.sql #5
Ran migration: 53_video_upscale_and_billing_reaudit.sql #6
Ran migration: 53_video_upscale_and_billing_reaudit.sql #7
Ran migration: 53_video_upscale_and_billing_reaudit.sql #9
Ran migration: 53_video_upscale_and_billing_reaudit.sql #10
Ran migration: 54_storyboard_optional_video_postprocess.sql #1
Ran migration: 54_storyboard_optional_video_postprocess.sql #2
Ran migration: 54_storyboard_optional_video_postprocess.sql #3
Ran migration: 55_video_intermediate_cleanup_opt_in.sql
Ran migration: 56_fix_mediakit_postprocess_display_fallback_prices.sql #1
Ran migration: 56_fix_mediakit_postprocess_display_fallback_prices.sql #2
Ran migration: 57_mediakit_shared_connection_defaults.sql
Ran migration: 58_storyboard_active_video_version.sql
Ran migration: 59_operations_alert_settings.sql #1
Ran migration: 59_operations_alert_settings.sql #2
Ran migration: 60_operations_report_snapshots.sql
Ran migration: 61_tenant_billing_and_console_isolation.sql #1
Ran migration: 61_tenant_billing_and_console_isolation.sql #2
Ran migration: 61_tenant_billing_and_console_isolation.sql #3
Ran migration: 61_tenant_billing_and_console_isolation.sql #4
Ran migration: 61_tenant_billing_and_console_isolation.sql #5
Ran migration: 61_tenant_billing_and_console_isolation.sql #6
Ran migration: 61_tenant_billing_and_console_isolation.sql #7
Ran migration: 61_tenant_billing_and_console_isolation.sql #8
Ran migration: 61_tenant_billing_and_console_isolation.sql #9
Ran migration: 61_tenant_billing_and_console_isolation.sql #10
Ran migration: 61_tenant_billing_and_console_isolation.sql #11
Ran migration: 61_tenant_billing_and_console_isolation.sql #12
Ran migration: 61_tenant_billing_and_console_isolation.sql #13
Ran migration: 61_tenant_billing_and_console_isolation.sql #14
Ran migration: 61_tenant_billing_and_console_isolation.sql #15
Ran migration: 61_tenant_billing_and_console_isolation.sql #16
Ran migration: 62_migrate_existing_users_to_default_tenant.sql #1
Ran migration: 62_migrate_existing_users_to_default_tenant.sql #2
Ran migration: 62_migrate_existing_users_to_default_tenant.sql #3
Ran migration: 62_migrate_existing_users_to_default_tenant.sql #4
Ran migration: 62_migrate_existing_users_to_default_tenant.sql #5
Ran migration: 63_geeknow_gpt_image_2_price.sql #1
Ran migration: 63_geeknow_gpt_image_2_price.sql #2
Ran migration: 64_default_tenant_price_book_compatibility.sql
Ran migration: 65_tool_run_tenant_scope.sql #1
Ran migration: 65_tool_run_tenant_scope.sql #2
Ran migration: 66_tenant_config_defaults.sql #1
Ran migration: 66_tenant_config_defaults.sql #2
Ran migration: 66_tenant_config_defaults.sql #3
Ran migration: 66_tenant_config_defaults.sql #4
Ran migration: 66_tenant_config_defaults.sql #5
Ran migration: 67_tenant_owned_ai_configs.sql #1
Ran migration: 67_tenant_owned_ai_configs.sql #2
Ran migration: 68_preserve_legacy_default_tenant.sql #1
Ran migration: 68_preserve_legacy_default_tenant.sql #2
Skip migration (table not found, will be ensured later): 69_homepage_default_video_resources.sql - no such table: global_settings
Ran migration: 70_billing_project_usage_snapshots.sql #1
Ran migration: 70_billing_project_usage_snapshots.sql #2
Ran migration: 70_billing_project_usage_snapshots.sql #3
Ran migration: 70_billing_project_usage_snapshots.sql #4
Ran migration: 70_billing_project_usage_snapshots.sql #5
Ran migration: 70_billing_project_usage_snapshots.sql #6
Ran migration: 70_billing_project_usage_snapshots.sql #7
Ran migration: 70_billing_project_usage_snapshots.sql #8
Ran migration: 70_billing_project_usage_snapshots.sql #9
Ran migration: 70_billing_project_usage_snapshots.sql #10
Ran migration: 70_billing_project_usage_snapshots.sql #11
Ran migration: 70_billing_project_usage_snapshots.sql #12
Ran migration: 70_billing_project_usage_snapshots.sql #13
Ran migration: 70_billing_project_usage_snapshots.sql #14
Ran migration: 71_billable_project_context.sql #1
Ran migration: 71_billable_project_context.sql #2
Ran migration: 71_billable_project_context.sql #3
Ran migration: 71_billable_project_context.sql #4
Migrated billing ledger to micro-points: [33m10000[39m
ensureColumns: added storyboards.layout_description (TEXT)
ensureColumns: added storyboards.image_url (TEXT)
ensureColumns: added storyboards.local_path (TEXT)
ensureColumns: added storyboards.main_panel_idx (INTEGER)
ensureColumns: added storyboards.composed_image (TEXT)
ensureColumns: added storyboards.result (TEXT)
ensureColumns: added storyboards.emotion (TEXT)
ensureColumns: added storyboards.emotion_intensity (INTEGER)
ensureColumns: added storyboards.error_msg (TEXT)
ensureColumns: added storyboards.lighting_style (TEXT)
ensureColumns: added storyboards.depth_of_field (TEXT)
ensureColumns: added storyboards.polished_prompt (TEXT)
ensureColumns: added storyboards.continuity_snapshot (TEXT)
ensureColumns: added storyboards.audio_local_path (TEXT)
ensureColumns: added storyboards.narration_audio_local_path (TEXT)
ensureColumns: added storyboards.omni_prompt_document_json (TEXT)
ensureColumns: added storyboards.first_frame_image_id (INTEGER)
ensureColumns: added storyboards.last_frame_image_id (INTEGER)
ensureColumns: added storyboards.last_frame_image_url (TEXT)
ensureColumns: added storyboards.last_frame_local_path (TEXT)
ensureColumns: added characters.extra_images (TEXT)
ensureColumns: added characters.error_msg (TEXT)
ensureColumns: added characters.ref_image (TEXT)
ensureColumns: added characters.seedance2_voice_asset (TEXT)
ensureColumns: added scenes.polished_prompt (TEXT)
ensureColumns: added scenes.extra_images (TEXT)
ensureColumns: added scenes.ref_image (TEXT)
ensureColumns: added scenes.error_msg (TEXT)
ensureColumns: added props.extra_images (TEXT)
ensureColumns: added props.ref_image (TEXT)
ensureColumns: added props.error_msg (TEXT)
ensureColumns: added tenants.is_new_user_default (INTEGER DEFAULT 0)
ensureColumns: added image_generations.episode_id (INTEGER)
ensureColumns: added image_generations.use_first_frame_layout_lock (INTEGER)
ensureColumns: added image_generations.width (INTEGER)
ensureColumns: added image_generations.height (INTEGER)
ensureColumns: added video_generations.resolution (TEXT)
ensureColumns: added video_generations.seed (INTEGER)
ensureColumns: added video_generations.camera_fixed (INTEGER)
ensureColumns: added video_generations.watermark (INTEGER)
ensureColumns: added video_generations.provider_task_id (TEXT)
ensureColumns: added video_generations.archive_status (TEXT)
ensureColumns: added video_generations.archive_error (TEXT)
ensureColumns: added video_generations.archive_attempts (INTEGER NOT NULL DEFAULT 0)
ensureColumns: added video_generations.archived_at (TEXT)
ensureColumns: added video_merges.merge_options (TEXT)
ensureColumns: added video_merges.merged_url (TEXT)
ensureColumns: added video_merges.duration (INTEGER)
ensureColumns: added video_merges.completed_at (TEXT)
ensureColumns: added video_merges.error_msg (TEXT)
ensureColumns: added assets.reference_alias (TEXT)
ensureColumns: added assets.archived_at (TEXT)
ensureColumns: added omni_video_jobs.storyboard_id (INTEGER)
Ran migration: 01_init.sql #1
Ran migration: 01_init.sql #2
Ran migration: 01_init.sql #3
Ran migration: 01_init.sql #4
Ran migration: 01_init.sql #5
Ran migration: 01_init.sql #6
Ran migration: 01_init.sql #7
Ran migration: 01_init.sql #8
Ran migration: 01_init.sql #9
Ran migration: 01_init.sql #10
Ran migration: 01_init.sql #11
Ran migration: 01_init.sql #12
Ran migration: 01_init.sql #13
Ran migration: 01_init.sql #14
Ran migration: 01_init.sql #15
Ran migration: 01_init.sql #16
Ran migration: 01_init.sql #17
Ran migration: 01_init.sql #18
Skip (already exists): 02_add_default_model.sql
Ran migration: 03_add_props_episode_id.sql
Skip (already exists): 04_async_tasks_columns.sql #1
Skip (already exists): 04_async_tasks_columns.sql #2
Skip (already exists): 04_async_tasks_columns.sql #3
Skip (already exists): 05_add_image_generations_completed_at.sql #1
Skip (already exists): 05_add_image_generations_completed_at.sql #2
Skip (already exists): 06_add_characters_local_path.sql
Skip (already exists): 07_add_scenes_image_columns.sql #1
Skip (already exists): 07_add_scenes_image_columns.sql #2
Skip (already exists): 08_add_video_generations_completed_at.sql #1
Skip (already exists): 08_add_video_generations_completed_at.sql #2
Ran migration: 09_scene_prop_libraries.sql #1
Ran migration: 09_scene_prop_libraries.sql #2
Ran migration: 10_prompt_overrides.sql
Ran migration: 11_add_api_protocol.sql
Ran migration: 12_image_proxy_cache.sql
Ran migration: 13_character_identity_anchors.sql #1
Ran migration: 13_character_identity_anchors.sql #2
Ran migration: 13_character_identity_anchors.sql #3
Ran migration: 13_character_identity_anchors.sql #4
Ran migration: 13_character_identity_anchors.sql #5
Ran migration: 13_character_identity_anchors.sql #6
Ran migration: 13_character_identity_anchors.sql #7
Ran migration: 13_character_identity_anchors.sql #8
Ran migration: 13_character_identity_anchors.sql #9
Ran migration: 14_storyboard_segments_and_model_map.sql #1
Ran migration: 14_storyboard_segments_and_model_map.sql #2
Ran migration: 14_storyboard_segments_and_model_map.sql #3
Ran migration: 15_storyboard_angle_structured.sql #1
Ran migration: 15_storyboard_angle_structured.sql #2
Ran migration: 15_storyboard_angle_structured.sql #3
Ran migration: 16_character_polished_prompt.sql
Ran migration: 17_character_stages.sql
Ran migration: 18_storyboard_narration.sql
Ran migration: 19_storyboard_universal_mode.sql #1
Ran migration: 19_storyboard_universal_mode.sql #2
Ran migration: 20_character_seedance2_asset.sql
Ran migration: 21_asset_negative_prompt.sql #1
Ran migration: 21_asset_negative_prompt.sql #2
Ran migration: 21_asset_negative_prompt.sql #3
Skip (already exists): 22_library_source_id.sql #1
Skip (already exists): 22_library_source_id.sql #2
Skip (already exists): 22_library_source_id.sql #3
Skip (already exists): 22_library_source_id.sql #4
Skip (already exists): 22_library_source_id.sql #5
Skip (already exists): 22_library_source_id.sql #6
Ran migration: 22_library_source_id.sql #7
Ran migration: 22_library_source_id.sql #8
Ran migration: 22_library_source_id.sql #9
Ran migration: 23_omni_video_workbench.sql #1
Ran migration: 23_omni_video_workbench.sql #2
Ran migration: 23_omni_video_workbench.sql #3
Ran migration: 23_omni_video_workbench.sql #4
Ran migration: 23_omni_video_workbench.sql #5
Ran migration: 23_omni_video_workbench.sql #6
Ran migration: 23_omni_video_workbench.sql #7
Ran migration: 23_omni_video_workbench.sql #8
Ran migration: 23_omni_video_workbench.sql #9
Ran migration: 23_omni_video_workbench.sql #10
Ran migration: 23_omni_video_workbench.sql #11
Ran migration: 23_omni_video_workbench.sql #12
Ran migration: 24_asset_seedance2_certification.sql
Ran migration: 25_omni_sequences.sql #1
Ran migration: 25_omni_sequences.sql #2
Ran migration: 25_omni_sequences.sql #3
Ran migration: 25_omni_sequences.sql #4
Ran migration: 25_omni_sequences.sql #5
Ran migration: 26_omni_workbench_improvements.sql #1
Ran migration: 26_omni_workbench_improvements.sql #2
Ran migration: 27_ai_toolbox.sql #1
Ran migration: 27_ai_toolbox.sql #2
Ran migration: 27_ai_toolbox.sql #3
Ran migration: 27_ai_toolbox.sql #4
Ran migration: 27_ai_toolbox.sql #5
Ran migration: 27_ai_toolbox.sql #6
Ran migration: 27_ai_toolbox.sql #7
Ran migration: 28_storyboard_generation_settings.sql #1
Ran migration: 28_storyboard_generation_settings.sql #2
Ran migration: 28_storyboard_generation_settings.sql #3
Ran migration: 28_storyboard_generation_settings.sql #4
Ran migration: 29_resource_seedance2_asset.sql #1
Ran migration: 29_resource_seedance2_asset.sql #2
Ran migration: 30_storyboard_omni_assets.sql #1
Ran migration: 30_storyboard_omni_assets.sql #2
Ran migration: 30_storyboard_omni_assets.sql #3
Ran migration: 30_storyboard_omni_assets.sql #4
Ran migration: 30_storyboard_omni_assets.sql #5
Ran migration: 30_storyboard_omni_assets.sql #6
Ran migration: 30_storyboard_omni_assets.sql #7
Ran migration: 30_storyboard_omni_assets.sql #8
Ran migration: 30_storyboard_omni_assets.sql #9
Ran migration: 31_storyboard_sort_order.sql
Ran migration: 32_asset_favorites.sql
Ran migration: 33_auth_billing_admin.sql #1
Ran migration: 33_auth_billing_admin.sql #2
Ran migration: 33_auth_billing_admin.sql #3
Ran migration: 33_auth_billing_admin.sql #4
Ran migration: 33_auth_billing_admin.sql #5
Ran migration: 33_auth_billing_admin.sql #6
Ran migration: 33_auth_billing_admin.sql #7
Ran migration: 33_auth_billing_admin.sql #8
Ran migration: 33_auth_billing_admin.sql #9
Ran migration: 33_auth_billing_admin.sql #10
Ran migration: 33_auth_billing_admin.sql #11
Ran migration: 33_auth_billing_admin.sql #12
Ran migration: 33_auth_billing_admin.sql #13
Ran migration: 33_auth_billing_admin.sql #14
Ran migration: 33_auth_billing_admin.sql #15
Ran migration: 33_auth_billing_admin.sql #16
Ran migration: 33_auth_billing_admin.sql #17
Ran migration: 33_auth_billing_admin.sql #18
Ran migration: 33_auth_billing_admin.sql #19
Ran migration: 33_auth_billing_admin.sql #20
Ran migration: 33_auth_billing_admin.sql #21
Ran migration: 34_workflow_ownership.sql #1
Ran migration: 34_workflow_ownership.sql #2
Ran migration: 34_workflow_ownership.sql #3
Ran migration: 34_workflow_ownership.sql #4
Ran migration: 34_workflow_ownership.sql #5
Ran migration: 34_workflow_ownership.sql #6
Ran migration: 34_workflow_ownership.sql #7
Ran migration: 35_runtime_auth_settings.sql
Ran migration: 36_volcengine_seedream_official_prices.sql #1
Ran migration: 36_volcengine_seedream_official_prices.sql #2
Ran migration: 36_volcengine_seedream_official_prices.sql #3
Ran migration: 37_points_ratio_and_volcengine_video_prices.sql #1
Ran migration: 37_points_ratio_and_volcengine_video_prices.sql #2
Ran migration: 37_points_ratio_and_volcengine_video_prices.sql #3
Ran migration: 37_points_ratio_and_volcengine_video_prices.sql #4
Ran migration: 37_points_ratio_and_volcengine_video_prices.sql #5
Ran migration: 37_points_ratio_and_volcengine_video_prices.sql #6
Ran migration: 37_points_ratio_and_volcengine_video_prices.sql #7
Ran migration: 37_points_ratio_and_volcengine_video_prices.sql #8
Ran migration: 38_seedance_video_rate_contexts.sql #1
Ran migration: 38_seedance_video_rate_contexts.sql #2
Ran migration: 39_billing_key_for_custom_providers.sql #1
Ran migration: 39_billing_key_for_custom_providers.sql #2
Ran migration: 40_volcengine_text_tts_official_prices.sql #1
Ran migration: 40_volcengine_text_tts_official_prices.sql #2
Ran migration: 40_volcengine_text_tts_official_prices.sql #3
Ran migration: 40_volcengine_text_tts_official_prices.sql #4
Ran migration: 40_volcengine_text_tts_official_prices.sql #5
Ran migration: 41_billing_reconciliation.sql #1
Ran migration: 41_billing_reconciliation.sql #2
Ran migration: 41_billing_reconciliation.sql #3
Ran migration: 42_volcengine_seed_2_lite_prices.sql #1
Ran migration: 42_volcengine_seed_2_lite_prices.sql #2
Ran migration: 43_video_usage_output_meter_and_snapshot.sql #1
Ran migration: 43_video_usage_output_meter_and_snapshot.sql #2
Ran migration: 43_video_usage_output_meter_and_snapshot.sql #3
Ran migration: 44_deduplicate_video_output_meters.sql #1
Ran migration: 44_deduplicate_video_output_meters.sql #2
Ran migration: 45_remove_legacy_model_permissions.sql
Ran migration: 46_seed_2_lite_context_tier.sql #1
Ran migration: 46_seed_2_lite_context_tier.sql #2
Ran migration: 46_seed_2_lite_context_tier.sql #3
Ran migration: 47_seedance_2_mini_price.sql #1
Ran migration: 47_seedance_2_mini_price.sql #2
Ran migration: 48_media_archive_records.sql #1
Ran migration: 48_media_archive_records.sql #2
Ran migration: 49_seedance_2_5_price.sql #1
Ran migration: 49_seedance_2_5_price.sql #2
Ran migration: 50_storyboard_generation_inheritance.sql #1
Ran migration: 50_storyboard_generation_inheritance.sql #2
Ran migration: 51_video_poster_path.sql
Ran migration: 52_asset_links_video_interpolation.sql #1
Ran migration: 52_asset_links_video_interpolation.sql #2
Ran migration: 52_asset_links_video_interpolation.sql #3
Ran migration: 52_asset_links_video_interpolation.sql #4
Ran migration: 52_asset_links_video_interpolation.sql #5
Ran migration: 52_asset_links_video_interpolation.sql #6
Ran migration: 52_asset_links_video_interpolation.sql #7
Ran migration: 52_asset_links_video_interpolation.sql #8
Ran migration: 52_asset_links_video_interpolation.sql #9
Ran migration: 52_asset_links_video_interpolation.sql #10
Ran migration: 52_asset_links_video_interpolation.sql #11
Ran migration: 52_asset_links_video_interpolation.sql #12
Ran migration: 52_asset_links_video_interpolation.sql #13
Ran migration: 52_asset_links_video_interpolation.sql #14
Ran migration: 52_asset_links_video_interpolation.sql #15
Ran migration: 52_asset_links_video_interpolation.sql #16
Ran migration: 52_asset_links_video_interpolation.sql #17
Ran migration: 53_video_upscale_and_billing_reaudit.sql #1
Ran migration: 53_video_upscale_and_billing_reaudit.sql #2
Ran migration: 53_video_upscale_and_billing_reaudit.sql #3
Ran migration: 53_video_upscale_and_billing_reaudit.sql #4
Ran migration: 53_video_upscale_and_billing_reaudit.sql #5
Ran migration: 53_video_upscale_and_billing_reaudit.sql #6
Ran migration: 53_video_upscale_and_billing_reaudit.sql #7
Ran migration: 53_video_upscale_and_billing_reaudit.sql #9
Ran migration: 53_video_upscale_and_billing_reaudit.sql #10
Ran migration: 54_storyboard_optional_video_postprocess.sql #1
Ran migration: 54_storyboard_optional_video_postprocess.sql #2
Ran migration: 54_storyboard_optional_video_postprocess.sql #3
Ran migration: 55_video_intermediate_cleanup_opt_in.sql
Ran migration: 56_fix_mediakit_postprocess_display_fallback_prices.sql #1
Ran migration: 56_fix_mediakit_postprocess_display_fallback_prices.sql #2
Ran migration: 57_mediakit_shared_connection_defaults.sql
Ran migration: 58_storyboard_active_video_version.sql
Ran migration: 59_operations_alert_settings.sql #1
Ran migration: 59_operations_alert_settings.sql #2
Ran migration: 60_operations_report_snapshots.sql
Ran migration: 61_tenant_billing_and_console_isolation.sql #1
Ran migration: 61_tenant_billing_and_console_isolation.sql #2
Ran migration: 61_tenant_billing_and_console_isolation.sql #3
Ran migration: 61_tenant_billing_and_console_isolation.sql #4
Ran migration: 61_tenant_billing_and_console_isolation.sql #5
Ran migration: 61_tenant_billing_and_console_isolation.sql #6
Ran migration: 61_tenant_billing_and_console_isolation.sql #7
Ran migration: 61_tenant_billing_and_console_isolation.sql #8
Ran migration: 61_tenant_billing_and_console_isolation.sql #9
Ran migration: 61_tenant_billing_and_console_isolation.sql #10
Ran migration: 61_tenant_billing_and_console_isolation.sql #11
Ran migration: 61_tenant_billing_and_console_isolation.sql #12
Ran migration: 61_tenant_billing_and_console_isolation.sql #13
Ran migration: 61_tenant_billing_and_console_isolation.sql #14
Ran migration: 61_tenant_billing_and_console_isolation.sql #15
Ran migration: 61_tenant_billing_and_console_isolation.sql #16
Ran migration: 62_migrate_existing_users_to_default_tenant.sql #1
Ran migration: 62_migrate_existing_users_to_default_tenant.sql #2
Ran migration: 62_migrate_existing_users_to_default_tenant.sql #3
Ran migration: 62_migrate_existing_users_to_default_tenant.sql #4
Ran migration: 62_migrate_existing_users_to_default_tenant.sql #5
Ran migration: 63_geeknow_gpt_image_2_price.sql #1
Ran migration: 63_geeknow_gpt_image_2_price.sql #2
Ran migration: 64_default_tenant_price_book_compatibility.sql
Ran migration: 65_tool_run_tenant_scope.sql #1
Ran migration: 65_tool_run_tenant_scope.sql #2
Ran migration: 66_tenant_config_defaults.sql #1
Ran migration: 66_tenant_config_defaults.sql #2
Ran migration: 66_tenant_config_defaults.sql #3
Ran migration: 66_tenant_config_defaults.sql #4
Ran migration: 66_tenant_config_defaults.sql #5
Ran migration: 67_tenant_owned_ai_configs.sql #1
Ran migration: 67_tenant_owned_ai_configs.sql #2
Ran migration: 68_preserve_legacy_default_tenant.sql #1
Ran migration: 68_preserve_legacy_default_tenant.sql #2
Skip migration (table not found, will be ensured later): 69_homepage_default_video_resources.sql - no such table: global_settings
Ran migration: 70_billing_project_usage_snapshots.sql #1
Ran migration: 70_billing_project_usage_snapshots.sql #2
Ran migration: 70_billing_project_usage_snapshots.sql #3
Ran migration: 70_billing_project_usage_snapshots.sql #4
Ran migration: 70_billing_project_usage_snapshots.sql #5
Ran migration: 70_billing_project_usage_snapshots.sql #6
Ran migration: 70_billing_project_usage_snapshots.sql #7
Ran migration: 70_billing_project_usage_snapshots.sql #8
Ran migration: 70_billing_project_usage_snapshots.sql #9
Ran migration: 70_billing_project_usage_snapshots.sql #10
Ran migration: 70_billing_project_usage_snapshots.sql #11
Ran migration: 70_billing_project_usage_snapshots.sql #12
Ran migration: 70_billing_project_usage_snapshots.sql #13
Ran migration: 70_billing_project_usage_snapshots.sql #14
Ran migration: 71_billable_project_context.sql #1
Ran migration: 71_billable_project_context.sql #2
Ran migration: 71_billable_project_context.sql #3
Ran migration: 71_billable_project_context.sql #4
Migrated billing ledger to micro-points: [33m10000[39m
ensureColumns: added storyboards.layout_description (TEXT)
ensureColumns: added storyboards.image_url (TEXT)
ensureColumns: added storyboards.local_path (TEXT)
ensureColumns: added storyboards.main_panel_idx (INTEGER)
ensureColumns: added storyboards.composed_image (TEXT)
ensureColumns: added storyboards.result (TEXT)
ensureColumns: added storyboards.emotion (TEXT)
ensureColumns: added storyboards.emotion_intensity (INTEGER)
ensureColumns: added storyboards.error_msg (TEXT)
ensureColumns: added storyboards.lighting_style (TEXT)
ensureColumns: added storyboards.depth_of_field (TEXT)
ensureColumns: added storyboards.polished_prompt (TEXT)
ensureColumns: added storyboards.continuity_snapshot (TEXT)
ensureColumns: added storyboards.audio_local_path (TEXT)
ensureColumns: added storyboards.narration_audio_local_path (TEXT)
ensureColumns: added storyboards.omni_prompt_document_json (TEXT)
ensureColumns: added storyboards.first_frame_image_id (INTEGER)
ensureColumns: added storyboards.last_frame_image_id (INTEGER)
ensureColumns: added storyboards.last_frame_image_url (TEXT)
ensureColumns: added storyboards.last_frame_local_path (TEXT)
ensureColumns: added characters.extra_images (TEXT)
ensureColumns: added characters.error_msg (TEXT)
ensureColumns: added characters.ref_image (TEXT)
ensureColumns: added characters.seedance2_voice_asset (TEXT)
ensureColumns: added scenes.polished_prompt (TEXT)
ensureColumns: added scenes.extra_images (TEXT)
ensureColumns: added scenes.ref_image (TEXT)
ensureColumns: added scenes.error_msg (TEXT)
ensureColumns: added props.extra_images (TEXT)
ensureColumns: added props.ref_image (TEXT)
ensureColumns: added props.error_msg (TEXT)
ensureColumns: added tenants.is_new_user_default (INTEGER DEFAULT 0)
ensureColumns: added image_generations.episode_id (INTEGER)
ensureColumns: added image_generations.use_first_frame_layout_lock (INTEGER)
ensureColumns: added image_generations.width (INTEGER)
ensureColumns: added image_generations.height (INTEGER)
ensureColumns: added video_generations.resolution (TEXT)
ensureColumns: added video_generations.seed (INTEGER)
ensureColumns: added video_generations.camera_fixed (INTEGER)
ensureColumns: added video_generations.watermark (INTEGER)
ensureColumns: added video_generations.provider_task_id (TEXT)
ensureColumns: added video_generations.archive_status (TEXT)
ensureColumns: added video_generations.archive_error (TEXT)
ensureColumns: added video_generations.archive_attempts (INTEGER NOT NULL DEFAULT 0)
ensureColumns: added video_generations.archived_at (TEXT)
ensureColumns: added video_merges.merge_options (TEXT)
ensureColumns: added video_merges.merged_url (TEXT)
ensureColumns: added video_merges.duration (INTEGER)
ensureColumns: added video_merges.completed_at (TEXT)
ensureColumns: added video_merges.error_msg (TEXT)
ensureColumns: added assets.reference_alias (TEXT)
ensureColumns: added assets.archived_at (TEXT)
ensureColumns: added omni_video_jobs.storyboard_id (INTEGER)
[32m✔ frame interpolation reserves its own conditional duration charge and persists an awaiting-source job [90m(569.3222ms)[39m[39m
[32m✔ frame interpolation pricing context normalizes resolution and fps tiers [90m(1.4663ms)[39m[39m
[32m✔ frame interpolation submit uses the official client_token field [90m(417.5432ms)[39m[39m
[32m✔ frame interpolation persists provider identity, local output, exact settlement, and idempotent replay [90m(716.7853ms)[39m[39m
[32m✔ completed-video output never falls back to a supplier signed URL [90m(2.1502ms)[39m[39m
[32m✔ video list exposes a durable local poster path without mounting video bytes [90m(13.4147ms)[39m[39m
[32m✔ homepage defaults use the configured product media resources rather than any user videos [90m(8.8707ms)[39m[39m
[32m✔ a completed local video remains completed when OSS archival is temporarily unavailable [90m(7.197ms)[39m[39m
[32m✔ startup reconciliation invalidates historical completed rows without a local archive [90m(1.5842ms)[39m[39m
[32m✔ video post-processing defaults to preserving the generated source [90m(3.2636ms)[39m[39m
[32m✔ 480p supports optional 720p or 1080p enhancement [90m(0.3062ms)[39m[39m
[32m✔ 720p supports only an optional 1080p enhancement [90m(0.6751ms)[39m[39m
[32m✔ 1080p cannot be redundantly enhanced and 2K is not an exposed target [90m(0.323ms)[39m[39m
[32m✔ interpolation is independent from enhancement and may be disabled [90m(0.2828ms)[39m[39m
Ran migration: 01_init.sql #1
Ran migration: 01_init.sql #2
Ran migration: 01_init.sql #3
Ran migration: 01_init.sql #4
Ran migration: 01_init.sql #5
Ran migration: 01_init.sql #6
Ran migration: 01_init.sql #7
Ran migration: 01_init.sql #8
Ran migration: 01_init.sql #9
Ran migration: 01_init.sql #10
Ran migration: 01_init.sql #11
Ran migration: 01_init.sql #12
Ran migration: 01_init.sql #13
Ran migration: 01_init.sql #14
Ran migration: 01_init.sql #15
Ran migration: 01_init.sql #16
Ran migration: 01_init.sql #17
Ran migration: 01_init.sql #18
Skip (already exists): 02_add_default_model.sql
Ran migration: 03_add_props_episode_id.sql
Skip (already exists): 04_async_tasks_columns.sql #1
Skip (already exists): 04_async_tasks_columns.sql #2
Skip (already exists): 04_async_tasks_columns.sql #3
Skip (already exists): 05_add_image_generations_completed_at.sql #1
Skip (already exists): 05_add_image_generations_completed_at.sql #2
Skip (already exists): 06_add_characters_local_path.sql
Skip (already exists): 07_add_scenes_image_columns.sql #1
Skip (already exists): 07_add_scenes_image_columns.sql #2
Skip (already exists): 08_add_video_generations_completed_at.sql #1
Skip (already exists): 08_add_video_generations_completed_at.sql #2
Ran migration: 09_scene_prop_libraries.sql #1
Ran migration: 09_scene_prop_libraries.sql #2
Ran migration: 10_prompt_overrides.sql
Ran migration: 11_add_api_protocol.sql
Ran migration: 12_image_proxy_cache.sql
Ran migration: 13_character_identity_anchors.sql #1
Ran migration: 13_character_identity_anchors.sql #2
Ran migration: 13_character_identity_anchors.sql #3
Ran migration: 13_character_identity_anchors.sql #4
Ran migration: 13_character_identity_anchors.sql #5
Ran migration: 13_character_identity_anchors.sql #6
Ran migration: 13_character_identity_anchors.sql #7
Ran migration: 13_character_identity_anchors.sql #8
Ran migration: 13_character_identity_anchors.sql #9
Ran migration: 14_storyboard_segments_and_model_map.sql #1
Ran migration: 14_storyboard_segments_and_model_map.sql #2
Ran migration: 14_storyboard_segments_and_model_map.sql #3
Ran migration: 15_storyboard_angle_structured.sql #1
Ran migration: 15_storyboard_angle_structured.sql #2
Ran migration: 15_storyboard_angle_structured.sql #3
Ran migration: 16_character_polished_prompt.sql
Ran migration: 17_character_stages.sql
Ran migration: 18_storyboard_narration.sql
Ran migration: 19_storyboard_universal_mode.sql #1
Ran migration: 19_storyboard_universal_mode.sql #2
Ran migration: 20_character_seedance2_asset.sql
Ran migration: 21_asset_negative_prompt.sql #1
Ran migration: 21_asset_negative_prompt.sql #2
Ran migration: 21_asset_negative_prompt.sql #3
Skip (already exists): 22_library_source_id.sql #1
Skip (already exists): 22_library_source_id.sql #2
Skip (already exists): 22_library_source_id.sql #3
Skip (already exists): 22_library_source_id.sql #4
Skip (already exists): 22_library_source_id.sql #5
Skip (already exists): 22_library_source_id.sql #6
Ran migration: 22_library_source_id.sql #7
Ran migration: 22_library_source_id.sql #8
Ran migration: 22_library_source_id.sql #9
Ran migration: 23_omni_video_workbench.sql #1
Ran migration: 23_omni_video_workbench.sql #2
Ran migration: 23_omni_video_workbench.sql #3
Ran migration: 23_omni_video_workbench.sql #4
Ran migration: 23_omni_video_workbench.sql #5
Ran migration: 23_omni_video_workbench.sql #6
Ran migration: 23_omni_video_workbench.sql #7
Ran migration: 23_omni_video_workbench.sql #8
Ran migration: 23_omni_video_workbench.sql #9
Ran migration: 23_omni_video_workbench.sql #10
Ran migration: 23_omni_video_workbench.sql #11
Ran migration: 23_omni_video_workbench.sql #12
Ran migration: 24_asset_seedance2_certification.sql
Ran migration: 25_omni_sequences.sql #1
Ran migration: 25_omni_sequences.sql #2
Ran migration: 25_omni_sequences.sql #3
Ran migration: 25_omni_sequences.sql #4
Ran migration: 25_omni_sequences.sql #5
Ran migration: 26_omni_workbench_improvements.sql #1
Ran migration: 26_omni_workbench_improvements.sql #2
Ran migration: 27_ai_toolbox.sql #1
Ran migration: 27_ai_toolbox.sql #2
Ran migration: 27_ai_toolbox.sql #3
Ran migration: 27_ai_toolbox.sql #4
Ran migration: 27_ai_toolbox.sql #5
Ran migration: 27_ai_toolbox.sql #6
Ran migration: 27_ai_toolbox.sql #7
Ran migration: 28_storyboard_generation_settings.sql #1
Ran migration: 28_storyboard_generation_settings.sql #2
Ran migration: 28_storyboard_generation_settings.sql #3
Ran migration: 28_storyboard_generation_settings.sql #4
Ran migration: 29_resource_seedance2_asset.sql #1
Ran migration: 29_resource_seedance2_asset.sql #2
Ran migration: 30_storyboard_omni_assets.sql #1
Ran migration: 30_storyboard_omni_assets.sql #2
Ran migration: 30_storyboard_omni_assets.sql #3
Ran migration: 30_storyboard_omni_assets.sql #4
Ran migration: 30_storyboard_omni_assets.sql #5
Ran migration: 30_storyboard_omni_assets.sql #6
Ran migration: 30_storyboard_omni_assets.sql #7
Ran migration: 30_storyboard_omni_assets.sql #8
Ran migration: 30_storyboard_omni_assets.sql #9
Ran migration: 31_storyboard_sort_order.sql
Ran migration: 32_asset_favorites.sql
Ran migration: 33_auth_billing_admin.sql #1
Ran migration: 33_auth_billing_admin.sql #2
Ran migration: 33_auth_billing_admin.sql #3
Ran migration: 33_auth_billing_admin.sql #4
Ran migration: 33_auth_billing_admin.sql #5
Ran migration: 33_auth_billing_admin.sql #6
Ran migration: 33_auth_billing_admin.sql #7
Ran migration: 33_auth_billing_admin.sql #8
Ran migration: 33_auth_billing_admin.sql #9
Ran migration: 33_auth_billing_admin.sql #10
Ran migration: 33_auth_billing_admin.sql #11
Ran migration: 33_auth_billing_admin.sql #12
Ran migration: 33_auth_billing_admin.sql #13
Ran migration: 33_auth_billing_admin.sql #14
Ran migration: 33_auth_billing_admin.sql #15
Ran migration: 33_auth_billing_admin.sql #16
Ran migration: 33_auth_billing_admin.sql #17
Ran migration: 33_auth_billing_admin.sql #18
Ran migration: 33_auth_billing_admin.sql #19
Ran migration: 33_auth_billing_admin.sql #20
Ran migration: 33_auth_billing_admin.sql #21
Ran migration: 34_workflow_ownership.sql #1
Ran migration: 34_workflow_ownership.sql #2
Ran migration: 34_workflow_ownership.sql #3
Ran migration: 34_workflow_ownership.sql #4
Ran migration: 34_workflow_ownership.sql #5
Ran migration: 34_workflow_ownership.sql #6
Ran migration: 34_workflow_ownership.sql #7
Ran migration: 35_runtime_auth_settings.sql
Ran migration: 36_volcengine_seedream_official_prices.sql #1
Ran migration: 36_volcengine_seedream_official_prices.sql #2
Ran migration: 36_volcengine_seedream_official_prices.sql #3
Ran migration: 37_points_ratio_and_volcengine_video_prices.sql #1
Ran migration: 37_points_ratio_and_volcengine_video_prices.sql #2
Ran migration: 37_points_ratio_and_volcengine_video_prices.sql #3
Ran migration: 37_points_ratio_and_volcengine_video_prices.sql #4
Ran migration: 37_points_ratio_and_volcengine_video_prices.sql #5
Ran migration: 37_points_ratio_and_volcengine_video_prices.sql #6
Ran migration: 37_points_ratio_and_volcengine_video_prices.sql #7
Ran migration: 37_points_ratio_and_volcengine_video_prices.sql #8
Ran migration: 38_seedance_video_rate_contexts.sql #1
Ran migration: 38_seedance_video_rate_contexts.sql #2
Ran migration: 39_billing_key_for_custom_providers.sql #1
Ran migration: 39_billing_key_for_custom_providers.sql #2
Ran migration: 40_volcengine_text_tts_official_prices.sql #1
Ran migration: 40_volcengine_text_tts_official_prices.sql #2
Ran migration: 40_volcengine_text_tts_official_prices.sql #3
Ran migration: 40_volcengine_text_tts_official_prices.sql #4
Ran migration: 40_volcengine_text_tts_official_prices.sql #5
Ran migration: 41_billing_reconciliation.sql #1
Ran migration: 41_billing_reconciliation.sql #2
Ran migration: 41_billing_reconciliation.sql #3
Ran migration: 42_volcengine_seed_2_lite_prices.sql #1
Ran migration: 42_volcengine_seed_2_lite_prices.sql #2
Ran migration: 43_video_usage_output_meter_and_snapshot.sql #1
Ran migration: 43_video_usage_output_meter_and_snapshot.sql #2
Ran migration: 43_video_usage_output_meter_and_snapshot.sql #3
Ran migration: 44_deduplicate_video_output_meters.sql #1
Ran migration: 44_deduplicate_video_output_meters.sql #2
Ran migration: 45_remove_legacy_model_permissions.sql
Ran migration: 46_seed_2_lite_context_tier.sql #1
Ran migration: 46_seed_2_lite_context_tier.sql #2
Ran migration: 46_seed_2_lite_context_tier.sql #3
Ran migration: 47_seedance_2_mini_price.sql #1
Ran migration: 47_seedance_2_mini_price.sql #2
Ran migration: 48_media_archive_records.sql #1
Ran migration: 48_media_archive_records.sql #2
Ran migration: 49_seedance_2_5_price.sql #1
Ran migration: 49_seedance_2_5_price.sql #2
Ran migration: 50_storyboard_generation_inheritance.sql #1
Ran migration: 50_storyboard_generation_inheritance.sql #2
Ran migration: 51_video_poster_path.sql
Ran migration: 52_asset_links_video_interpolation.sql #1
Ran migration: 52_asset_links_video_interpolation.sql #2
Ran migration: 52_asset_links_video_interpolation.sql #3
Ran migration: 52_asset_links_video_interpolation.sql #4
Ran migration: 52_asset_links_video_interpolation.sql #5
Ran migration: 52_asset_links_video_interpolation.sql #6
Ran migration: 52_asset_links_video_interpolation.sql #7
Ran migration: 52_asset_links_video_interpolation.sql #8
Ran migration: 52_asset_links_video_interpolation.sql #9
Ran migration: 52_asset_links_video_interpolation.sql #10
Ran migration: 52_asset_links_video_interpolation.sql #11
Ran migration: 52_asset_links_video_interpolation.sql #12
Ran migration: 52_asset_links_video_interpolation.sql #13
Ran migration: 52_asset_links_video_interpolation.sql #14
Ran migration: 52_asset_links_video_interpolation.sql #15
Ran migration: 52_asset_links_video_interpolation.sql #16
Ran migration: 52_asset_links_video_interpolation.sql #17
Ran migration: 53_video_upscale_and_billing_reaudit.sql #1
Ran migration: 53_video_upscale_and_billing_reaudit.sql #2
Ran migration: 53_video_upscale_and_billing_reaudit.sql #3
Ran migration: 53_video_upscale_and_billing_reaudit.sql #4
Ran migration: 53_video_upscale_and_billing_reaudit.sql #5
Ran migration: 53_video_upscale_and_billing_reaudit.sql #6
Ran migration: 53_video_upscale_and_billing_reaudit.sql #7
Ran migration: 53_video_upscale_and_billing_reaudit.sql #9
Ran migration: 53_video_upscale_and_billing_reaudit.sql #10
Ran migration: 54_storyboard_optional_video_postprocess.sql #1
Ran migration: 54_storyboard_optional_video_postprocess.sql #2
Ran migration: 54_storyboard_optional_video_postprocess.sql #3
Ran migration: 55_video_intermediate_cleanup_opt_in.sql
Ran migration: 56_fix_mediakit_postprocess_display_fallback_prices.sql #1
Ran migration: 56_fix_mediakit_postprocess_display_fallback_prices.sql #2
Ran migration: 57_mediakit_shared_connection_defaults.sql
Ran migration: 58_storyboard_active_video_version.sql
Ran migration: 59_operations_alert_settings.sql #1
Ran migration: 59_operations_alert_settings.sql #2
Ran migration: 60_operations_report_snapshots.sql
Ran migration: 61_tenant_billing_and_console_isolation.sql #1
Ran migration: 61_tenant_billing_and_console_isolation.sql #2
Ran migration: 61_tenant_billing_and_console_isolation.sql #3
Ran migration: 61_tenant_billing_and_console_isolation.sql #4
Ran migration: 61_tenant_billing_and_console_isolation.sql #5
Ran migration: 61_tenant_billing_and_console_isolation.sql #6
Ran migration: 61_tenant_billing_and_console_isolation.sql #7
Ran migration: 61_tenant_billing_and_console_isolation.sql #8
Ran migration: 61_tenant_billing_and_console_isolation.sql #9
Ran migration: 61_tenant_billing_and_console_isolation.sql #10
Ran migration: 61_tenant_billing_and_console_isolation.sql #11
Ran migration: 61_tenant_billing_and_console_isolation.sql #12
Ran migration: 61_tenant_billing_and_console_isolation.sql #13
Ran migration: 61_tenant_billing_and_console_isolation.sql #14
Ran migration: 61_tenant_billing_and_console_isolation.sql #15
Ran migration: 61_tenant_billing_and_console_isolation.sql #16
Ran migration: 62_migrate_existing_users_to_default_tenant.sql #1
Ran migration: 62_migrate_existing_users_to_default_tenant.sql #2
Ran migration: 62_migrate_existing_users_to_default_tenant.sql #3
Ran migration: 62_migrate_existing_users_to_default_tenant.sql #4
Ran migration: 62_migrate_existing_users_to_default_tenant.sql #5
Ran migration: 63_geeknow_gpt_image_2_price.sql #1
Ran migration: 63_geeknow_gpt_image_2_price.sql #2
Ran migration: 64_default_tenant_price_book_compatibility.sql
Ran migration: 65_tool_run_tenant_scope.sql #1
Ran migration: 65_tool_run_tenant_scope.sql #2
Ran migration: 66_tenant_config_defaults.sql #1
Ran migration: 66_tenant_config_defaults.sql #2
Ran migration: 66_tenant_config_defaults.sql #3
Ran migration: 66_tenant_config_defaults.sql #4
Ran migration: 66_tenant_config_defaults.sql #5
Ran migration: 67_tenant_owned_ai_configs.sql #1
Ran migration: 67_tenant_owned_ai_configs.sql #2
Ran migration: 68_preserve_legacy_default_tenant.sql #1
Ran migration: 68_preserve_legacy_default_tenant.sql #2
Skip migration (table not found, will be ensured later): 69_homepage_default_video_resources.sql - no such table: global_settings
Ran migration: 70_billing_project_usage_snapshots.sql #1
Ran migration: 70_billing_project_usage_snapshots.sql #2
Ran migration: 70_billing_project_usage_snapshots.sql #3
Ran migration: 70_billing_project_usage_snapshots.sql #4
Ran migration: 70_billing_project_usage_snapshots.sql #5
Ran migration: 70_billing_project_usage_snapshots.sql #6
Ran migration: 70_billing_project_usage_snapshots.sql #7
Ran migration: 70_billing_project_usage_snapshots.sql #8
Ran migration: 70_billing_project_usage_snapshots.sql #9
Ran migration: 70_billing_project_usage_snapshots.sql #10
Ran migration: 70_billing_project_usage_snapshots.sql #11
Ran migration: 70_billing_project_usage_snapshots.sql #12
Ran migration: 70_billing_project_usage_snapshots.sql #13
Ran migration: 70_billing_project_usage_snapshots.sql #14
Ran migration: 71_billable_project_context.sql #1
Ran migration: 71_billable_project_context.sql #2
Ran migration: 71_billable_project_context.sql #3
Ran migration: 71_billable_project_context.sql #4
Migrated billing ledger to micro-points: [33m10000[39m
ensureColumns: added storyboards.layout_description (TEXT)
ensureColumns: added storyboards.image_url (TEXT)
ensureColumns: added storyboards.local_path (TEXT)
ensureColumns: added storyboards.main_panel_idx (INTEGER)
ensureColumns: added storyboards.composed_image (TEXT)
ensureColumns: added storyboards.result (TEXT)
ensureColumns: added storyboards.emotion (TEXT)
ensureColumns: added storyboards.emotion_intensity (INTEGER)
ensureColumns: added storyboards.error_msg (TEXT)
ensureColumns: added storyboards.lighting_style (TEXT)
ensureColumns: added storyboards.depth_of_field (TEXT)
ensureColumns: added storyboards.polished_prompt (TEXT)
ensureColumns: added storyboards.continuity_snapshot (TEXT)
ensureColumns: added storyboards.audio_local_path (TEXT)
ensureColumns: added storyboards.narration_audio_local_path (TEXT)
ensureColumns: added storyboards.omni_prompt_document_json (TEXT)
ensureColumns: added storyboards.first_frame_image_id (INTEGER)
ensureColumns: added storyboards.last_frame_image_id (INTEGER)
ensureColumns: added storyboards.last_frame_image_url (TEXT)
ensureColumns: added storyboards.last_frame_local_path (TEXT)
ensureColumns: added characters.extra_images (TEXT)
ensureColumns: added characters.error_msg (TEXT)
ensureColumns: added characters.ref_image (TEXT)
ensureColumns: added characters.seedance2_voice_asset (TEXT)
ensureColumns: added scenes.polished_prompt (TEXT)
ensureColumns: added scenes.extra_images (TEXT)
ensureColumns: added scenes.ref_image (TEXT)
ensureColumns: added scenes.error_msg (TEXT)
ensureColumns: added props.extra_images (TEXT)
ensureColumns: added props.ref_image (TEXT)
ensureColumns: added props.error_msg (TEXT)
ensureColumns: added tenants.is_new_user_default (INTEGER DEFAULT 0)
ensureColumns: added image_generations.episode_id (INTEGER)
ensureColumns: added image_generations.use_first_frame_layout_lock (INTEGER)
ensureColumns: added image_generations.width (INTEGER)
ensureColumns: added image_generations.height (INTEGER)
ensureColumns: added video_generations.resolution (TEXT)
ensureColumns: added video_generations.seed (INTEGER)
ensureColumns: added video_generations.camera_fixed (INTEGER)
ensureColumns: added video_generations.watermark (INTEGER)
ensureColumns: added video_generations.provider_task_id (TEXT)
ensureColumns: added video_generations.archive_status (TEXT)
ensureColumns: added video_generations.archive_error (TEXT)
ensureColumns: added video_generations.archive_attempts (INTEGER NOT NULL DEFAULT 0)
ensureColumns: added video_generations.archived_at (TEXT)
ensureColumns: added video_merges.merge_options (TEXT)
ensureColumns: added video_merges.merged_url (TEXT)
ensureColumns: added video_merges.duration (INTEGER)
ensureColumns: added video_merges.completed_at (TEXT)
ensureColumns: added video_merges.error_msg (TEXT)
ensureColumns: added assets.reference_alias (TEXT)
ensureColumns: added assets.archived_at (TEXT)
ensureColumns: added omni_video_jobs.storyboard_id (INTEGER)
Ran migration: 01_init.sql #1
Ran migration: 01_init.sql #2
Ran migration: 01_init.sql #3
Ran migration: 01_init.sql #4
Ran migration: 01_init.sql #5
Ran migration: 01_init.sql #6
Ran migration: 01_init.sql #7
Ran migration: 01_init.sql #8
Ran migration: 01_init.sql #9
Ran migration: 01_init.sql #10
Ran migration: 01_init.sql #11
Ran migration: 01_init.sql #12
Ran migration: 01_init.sql #13
Ran migration: 01_init.sql #14
Ran migration: 01_init.sql #15
Ran migration: 01_init.sql #16
Ran migration: 01_init.sql #17
Ran migration: 01_init.sql #18
Skip (already exists): 02_add_default_model.sql
Ran migration: 03_add_props_episode_id.sql
Skip (already exists): 04_async_tasks_columns.sql #1
Skip (already exists): 04_async_tasks_columns.sql #2
Skip (already exists): 04_async_tasks_columns.sql #3
Skip (already exists): 05_add_image_generations_completed_at.sql #1
Skip (already exists): 05_add_image_generations_completed_at.sql #2
Skip (already exists): 06_add_characters_local_path.sql
Skip (already exists): 07_add_scenes_image_columns.sql #1
Skip (already exists): 07_add_scenes_image_columns.sql #2
Skip (already exists): 08_add_video_generations_completed_at.sql #1
Skip (already exists): 08_add_video_generations_completed_at.sql #2
Ran migration: 09_scene_prop_libraries.sql #1
Ran migration: 09_scene_prop_libraries.sql #2
Ran migration: 10_prompt_overrides.sql
Ran migration: 11_add_api_protocol.sql
Ran migration: 12_image_proxy_cache.sql
Ran migration: 13_character_identity_anchors.sql #1
Ran migration: 13_character_identity_anchors.sql #2
Ran migration: 13_character_identity_anchors.sql #3
Ran migration: 13_character_identity_anchors.sql #4
Ran migration: 13_character_identity_anchors.sql #5
Ran migration: 13_character_identity_anchors.sql #6
Ran migration: 13_character_identity_anchors.sql #7
Ran migration: 13_character_identity_anchors.sql #8
Ran migration: 13_character_identity_anchors.sql #9
Ran migration: 14_storyboard_segments_and_model_map.sql #1
Ran migration: 14_storyboard_segments_and_model_map.sql #2
Ran migration: 14_storyboard_segments_and_model_map.sql #3
Ran migration: 15_storyboard_angle_structured.sql #1
Ran migration: 15_storyboard_angle_structured.sql #2
Ran migration: 15_storyboard_angle_structured.sql #3
Ran migration: 16_character_polished_prompt.sql
Ran migration: 17_character_stages.sql
Ran migration: 18_storyboard_narration.sql
Ran migration: 19_storyboard_universal_mode.sql #1
Ran migration: 19_storyboard_universal_mode.sql #2
Ran migration: 20_character_seedance2_asset.sql
Ran migration: 21_asset_negative_prompt.sql #1
Ran migration: 21_asset_negative_prompt.sql #2
Ran migration: 21_asset_negative_prompt.sql #3
Skip (already exists): 22_library_source_id.sql #1
Skip (already exists): 22_library_source_id.sql #2
Skip (already exists): 22_library_source_id.sql #3
Skip (already exists): 22_library_source_id.sql #4
Skip (already exists): 22_library_source_id.sql #5
Skip (already exists): 22_library_source_id.sql #6
Ran migration: 22_library_source_id.sql #7
Ran migration: 22_library_source_id.sql #8
Ran migration: 22_library_source_id.sql #9
Ran migration: 23_omni_video_workbench.sql #1
Ran migration: 23_omni_video_workbench.sql #2
Ran migration: 23_omni_video_workbench.sql #3
Ran migration: 23_omni_video_workbench.sql #4
Ran migration: 23_omni_video_workbench.sql #5
Ran migration: 23_omni_video_workbench.sql #6
Ran migration: 23_omni_video_workbench.sql #7
Ran migration: 23_omni_video_workbench.sql #8
Ran migration: 23_omni_video_workbench.sql #9
Ran migration: 23_omni_video_workbench.sql #10
Ran migration: 23_omni_video_workbench.sql #11
Ran migration: 23_omni_video_workbench.sql #12
Ran migration: 24_asset_seedance2_certification.sql
Ran migration: 25_omni_sequences.sql #1
Ran migration: 25_omni_sequences.sql #2
Ran migration: 25_omni_sequences.sql #3
Ran migration: 25_omni_sequences.sql #4
Ran migration: 25_omni_sequences.sql #5
Ran migration: 26_omni_workbench_improvements.sql #1
Ran migration: 26_omni_workbench_improvements.sql #2
Ran migration: 27_ai_toolbox.sql #1
Ran migration: 27_ai_toolbox.sql #2
Ran migration: 27_ai_toolbox.sql #3
Ran migration: 27_ai_toolbox.sql #4
Ran migration: 27_ai_toolbox.sql #5
Ran migration: 27_ai_toolbox.sql #6
Ran migration: 27_ai_toolbox.sql #7
Ran migration: 28_storyboard_generation_settings.sql #1
Ran migration: 28_storyboard_generation_settings.sql #2
Ran migration: 28_storyboard_generation_settings.sql #3
Ran migration: 28_storyboard_generation_settings.sql #4
Ran migration: 29_resource_seedance2_asset.sql #1
Ran migration: 29_resource_seedance2_asset.sql #2
Ran migration: 30_storyboard_omni_assets.sql #1
Ran migration: 30_storyboard_omni_assets.sql #2
Ran migration: 30_storyboard_omni_assets.sql #3
Ran migration: 30_storyboard_omni_assets.sql #4
Ran migration: 30_storyboard_omni_assets.sql #5
Ran migration: 30_storyboard_omni_assets.sql #6
Ran migration: 30_storyboard_omni_assets.sql #7
Ran migration: 30_storyboard_omni_assets.sql #8
Ran migration: 30_storyboard_omni_assets.sql #9
Ran migration: 31_storyboard_sort_order.sql
Ran migration: 32_asset_favorites.sql
Ran migration: 33_auth_billing_admin.sql #1
Ran migration: 33_auth_billing_admin.sql #2
Ran migration: 33_auth_billing_admin.sql #3
Ran migration: 33_auth_billing_admin.sql #4
Ran migration: 33_auth_billing_admin.sql #5
Ran migration: 33_auth_billing_admin.sql #6
Ran migration: 33_auth_billing_admin.sql #7
Ran migration: 33_auth_billing_admin.sql #8
Ran migration: 33_auth_billing_admin.sql #9
Ran migration: 33_auth_billing_admin.sql #10
Ran migration: 33_auth_billing_admin.sql #11
Ran migration: 33_auth_billing_admin.sql #12
Ran migration: 33_auth_billing_admin.sql #13
Ran migration: 33_auth_billing_admin.sql #14
Ran migration: 33_auth_billing_admin.sql #15
Ran migration: 33_auth_billing_admin.sql #16
Ran migration: 33_auth_billing_admin.sql #17
Ran migration: 33_auth_billing_admin.sql #18
Ran migration: 33_auth_billing_admin.sql #19
Ran migration: 33_auth_billing_admin.sql #20
Ran migration: 33_auth_billing_admin.sql #21
Ran migration: 34_workflow_ownership.sql #1
Ran migration: 34_workflow_ownership.sql #2
Ran migration: 34_workflow_ownership.sql #3
Ran migration: 34_workflow_ownership.sql #4
Ran migration: 34_workflow_ownership.sql #5
Ran migration: 34_workflow_ownership.sql #6
Ran migration: 34_workflow_ownership.sql #7
Ran migration: 35_runtime_auth_settings.sql
Ran migration: 36_volcengine_seedream_official_prices.sql #1
Ran migration: 36_volcengine_seedream_official_prices.sql #2
Ran migration: 36_volcengine_seedream_official_prices.sql #3
Ran migration: 37_points_ratio_and_volcengine_video_prices.sql #1
Ran migration: 37_points_ratio_and_volcengine_video_prices.sql #2
Ran migration: 37_points_ratio_and_volcengine_video_prices.sql #3
Ran migration: 37_points_ratio_and_volcengine_video_prices.sql #4
Ran migration: 37_points_ratio_and_volcengine_video_prices.sql #5
Ran migration: 37_points_ratio_and_volcengine_video_prices.sql #6
Ran migration: 37_points_ratio_and_volcengine_video_prices.sql #7
Ran migration: 37_points_ratio_and_volcengine_video_prices.sql #8
Ran migration: 38_seedance_video_rate_contexts.sql #1
Ran migration: 38_seedance_video_rate_contexts.sql #2
Ran migration: 39_billing_key_for_custom_providers.sql #1
Ran migration: 39_billing_key_for_custom_providers.sql #2
Ran migration: 40_volcengine_text_tts_official_prices.sql #1
Ran migration: 40_volcengine_text_tts_official_prices.sql #2
Ran migration: 40_volcengine_text_tts_official_prices.sql #3
Ran migration: 40_volcengine_text_tts_official_prices.sql #4
Ran migration: 40_volcengine_text_tts_official_prices.sql #5
Ran migration: 41_billing_reconciliation.sql #1
Ran migration: 41_billing_reconciliation.sql #2
Ran migration: 41_billing_reconciliation.sql #3
Ran migration: 42_volcengine_seed_2_lite_prices.sql #1
Ran migration: 42_volcengine_seed_2_lite_prices.sql #2
Ran migration: 43_video_usage_output_meter_and_snapshot.sql #1
Ran migration: 43_video_usage_output_meter_and_snapshot.sql #2
Ran migration: 43_video_usage_output_meter_and_snapshot.sql #3
Ran migration: 44_deduplicate_video_output_meters.sql #1
Ran migration: 44_deduplicate_video_output_meters.sql #2
Ran migration: 45_remove_legacy_model_permissions.sql
Ran migration: 46_seed_2_lite_context_tier.sql #1
Ran migration: 46_seed_2_lite_context_tier.sql #2
Ran migration: 46_seed_2_lite_context_tier.sql #3
Ran migration: 47_seedance_2_mini_price.sql #1
Ran migration: 47_seedance_2_mini_price.sql #2
Ran migration: 48_media_archive_records.sql #1
Ran migration: 48_media_archive_records.sql #2
Ran migration: 49_seedance_2_5_price.sql #1
Ran migration: 49_seedance_2_5_price.sql #2
Ran migration: 50_storyboard_generation_inheritance.sql #1
Ran migration: 50_storyboard_generation_inheritance.sql #2
Ran migration: 51_video_poster_path.sql
Ran migration: 52_asset_links_video_interpolation.sql #1
Ran migration: 52_asset_links_video_interpolation.sql #2
Ran migration: 52_asset_links_video_interpolation.sql #3
Ran migration: 52_asset_links_video_interpolation.sql #4
Ran migration: 52_asset_links_video_interpolation.sql #5
Ran migration: 52_asset_links_video_interpolation.sql #6
Ran migration: 52_asset_links_video_interpolation.sql #7
Ran migration: 52_asset_links_video_interpolation.sql #8
Ran migration: 52_asset_links_video_interpolation.sql #9
Ran migration: 52_asset_links_video_interpolation.sql #10
Ran migration: 52_asset_links_video_interpolation.sql #11
Ran migration: 52_asset_links_video_interpolation.sql #12
Ran migration: 52_asset_links_video_interpolation.sql #13
Ran migration: 52_asset_links_video_interpolation.sql #14
Ran migration: 52_asset_links_video_interpolation.sql #15
Ran migration: 52_asset_links_video_interpolation.sql #16
Ran migration: 52_asset_links_video_interpolation.sql #17
Ran migration: 53_video_upscale_and_billing_reaudit.sql #1
Ran migration: 53_video_upscale_and_billing_reaudit.sql #2
Ran migration: 53_video_upscale_and_billing_reaudit.sql #3
Ran migration: 53_video_upscale_and_billing_reaudit.sql #4
Ran migration: 53_video_upscale_and_billing_reaudit.sql #5
Ran migration: 53_video_upscale_and_billing_reaudit.sql #6
Ran migration: 53_video_upscale_and_billing_reaudit.sql #7
Ran migration: 53_video_upscale_and_billing_reaudit.sql #9
Ran migration: 53_video_upscale_and_billing_reaudit.sql #10
Ran migration: 54_storyboard_optional_video_postprocess.sql #1
Ran migration: 54_storyboard_optional_video_postprocess.sql #2
Ran migration: 54_storyboard_optional_video_postprocess.sql #3
Ran migration: 55_video_intermediate_cleanup_opt_in.sql
Ran migration: 56_fix_mediakit_postprocess_display_fallback_prices.sql #1
Ran migration: 56_fix_mediakit_postprocess_display_fallback_prices.sql #2
Ran migration: 57_mediakit_shared_connection_defaults.sql
Ran migration: 58_storyboard_active_video_version.sql
Ran migration: 59_operations_alert_settings.sql #1
Ran migration: 59_operations_alert_settings.sql #2
Ran migration: 60_operations_report_snapshots.sql
Ran migration: 61_tenant_billing_and_console_isolation.sql #1
Ran migration: 61_tenant_billing_and_console_isolation.sql #2
Ran migration: 61_tenant_billing_and_console_isolation.sql #3
Ran migration: 61_tenant_billing_and_console_isolation.sql #4
Ran migration: 61_tenant_billing_and_console_isolation.sql #5
Ran migration: 61_tenant_billing_and_console_isolation.sql #6
Ran migration: 61_tenant_billing_and_console_isolation.sql #7
Ran migration: 61_tenant_billing_and_console_isolation.sql #8
Ran migration: 61_tenant_billing_and_console_isolation.sql #9
Ran migration: 61_tenant_billing_and_console_isolation.sql #10
Ran migration: 61_tenant_billing_and_console_isolation.sql #11
Ran migration: 61_tenant_billing_and_console_isolation.sql #12
Ran migration: 61_tenant_billing_and_console_isolation.sql #13
Ran migration: 61_tenant_billing_and_console_isolation.sql #14
Ran migration: 61_tenant_billing_and_console_isolation.sql #15
Ran migration: 61_tenant_billing_and_console_isolation.sql #16
Ran migration: 62_migrate_existing_users_to_default_tenant.sql #1
Ran migration: 62_migrate_existing_users_to_default_tenant.sql #2
Ran migration: 62_migrate_existing_users_to_default_tenant.sql #3
Ran migration: 62_migrate_existing_users_to_default_tenant.sql #4
Ran migration: 62_migrate_existing_users_to_default_tenant.sql #5
Ran migration: 63_geeknow_gpt_image_2_price.sql #1
Ran migration: 63_geeknow_gpt_image_2_price.sql #2
Ran migration: 64_default_tenant_price_book_compatibility.sql
Ran migration: 65_tool_run_tenant_scope.sql #1
Ran migration: 65_tool_run_tenant_scope.sql #2
Ran migration: 66_tenant_config_defaults.sql #1
Ran migration: 66_tenant_config_defaults.sql #2
Ran migration: 66_tenant_config_defaults.sql #3
Ran migration: 66_tenant_config_defaults.sql #4
Ran migration: 66_tenant_config_defaults.sql #5
Ran migration: 67_tenant_owned_ai_configs.sql #1
Ran migration: 67_tenant_owned_ai_configs.sql #2
Ran migration: 68_preserve_legacy_default_tenant.sql #1
Ran migration: 68_preserve_legacy_default_tenant.sql #2
Skip migration (table not found, will be ensured later): 69_homepage_default_video_resources.sql - no such table: global_settings
Ran migration: 70_billing_project_usage_snapshots.sql #1
Ran migration: 70_billing_project_usage_snapshots.sql #2
Ran migration: 70_billing_project_usage_snapshots.sql #3
Ran migration: 70_billing_project_usage_snapshots.sql #4
Ran migration: 70_billing_project_usage_snapshots.sql #5
Ran migration: 70_billing_project_usage_snapshots.sql #6
Ran migration: 70_billing_project_usage_snapshots.sql #7
Ran migration: 70_billing_project_usage_snapshots.sql #8
Ran migration: 70_billing_project_usage_snapshots.sql #9
Ran migration: 70_billing_project_usage_snapshots.sql #10
Ran migration: 70_billing_project_usage_snapshots.sql #11
Ran migration: 70_billing_project_usage_snapshots.sql #12
Ran migration: 70_billing_project_usage_snapshots.sql #13
Ran migration: 70_billing_project_usage_snapshots.sql #14
Ran migration: 71_billable_project_context.sql #1
Ran migration: 71_billable_project_context.sql #2
Ran migration: 71_billable_project_context.sql #3
Ran migration: 71_billable_project_context.sql #4
Migrated billing ledger to micro-points: [33m10000[39m
ensureColumns: added storyboards.layout_description (TEXT)
ensureColumns: added storyboards.image_url (TEXT)
ensureColumns: added storyboards.local_path (TEXT)
ensureColumns: added storyboards.main_panel_idx (INTEGER)
ensureColumns: added storyboards.composed_image (TEXT)
ensureColumns: added storyboards.result (TEXT)
ensureColumns: added storyboards.emotion (TEXT)
ensureColumns: added storyboards.emotion_intensity (INTEGER)
ensureColumns: added storyboards.error_msg (TEXT)
ensureColumns: added storyboards.lighting_style (TEXT)
ensureColumns: added storyboards.depth_of_field (TEXT)
ensureColumns: added storyboards.polished_prompt (TEXT)
ensureColumns: added storyboards.continuity_snapshot (TEXT)
ensureColumns: added storyboards.audio_local_path (TEXT)
ensureColumns: added storyboards.narration_audio_local_path (TEXT)
ensureColumns: added storyboards.omni_prompt_document_json (TEXT)
ensureColumns: added storyboards.first_frame_image_id (INTEGER)
ensureColumns: added storyboards.last_frame_image_id (INTEGER)
ensureColumns: added storyboards.last_frame_image_url (TEXT)
ensureColumns: added storyboards.last_frame_local_path (TEXT)
ensureColumns: added characters.extra_images (TEXT)
ensureColumns: added characters.error_msg (TEXT)
ensureColumns: added characters.ref_image (TEXT)
ensureColumns: added characters.seedance2_voice_asset (TEXT)
ensureColumns: added scenes.polished_prompt (TEXT)
ensureColumns: added scenes.extra_images (TEXT)
ensureColumns: added scenes.ref_image (TEXT)
ensureColumns: added scenes.error_msg (TEXT)
ensureColumns: added props.extra_images (TEXT)
ensureColumns: added props.ref_image (TEXT)
ensureColumns: added props.error_msg (TEXT)
ensureColumns: added tenants.is_new_user_default (INTEGER DEFAULT 0)
ensureColumns: added image_generations.episode_id (INTEGER)
ensureColumns: added image_generations.use_first_frame_layout_lock (INTEGER)
ensureColumns: added image_generations.width (INTEGER)
ensureColumns: added image_generations.height (INTEGER)
ensureColumns: added video_generations.resolution (TEXT)
ensureColumns: added video_generations.seed (INTEGER)
ensureColumns: added video_generations.camera_fixed (INTEGER)
ensureColumns: added video_generations.watermark (INTEGER)
ensureColumns: added video_generations.provider_task_id (TEXT)
ensureColumns: added video_generations.archive_status (TEXT)
ensureColumns: added video_generations.archive_error (TEXT)
ensureColumns: added video_generations.archive_attempts (INTEGER NOT NULL DEFAULT 0)
ensureColumns: added video_generations.archived_at (TEXT)
ensureColumns: added video_merges.merge_options (TEXT)
ensureColumns: added video_merges.merged_url (TEXT)
ensureColumns: added video_merges.duration (INTEGER)
ensureColumns: added video_merges.completed_at (TEXT)
ensureColumns: added video_merges.error_msg (TEXT)
ensureColumns: added assets.reference_alias (TEXT)
ensureColumns: added assets.archived_at (TEXT)
ensureColumns: added omni_video_jobs.storyboard_id (INTEGER)
Ran migration: 01_init.sql #1
Ran migration: 01_init.sql #2
Ran migration: 01_init.sql #3
Ran migration: 01_init.sql #4
Ran migration: 01_init.sql #5
Ran migration: 01_init.sql #6
Ran migration: 01_init.sql #7
Ran migration: 01_init.sql #8
Ran migration: 01_init.sql #9
Ran migration: 01_init.sql #10
Ran migration: 01_init.sql #11
Ran migration: 01_init.sql #12
Ran migration: 01_init.sql #13
Ran migration: 01_init.sql #14
Ran migration: 01_init.sql #15
Ran migration: 01_init.sql #16
Ran migration: 01_init.sql #17
Ran migration: 01_init.sql #18
Skip (already exists): 02_add_default_model.sql
Ran migration: 03_add_props_episode_id.sql
Skip (already exists): 04_async_tasks_columns.sql #1
Skip (already exists): 04_async_tasks_columns.sql #2
Skip (already exists): 04_async_tasks_columns.sql #3
Skip (already exists): 05_add_image_generations_completed_at.sql #1
Skip (already exists): 05_add_image_generations_completed_at.sql #2
Skip (already exists): 06_add_characters_local_path.sql
Skip (already exists): 07_add_scenes_image_columns.sql #1
Skip (already exists): 07_add_scenes_image_columns.sql #2
Skip (already exists): 08_add_video_generations_completed_at.sql #1
Skip (already exists): 08_add_video_generations_completed_at.sql #2
Ran migration: 09_scene_prop_libraries.sql #1
Ran migration: 09_scene_prop_libraries.sql #2
Ran migration: 10_prompt_overrides.sql
Ran migration: 11_add_api_protocol.sql
Ran migration: 12_image_proxy_cache.sql
Ran migration: 13_character_identity_anchors.sql #1
Ran migration: 13_character_identity_anchors.sql #2
Ran migration: 13_character_identity_anchors.sql #3
Ran migration: 13_character_identity_anchors.sql #4
Ran migration: 13_character_identity_anchors.sql #5
Ran migration: 13_character_identity_anchors.sql #6
Ran migration: 13_character_identity_anchors.sql #7
Ran migration: 13_character_identity_anchors.sql #8
Ran migration: 13_character_identity_anchors.sql #9
Ran migration: 14_storyboard_segments_and_model_map.sql #1
Ran migration: 14_storyboard_segments_and_model_map.sql #2
Ran migration: 14_storyboard_segments_and_model_map.sql #3
Ran migration: 15_storyboard_angle_structured.sql #1
Ran migration: 15_storyboard_angle_structured.sql #2
Ran migration: 15_storyboard_angle_structured.sql #3
Ran migration: 16_character_polished_prompt.sql
Ran migration: 17_character_stages.sql
Ran migration: 18_storyboard_narration.sql
Ran migration: 19_storyboard_universal_mode.sql #1
Ran migration: 19_storyboard_universal_mode.sql #2
Ran migration: 20_character_seedance2_asset.sql
Ran migration: 21_asset_negative_prompt.sql #1
Ran migration: 21_asset_negative_prompt.sql #2
Ran migration: 21_asset_negative_prompt.sql #3
Skip (already exists): 22_library_source_id.sql #1
Skip (already exists): 22_library_source_id.sql #2
Skip (already exists): 22_library_source_id.sql #3
Skip (already exists): 22_library_source_id.sql #4
Skip (already exists): 22_library_source_id.sql #5
Skip (already exists): 22_library_source_id.sql #6
Ran migration: 22_library_source_id.sql #7
Ran migration: 22_library_source_id.sql #8
Ran migration: 22_library_source_id.sql #9
Ran migration: 23_omni_video_workbench.sql #1
Ran migration: 23_omni_video_workbench.sql #2
Ran migration: 23_omni_video_workbench.sql #3
Ran migration: 23_omni_video_workbench.sql #4
Ran migration: 23_omni_video_workbench.sql #5
Ran migration: 23_omni_video_workbench.sql #6
Ran migration: 23_omni_video_workbench.sql #7
Ran migration: 23_omni_video_workbench.sql #8
Ran migration: 23_omni_video_workbench.sql #9
Ran migration: 23_omni_video_workbench.sql #10
Ran migration: 23_omni_video_workbench.sql #11
Ran migration: 23_omni_video_workbench.sql #12
Ran migration: 24_asset_seedance2_certification.sql
Ran migration: 25_omni_sequences.sql #1
Ran migration: 25_omni_sequences.sql #2
Ran migration: 25_omni_sequences.sql #3
Ran migration: 25_omni_sequences.sql #4
Ran migration: 25_omni_sequences.sql #5
Ran migration: 26_omni_workbench_improvements.sql #1
Ran migration: 26_omni_workbench_improvements.sql #2
Ran migration: 27_ai_toolbox.sql #1
Ran migration: 27_ai_toolbox.sql #2
Ran migration: 27_ai_toolbox.sql #3
Ran migration: 27_ai_toolbox.sql #4
Ran migration: 27_ai_toolbox.sql #5
Ran migration: 27_ai_toolbox.sql #6
Ran migration: 27_ai_toolbox.sql #7
Ran migration: 28_storyboard_generation_settings.sql #1
Ran migration: 28_storyboard_generation_settings.sql #2
Ran migration: 28_storyboard_generation_settings.sql #3
Ran migration: 28_storyboard_generation_settings.sql #4
Ran migration: 29_resource_seedance2_asset.sql #1
Ran migration: 29_resource_seedance2_asset.sql #2
Ran migration: 30_storyboard_omni_assets.sql #1
Ran migration: 30_storyboard_omni_assets.sql #2
Ran migration: 30_storyboard_omni_assets.sql #3
Ran migration: 30_storyboard_omni_assets.sql #4
Ran migration: 30_storyboard_omni_assets.sql #5
Ran migration: 30_storyboard_omni_assets.sql #6
Ran migration: 30_storyboard_omni_assets.sql #7
Ran migration: 30_storyboard_omni_assets.sql #8
Ran migration: 30_storyboard_omni_assets.sql #9
Ran migration: 31_storyboard_sort_order.sql
Ran migration: 32_asset_favorites.sql
Ran migration: 33_auth_billing_admin.sql #1
Ran migration: 33_auth_billing_admin.sql #2
Ran migration: 33_auth_billing_admin.sql #3
Ran migration: 33_auth_billing_admin.sql #4
Ran migration: 33_auth_billing_admin.sql #5
Ran migration: 33_auth_billing_admin.sql #6
Ran migration: 33_auth_billing_admin.sql #7
Ran migration: 33_auth_billing_admin.sql #8
Ran migration: 33_auth_billing_admin.sql #9
Ran migration: 33_auth_billing_admin.sql #10
Ran migration: 33_auth_billing_admin.sql #11
Ran migration: 33_auth_billing_admin.sql #12
Ran migration: 33_auth_billing_admin.sql #13
Ran migration: 33_auth_billing_admin.sql #14
Ran migration: 33_auth_billing_admin.sql #15
Ran migration: 33_auth_billing_admin.sql #16
Ran migration: 33_auth_billing_admin.sql #17
Ran migration: 33_auth_billing_admin.sql #18
Ran migration: 33_auth_billing_admin.sql #19
Ran migration: 33_auth_billing_admin.sql #20
Ran migration: 33_auth_billing_admin.sql #21
Ran migration: 34_workflow_ownership.sql #1
Ran migration: 34_workflow_ownership.sql #2
Ran migration: 34_workflow_ownership.sql #3
Ran migration: 34_workflow_ownership.sql #4
Ran migration: 34_workflow_ownership.sql #5
Ran migration: 34_workflow_ownership.sql #6
Ran migration: 34_workflow_ownership.sql #7
Ran migration: 35_runtime_auth_settings.sql
Ran migration: 36_volcengine_seedream_official_prices.sql #1
Ran migration: 36_volcengine_seedream_official_prices.sql #2
Ran migration: 36_volcengine_seedream_official_prices.sql #3
Ran migration: 37_points_ratio_and_volcengine_video_prices.sql #1
Ran migration: 37_points_ratio_and_volcengine_video_prices.sql #2
Ran migration: 37_points_ratio_and_volcengine_video_prices.sql #3
Ran migration: 37_points_ratio_and_volcengine_video_prices.sql #4
Ran migration: 37_points_ratio_and_volcengine_video_prices.sql #5
Ran migration: 37_points_ratio_and_volcengine_video_prices.sql #6
Ran migration: 37_points_ratio_and_volcengine_video_prices.sql #7
Ran migration: 37_points_ratio_and_volcengine_video_prices.sql #8
Ran migration: 38_seedance_video_rate_contexts.sql #1
Ran migration: 38_seedance_video_rate_contexts.sql #2
Ran migration: 39_billing_key_for_custom_providers.sql #1
Ran migration: 39_billing_key_for_custom_providers.sql #2
Ran migration: 40_volcengine_text_tts_official_prices.sql #1
Ran migration: 40_volcengine_text_tts_official_prices.sql #2
Ran migration: 40_volcengine_text_tts_official_prices.sql #3
Ran migration: 40_volcengine_text_tts_official_prices.sql #4
Ran migration: 40_volcengine_text_tts_official_prices.sql #5
Ran migration: 41_billing_reconciliation.sql #1
Ran migration: 41_billing_reconciliation.sql #2
Ran migration: 41_billing_reconciliation.sql #3
Ran migration: 42_volcengine_seed_2_lite_prices.sql #1
Ran migration: 42_volcengine_seed_2_lite_prices.sql #2
Ran migration: 43_video_usage_output_meter_and_snapshot.sql #1
Ran migration: 43_video_usage_output_meter_and_snapshot.sql #2
Ran migration: 43_video_usage_output_meter_and_snapshot.sql #3
Ran migration: 44_deduplicate_video_output_meters.sql #1
Ran migration: 44_deduplicate_video_output_meters.sql #2
Ran migration: 45_remove_legacy_model_permissions.sql
Ran migration: 46_seed_2_lite_context_tier.sql #1
Ran migration: 46_seed_2_lite_context_tier.sql #2
Ran migration: 46_seed_2_lite_context_tier.sql #3
Ran migration: 47_seedance_2_mini_price.sql #1
Ran migration: 47_seedance_2_mini_price.sql #2
Ran migration: 48_media_archive_records.sql #1
Ran migration: 48_media_archive_records.sql #2
Ran migration: 49_seedance_2_5_price.sql #1
Ran migration: 49_seedance_2_5_price.sql #2
Ran migration: 50_storyboard_generation_inheritance.sql #1
Ran migration: 50_storyboard_generation_inheritance.sql #2
Ran migration: 51_video_poster_path.sql
Ran migration: 52_asset_links_video_interpolation.sql #1
Ran migration: 52_asset_links_video_interpolation.sql #2
Ran migration: 52_asset_links_video_interpolation.sql #3
Ran migration: 52_asset_links_video_interpolation.sql #4
Ran migration: 52_asset_links_video_interpolation.sql #5
Ran migration: 52_asset_links_video_interpolation.sql #6
Ran migration: 52_asset_links_video_interpolation.sql #7
Ran migration: 52_asset_links_video_interpolation.sql #8
Ran migration: 52_asset_links_video_interpolation.sql #9
Ran migration: 52_asset_links_video_interpolation.sql #10
Ran migration: 52_asset_links_video_interpolation.sql #11
Ran migration: 52_asset_links_video_interpolation.sql #12
Ran migration: 52_asset_links_video_interpolation.sql #13
Ran migration: 52_asset_links_video_interpolation.sql #14
Ran migration: 52_asset_links_video_interpolation.sql #15
Ran migration: 52_asset_links_video_interpolation.sql #16
Ran migration: 52_asset_links_video_interpolation.sql #17
Ran migration: 53_video_upscale_and_billing_reaudit.sql #1
Ran migration: 53_video_upscale_and_billing_reaudit.sql #2
Ran migration: 53_video_upscale_and_billing_reaudit.sql #3
Ran migration: 53_video_upscale_and_billing_reaudit.sql #4
Ran migration: 53_video_upscale_and_billing_reaudit.sql #5
Ran migration: 53_video_upscale_and_billing_reaudit.sql #6
Ran migration: 53_video_upscale_and_billing_reaudit.sql #7
Ran migration: 53_video_upscale_and_billing_reaudit.sql #9
Ran migration: 53_video_upscale_and_billing_reaudit.sql #10
Ran migration: 54_storyboard_optional_video_postprocess.sql #1
Ran migration: 54_storyboard_optional_video_postprocess.sql #2
Ran migration: 54_storyboard_optional_video_postprocess.sql #3
Ran migration: 55_video_intermediate_cleanup_opt_in.sql
Ran migration: 56_fix_mediakit_postprocess_display_fallback_prices.sql #1
Ran migration: 56_fix_mediakit_postprocess_display_fallback_prices.sql #2
Ran migration: 57_mediakit_shared_connection_defaults.sql
Ran migration: 58_storyboard_active_video_version.sql
Ran migration: 59_operations_alert_settings.sql #1
Ran migration: 59_operations_alert_settings.sql #2
Ran migration: 60_operations_report_snapshots.sql
Ran migration: 61_tenant_billing_and_console_isolation.sql #1
Ran migration: 61_tenant_billing_and_console_isolation.sql #2
Ran migration: 61_tenant_billing_and_console_isolation.sql #3
Ran migration: 61_tenant_billing_and_console_isolation.sql #4
Ran migration: 61_tenant_billing_and_console_isolation.sql #5
Ran migration: 61_tenant_billing_and_console_isolation.sql #6
Ran migration: 61_tenant_billing_and_console_isolation.sql #7
Ran migration: 61_tenant_billing_and_console_isolation.sql #8
Ran migration: 61_tenant_billing_and_console_isolation.sql #9
Ran migration: 61_tenant_billing_and_console_isolation.sql #10
Ran migration: 61_tenant_billing_and_console_isolation.sql #11
Ran migration: 61_tenant_billing_and_console_isolation.sql #12
Ran migration: 61_tenant_billing_and_console_isolation.sql #13
Ran migration: 61_tenant_billing_and_console_isolation.sql #14
Ran migration: 61_tenant_billing_and_console_isolation.sql #15
Ran migration: 61_tenant_billing_and_console_isolation.sql #16
Ran migration: 62_migrate_existing_users_to_default_tenant.sql #1
Ran migration: 62_migrate_existing_users_to_default_tenant.sql #2
Ran migration: 62_migrate_existing_users_to_default_tenant.sql #3
Ran migration: 62_migrate_existing_users_to_default_tenant.sql #4
Ran migration: 62_migrate_existing_users_to_default_tenant.sql #5
Ran migration: 63_geeknow_gpt_image_2_price.sql #1
Ran migration: 63_geeknow_gpt_image_2_price.sql #2
Ran migration: 64_default_tenant_price_book_compatibility.sql
Ran migration: 65_tool_run_tenant_scope.sql #1
Ran migration: 65_tool_run_tenant_scope.sql #2
Ran migration: 66_tenant_config_defaults.sql #1
Ran migration: 66_tenant_config_defaults.sql #2
Ran migration: 66_tenant_config_defaults.sql #3
Ran migration: 66_tenant_config_defaults.sql #4
Ran migration: 66_tenant_config_defaults.sql #5
Ran migration: 67_tenant_owned_ai_configs.sql #1
Ran migration: 67_tenant_owned_ai_configs.sql #2
Ran migration: 68_preserve_legacy_default_tenant.sql #1
Ran migration: 68_preserve_legacy_default_tenant.sql #2
Skip migration (table not found, will be ensured later): 69_homepage_default_video_resources.sql - no such table: global_settings
Ran migration: 70_billing_project_usage_snapshots.sql #1
Ran migration: 70_billing_project_usage_snapshots.sql #2
Ran migration: 70_billing_project_usage_snapshots.sql #3
Ran migration: 70_billing_project_usage_snapshots.sql #4
Ran migration: 70_billing_project_usage_snapshots.sql #5
Ran migration: 70_billing_project_usage_snapshots.sql #6
Ran migration: 70_billing_project_usage_snapshots.sql #7
Ran migration: 70_billing_project_usage_snapshots.sql #8
Ran migration: 70_billing_project_usage_snapshots.sql #9
Ran migration: 70_billing_project_usage_snapshots.sql #10
Ran migration: 70_billing_project_usage_snapshots.sql #11
Ran migration: 70_billing_project_usage_snapshots.sql #12
Ran migration: 70_billing_project_usage_snapshots.sql #13
Ran migration: 70_billing_project_usage_snapshots.sql #14
Ran migration: 71_billable_project_context.sql #1
Ran migration: 71_billable_project_context.sql #2
Ran migration: 71_billable_project_context.sql #3
Ran migration: 71_billable_project_context.sql #4
Migrated billing ledger to micro-points: [33m10000[39m
ensureColumns: added storyboards.layout_description (TEXT)
ensureColumns: added storyboards.image_url (TEXT)
ensureColumns: added storyboards.local_path (TEXT)
ensureColumns: added storyboards.main_panel_idx (INTEGER)
ensureColumns: added storyboards.composed_image (TEXT)
ensureColumns: added storyboards.result (TEXT)
ensureColumns: added storyboards.emotion (TEXT)
ensureColumns: added storyboards.emotion_intensity (INTEGER)
ensureColumns: added storyboards.error_msg (TEXT)
ensureColumns: added storyboards.lighting_style (TEXT)
ensureColumns: added storyboards.depth_of_field (TEXT)
ensureColumns: added storyboards.polished_prompt (TEXT)
ensureColumns: added storyboards.continuity_snapshot (TEXT)
ensureColumns: added storyboards.audio_local_path (TEXT)
ensureColumns: added storyboards.narration_audio_local_path (TEXT)
ensureColumns: added storyboards.omni_prompt_document_json (TEXT)
ensureColumns: added storyboards.first_frame_image_id (INTEGER)
ensureColumns: added storyboards.last_frame_image_id (INTEGER)
ensureColumns: added storyboards.last_frame_image_url (TEXT)
ensureColumns: added storyboards.last_frame_local_path (TEXT)
ensureColumns: added characters.extra_images (TEXT)
ensureColumns: added characters.error_msg (TEXT)
ensureColumns: added characters.ref_image (TEXT)
ensureColumns: added characters.seedance2_voice_asset (TEXT)
ensureColumns: added scenes.polished_prompt (TEXT)
ensureColumns: added scenes.extra_images (TEXT)
ensureColumns: added scenes.ref_image (TEXT)
ensureColumns: added scenes.error_msg (TEXT)
ensureColumns: added props.extra_images (TEXT)
ensureColumns: added props.ref_image (TEXT)
ensureColumns: added props.error_msg (TEXT)
ensureColumns: added tenants.is_new_user_default (INTEGER DEFAULT 0)
ensureColumns: added image_generations.episode_id (INTEGER)
ensureColumns: added image_generations.use_first_frame_layout_lock (INTEGER)
ensureColumns: added image_generations.width (INTEGER)
ensureColumns: added image_generations.height (INTEGER)
ensureColumns: added video_generations.resolution (TEXT)
ensureColumns: added video_generations.seed (INTEGER)
ensureColumns: added video_generations.camera_fixed (INTEGER)
ensureColumns: added video_generations.watermark (INTEGER)
ensureColumns: added video_generations.provider_task_id (TEXT)
ensureColumns: added video_generations.archive_status (TEXT)
ensureColumns: added video_generations.archive_error (TEXT)
ensureColumns: added video_generations.archive_attempts (INTEGER NOT NULL DEFAULT 0)
ensureColumns: added video_generations.archived_at (TEXT)
ensureColumns: added video_merges.merge_options (TEXT)
ensureColumns: added video_merges.merged_url (TEXT)
ensureColumns: added video_merges.duration (INTEGER)
ensureColumns: added video_merges.completed_at (TEXT)
ensureColumns: added video_merges.error_msg (TEXT)
ensureColumns: added assets.reference_alias (TEXT)
ensureColumns: added assets.archived_at (TEXT)
ensureColumns: added omni_video_jobs.storyboard_id (INTEGER)
Ran migration: 01_init.sql #1
Ran migration: 01_init.sql #2
Ran migration: 01_init.sql #3
Ran migration: 01_init.sql #4
Ran migration: 01_init.sql #5
Ran migration: 01_init.sql #6
Ran migration: 01_init.sql #7
Ran migration: 01_init.sql #8
Ran migration: 01_init.sql #9
Ran migration: 01_init.sql #10
Ran migration: 01_init.sql #11
Ran migration: 01_init.sql #12
Ran migration: 01_init.sql #13
Ran migration: 01_init.sql #14
Ran migration: 01_init.sql #15
Ran migration: 01_init.sql #16
Ran migration: 01_init.sql #17
Ran migration: 01_init.sql #18
Skip (already exists): 02_add_default_model.sql
Ran migration: 03_add_props_episode_id.sql
Skip (already exists): 04_async_tasks_columns.sql #1
Skip (already exists): 04_async_tasks_columns.sql #2
Skip (already exists): 04_async_tasks_columns.sql #3
Skip (already exists): 05_add_image_generations_completed_at.sql #1
Skip (already exists): 05_add_image_generations_completed_at.sql #2
Skip (already exists): 06_add_characters_local_path.sql
Skip (already exists): 07_add_scenes_image_columns.sql #1
Skip (already exists): 07_add_scenes_image_columns.sql #2
Skip (already exists): 08_add_video_generations_completed_at.sql #1
Skip (already exists): 08_add_video_generations_completed_at.sql #2
Ran migration: 09_scene_prop_libraries.sql #1
Ran migration: 09_scene_prop_libraries.sql #2
Ran migration: 10_prompt_overrides.sql
Ran migration: 11_add_api_protocol.sql
Ran migration: 12_image_proxy_cache.sql
Ran migration: 13_character_identity_anchors.sql #1
Ran migration: 13_character_identity_anchors.sql #2
Ran migration: 13_character_identity_anchors.sql #3
Ran migration: 13_character_identity_anchors.sql #4
Ran migration: 13_character_identity_anchors.sql #5
Ran migration: 13_character_identity_anchors.sql #6
Ran migration: 13_character_identity_anchors.sql #7
Ran migration: 13_character_identity_anchors.sql #8
Ran migration: 13_character_identity_anchors.sql #9
Ran migration: 14_storyboard_segments_and_model_map.sql #1
Ran migration: 14_storyboard_segments_and_model_map.sql #2
Ran migration: 14_storyboard_segments_and_model_map.sql #3
Ran migration: 15_storyboard_angle_structured.sql #1
Ran migration: 15_storyboard_angle_structured.sql #2
Ran migration: 15_storyboard_angle_structured.sql #3
Ran migration: 16_character_polished_prompt.sql
Ran migration: 17_character_stages.sql
Ran migration: 18_storyboard_narration.sql
Ran migration: 19_storyboard_universal_mode.sql #1
Ran migration: 19_storyboard_universal_mode.sql #2
Ran migration: 20_character_seedance2_asset.sql
Ran migration: 21_asset_negative_prompt.sql #1
Ran migration: 21_asset_negative_prompt.sql #2
Ran migration: 21_asset_negative_prompt.sql #3
Skip (already exists): 22_library_source_id.sql #1
Skip (already exists): 22_library_source_id.sql #2
Skip (already exists): 22_library_source_id.sql #3
Skip (already exists): 22_library_source_id.sql #4
Skip (already exists): 22_library_source_id.sql #5
Skip (already exists): 22_library_source_id.sql #6
Ran migration: 22_library_source_id.sql #7
Ran migration: 22_library_source_id.sql #8
Ran migration: 22_library_source_id.sql #9
Ran migration: 23_omni_video_workbench.sql #1
Ran migration: 23_omni_video_workbench.sql #2
Ran migration: 23_omni_video_workbench.sql #3
Ran migration: 23_omni_video_workbench.sql #4
Ran migration: 23_omni_video_workbench.sql #5
Ran migration: 23_omni_video_workbench.sql #6
Ran migration: 23_omni_video_workbench.sql #7
Ran migration: 23_omni_video_workbench.sql #8
Ran migration: 23_omni_video_workbench.sql #9
Ran migration: 23_omni_video_workbench.sql #10
Ran migration: 23_omni_video_workbench.sql #11
Ran migration: 23_omni_video_workbench.sql #12
Ran migration: 24_asset_seedance2_certification.sql
Ran migration: 25_omni_sequences.sql #1
Ran migration: 25_omni_sequences.sql #2
Ran migration: 25_omni_sequences.sql #3
Ran migration: 25_omni_sequences.sql #4
Ran migration: 25_omni_sequences.sql #5
Ran migration: 26_omni_workbench_improvements.sql #1
Ran migration: 26_omni_workbench_improvements.sql #2
Ran migration: 27_ai_toolbox.sql #1
Ran migration: 27_ai_toolbox.sql #2
Ran migration: 27_ai_toolbox.sql #3
Ran migration: 27_ai_toolbox.sql #4
Ran migration: 27_ai_toolbox.sql #5
Ran migration: 27_ai_toolbox.sql #6
Ran migration: 27_ai_toolbox.sql #7
Ran migration: 28_storyboard_generation_settings.sql #1
Ran migration: 28_storyboard_generation_settings.sql #2
Ran migration: 28_storyboard_generation_settings.sql #3
Ran migration: 28_storyboard_generation_settings.sql #4
Ran migration: 29_resource_seedance2_asset.sql #1
Ran migration: 29_resource_seedance2_asset.sql #2
Ran migration: 30_storyboard_omni_assets.sql #1
Ran migration: 30_storyboard_omni_assets.sql #2
Ran migration: 30_storyboard_omni_assets.sql #3
Ran migration: 30_storyboard_omni_assets.sql #4
Ran migration: 30_storyboard_omni_assets.sql #5
Ran migration: 30_storyboard_omni_assets.sql #6
Ran migration: 30_storyboard_omni_assets.sql #7
Ran migration: 30_storyboard_omni_assets.sql #8
Ran migration: 30_storyboard_omni_assets.sql #9
Ran migration: 31_storyboard_sort_order.sql
Ran migration: 32_asset_favorites.sql
Ran migration: 33_auth_billing_admin.sql #1
Ran migration: 33_auth_billing_admin.sql #2
Ran migration: 33_auth_billing_admin.sql #3
Ran migration: 33_auth_billing_admin.sql #4
Ran migration: 33_auth_billing_admin.sql #5
Ran migration: 33_auth_billing_admin.sql #6
Ran migration: 33_auth_billing_admin.sql #7
Ran migration: 33_auth_billing_admin.sql #8
Ran migration: 33_auth_billing_admin.sql #9
Ran migration: 33_auth_billing_admin.sql #10
Ran migration: 33_auth_billing_admin.sql #11
Ran migration: 33_auth_billing_admin.sql #12
Ran migration: 33_auth_billing_admin.sql #13
Ran migration: 33_auth_billing_admin.sql #14
Ran migration: 33_auth_billing_admin.sql #15
Ran migration: 33_auth_billing_admin.sql #16
Ran migration: 33_auth_billing_admin.sql #17
Ran migration: 33_auth_billing_admin.sql #18
Ran migration: 33_auth_billing_admin.sql #19
Ran migration: 33_auth_billing_admin.sql #20
Ran migration: 33_auth_billing_admin.sql #21
Ran migration: 34_workflow_ownership.sql #1
Ran migration: 34_workflow_ownership.sql #2
Ran migration: 34_workflow_ownership.sql #3
Ran migration: 34_workflow_ownership.sql #4
Ran migration: 34_workflow_ownership.sql #5
Ran migration: 34_workflow_ownership.sql #6
Ran migration: 34_workflow_ownership.sql #7
Ran migration: 35_runtime_auth_settings.sql
Ran migration: 36_volcengine_seedream_official_prices.sql #1
Ran migration: 36_volcengine_seedream_official_prices.sql #2
Ran migration: 36_volcengine_seedream_official_prices.sql #3
Ran migration: 37_points_ratio_and_volcengine_video_prices.sql #1
Ran migration: 37_points_ratio_and_volcengine_video_prices.sql #2
Ran migration: 37_points_ratio_and_volcengine_video_prices.sql #3
Ran migration: 37_points_ratio_and_volcengine_video_prices.sql #4
Ran migration: 37_points_ratio_and_volcengine_video_prices.sql #5
Ran migration: 37_points_ratio_and_volcengine_video_prices.sql #6
Ran migration: 37_points_ratio_and_volcengine_video_prices.sql #7
Ran migration: 37_points_ratio_and_volcengine_video_prices.sql #8
Ran migration: 38_seedance_video_rate_contexts.sql #1
Ran migration: 38_seedance_video_rate_contexts.sql #2
Ran migration: 39_billing_key_for_custom_providers.sql #1
Ran migration: 39_billing_key_for_custom_providers.sql #2
Ran migration: 40_volcengine_text_tts_official_prices.sql #1
Ran migration: 40_volcengine_text_tts_official_prices.sql #2
Ran migration: 40_volcengine_text_tts_official_prices.sql #3
Ran migration: 40_volcengine_text_tts_official_prices.sql #4
Ran migration: 40_volcengine_text_tts_official_prices.sql #5
Ran migration: 41_billing_reconciliation.sql #1
Ran migration: 41_billing_reconciliation.sql #2
Ran migration: 41_billing_reconciliation.sql #3
Ran migration: 42_volcengine_seed_2_lite_prices.sql #1
Ran migration: 42_volcengine_seed_2_lite_prices.sql #2
Ran migration: 43_video_usage_output_meter_and_snapshot.sql #1
Ran migration: 43_video_usage_output_meter_and_snapshot.sql #2
Ran migration: 43_video_usage_output_meter_and_snapshot.sql #3
Ran migration: 44_deduplicate_video_output_meters.sql #1
Ran migration: 44_deduplicate_video_output_meters.sql #2
Ran migration: 45_remove_legacy_model_permissions.sql
Ran migration: 46_seed_2_lite_context_tier.sql #1
Ran migration: 46_seed_2_lite_context_tier.sql #2
Ran migration: 46_seed_2_lite_context_tier.sql #3
Ran migration: 47_seedance_2_mini_price.sql #1
Ran migration: 47_seedance_2_mini_price.sql #2
Ran migration: 48_media_archive_records.sql #1
Ran migration: 48_media_archive_records.sql #2
Ran migration: 49_seedance_2_5_price.sql #1
Ran migration: 49_seedance_2_5_price.sql #2
Ran migration: 50_storyboard_generation_inheritance.sql #1
Ran migration: 50_storyboard_generation_inheritance.sql #2
Ran migration: 51_video_poster_path.sql
Ran migration: 52_asset_links_video_interpolation.sql #1
Ran migration: 52_asset_links_video_interpolation.sql #2
Ran migration: 52_asset_links_video_interpolation.sql #3
Ran migration: 52_asset_links_video_interpolation.sql #4
Ran migration: 52_asset_links_video_interpolation.sql #5
Ran migration: 52_asset_links_video_interpolation.sql #6
Ran migration: 52_asset_links_video_interpolation.sql #7
Ran migration: 52_asset_links_video_interpolation.sql #8
Ran migration: 52_asset_links_video_interpolation.sql #9
Ran migration: 52_asset_links_video_interpolation.sql #10
Ran migration: 52_asset_links_video_interpolation.sql #11
Ran migration: 52_asset_links_video_interpolation.sql #12
Ran migration: 52_asset_links_video_interpolation.sql #13
Ran migration: 52_asset_links_video_interpolation.sql #14
Ran migration: 52_asset_links_video_interpolation.sql #15
Ran migration: 52_asset_links_video_interpolation.sql #16
Ran migration: 52_asset_links_video_interpolation.sql #17
Ran migration: 53_video_upscale_and_billing_reaudit.sql #1
Ran migration: 53_video_upscale_and_billing_reaudit.sql #2
Ran migration: 53_video_upscale_and_billing_reaudit.sql #3
Ran migration: 53_video_upscale_and_billing_reaudit.sql #4
Ran migration: 53_video_upscale_and_billing_reaudit.sql #5
Ran migration: 53_video_upscale_and_billing_reaudit.sql #6
Ran migration: 53_video_upscale_and_billing_reaudit.sql #7
Ran migration: 53_video_upscale_and_billing_reaudit.sql #9
Ran migration: 53_video_upscale_and_billing_reaudit.sql #10
Ran migration: 54_storyboard_optional_video_postprocess.sql #1
Ran migration: 54_storyboard_optional_video_postprocess.sql #2
Ran migration: 54_storyboard_optional_video_postprocess.sql #3
Ran migration: 55_video_intermediate_cleanup_opt_in.sql
Ran migration: 56_fix_mediakit_postprocess_display_fallback_prices.sql #1
Ran migration: 56_fix_mediakit_postprocess_display_fallback_prices.sql #2
Ran migration: 57_mediakit_shared_connection_defaults.sql
Ran migration: 58_storyboard_active_video_version.sql
Ran migration: 59_operations_alert_settings.sql #1
Ran migration: 59_operations_alert_settings.sql #2
Ran migration: 60_operations_report_snapshots.sql
Ran migration: 61_tenant_billing_and_console_isolation.sql #1
Ran migration: 61_tenant_billing_and_console_isolation.sql #2
Ran migration: 61_tenant_billing_and_console_isolation.sql #3
Ran migration: 61_tenant_billing_and_console_isolation.sql #4
Ran migration: 61_tenant_billing_and_console_isolation.sql #5
Ran migration: 61_tenant_billing_and_console_isolation.sql #6
Ran migration: 61_tenant_billing_and_console_isolation.sql #7
Ran migration: 61_tenant_billing_and_console_isolation.sql #8
Ran migration: 61_tenant_billing_and_console_isolation.sql #9
Ran migration: 61_tenant_billing_and_console_isolation.sql #10
Ran migration: 61_tenant_billing_and_console_isolation.sql #11
Ran migration: 61_tenant_billing_and_console_isolation.sql #12
Ran migration: 61_tenant_billing_and_console_isolation.sql #13
Ran migration: 61_tenant_billing_and_console_isolation.sql #14
Ran migration: 61_tenant_billing_and_console_isolation.sql #15
Ran migration: 61_tenant_billing_and_console_isolation.sql #16
Ran migration: 62_migrate_existing_users_to_default_tenant.sql #1
Ran migration: 62_migrate_existing_users_to_default_tenant.sql #2
Ran migration: 62_migrate_existing_users_to_default_tenant.sql #3
Ran migration: 62_migrate_existing_users_to_default_tenant.sql #4
Ran migration: 62_migrate_existing_users_to_default_tenant.sql #5
Ran migration: 63_geeknow_gpt_image_2_price.sql #1
Ran migration: 63_geeknow_gpt_image_2_price.sql #2
Ran migration: 64_default_tenant_price_book_compatibility.sql
Ran migration: 65_tool_run_tenant_scope.sql #1
Ran migration: 65_tool_run_tenant_scope.sql #2
Ran migration: 66_tenant_config_defaults.sql #1
Ran migration: 66_tenant_config_defaults.sql #2
Ran migration: 66_tenant_config_defaults.sql #3
Ran migration: 66_tenant_config_defaults.sql #4
Ran migration: 66_tenant_config_defaults.sql #5
Ran migration: 67_tenant_owned_ai_configs.sql #1
Ran migration: 67_tenant_owned_ai_configs.sql #2
Ran migration: 68_preserve_legacy_default_tenant.sql #1
Ran migration: 68_preserve_legacy_default_tenant.sql #2
Skip migration (table not found, will be ensured later): 69_homepage_default_video_resources.sql - no such table: global_settings
Ran migration: 70_billing_project_usage_snapshots.sql #1
Ran migration: 70_billing_project_usage_snapshots.sql #2
Ran migration: 70_billing_project_usage_snapshots.sql #3
Ran migration: 70_billing_project_usage_snapshots.sql #4
Ran migration: 70_billing_project_usage_snapshots.sql #5
Ran migration: 70_billing_project_usage_snapshots.sql #6
Ran migration: 70_billing_project_usage_snapshots.sql #7
Ran migration: 70_billing_project_usage_snapshots.sql #8
Ran migration: 70_billing_project_usage_snapshots.sql #9
Ran migration: 70_billing_project_usage_snapshots.sql #10
Ran migration: 70_billing_project_usage_snapshots.sql #11
Ran migration: 70_billing_project_usage_snapshots.sql #12
Ran migration: 70_billing_project_usage_snapshots.sql #13
Ran migration: 70_billing_project_usage_snapshots.sql #14
Ran migration: 71_billable_project_context.sql #1
Ran migration: 71_billable_project_context.sql #2
Ran migration: 71_billable_project_context.sql #3
Ran migration: 71_billable_project_context.sql #4
Migrated billing ledger to micro-points: [33m10000[39m
ensureColumns: added storyboards.layout_description (TEXT)
ensureColumns: added storyboards.image_url (TEXT)
ensureColumns: added storyboards.local_path (TEXT)
ensureColumns: added storyboards.main_panel_idx (INTEGER)
ensureColumns: added storyboards.composed_image (TEXT)
ensureColumns: added storyboards.result (TEXT)
ensureColumns: added storyboards.emotion (TEXT)
ensureColumns: added storyboards.emotion_intensity (INTEGER)
ensureColumns: added storyboards.error_msg (TEXT)
ensureColumns: added storyboards.lighting_style (TEXT)
ensureColumns: added storyboards.depth_of_field (TEXT)
ensureColumns: added storyboards.polished_prompt (TEXT)
ensureColumns: added storyboards.continuity_snapshot (TEXT)
ensureColumns: added storyboards.audio_local_path (TEXT)
ensureColumns: added storyboards.narration_audio_local_path (TEXT)
ensureColumns: added storyboards.omni_prompt_document_json (TEXT)
ensureColumns: added storyboards.first_frame_image_id (INTEGER)
ensureColumns: added storyboards.last_frame_image_id (INTEGER)
ensureColumns: added storyboards.last_frame_image_url (TEXT)
ensureColumns: added storyboards.last_frame_local_path (TEXT)
ensureColumns: added characters.extra_images (TEXT)
ensureColumns: added characters.error_msg (TEXT)
ensureColumns: added characters.ref_image (TEXT)
ensureColumns: added characters.seedance2_voice_asset (TEXT)
ensureColumns: added scenes.polished_prompt (TEXT)
ensureColumns: added scenes.extra_images (TEXT)
ensureColumns: added scenes.ref_image (TEXT)
ensureColumns: added scenes.error_msg (TEXT)
ensureColumns: added props.extra_images (TEXT)
ensureColumns: added props.ref_image (TEXT)
ensureColumns: added props.error_msg (TEXT)
ensureColumns: added tenants.is_new_user_default (INTEGER DEFAULT 0)
ensureColumns: added image_generations.episode_id (INTEGER)
ensureColumns: added image_generations.use_first_frame_layout_lock (INTEGER)
ensureColumns: added image_generations.width (INTEGER)
ensureColumns: added image_generations.height (INTEGER)
ensureColumns: added video_generations.resolution (TEXT)
ensureColumns: added video_generations.seed (INTEGER)
ensureColumns: added video_generations.camera_fixed (INTEGER)
ensureColumns: added video_generations.watermark (INTEGER)
ensureColumns: added video_generations.provider_task_id (TEXT)
ensureColumns: added video_generations.archive_status (TEXT)
ensureColumns: added video_generations.archive_error (TEXT)
ensureColumns: added video_generations.archive_attempts (INTEGER NOT NULL DEFAULT 0)
ensureColumns: added video_generations.archived_at (TEXT)
ensureColumns: added video_merges.merge_options (TEXT)
ensureColumns: added video_merges.merged_url (TEXT)
ensureColumns: added video_merges.duration (INTEGER)
ensureColumns: added video_merges.completed_at (TEXT)
ensureColumns: added video_merges.error_msg (TEXT)
ensureColumns: added assets.reference_alias (TEXT)
ensureColumns: added assets.archived_at (TEXT)
ensureColumns: added omni_video_jobs.storyboard_id (INTEGER)
[32m✔ generative enhancement reservation persists before provider submission [90m(552.7186ms)[39m[39m
[32m✔ upscale retry releases the failed authorization before reserving the retry stage [90m(427.3206ms)[39m[39m
[32m✔ enhancement submit preserves fps by omitting it and uses client_token [90m(373.1526ms)[39m[39m
[32m✔ enhancement persists local output, exact billing and idempotent replay [90m(911.5743ms)[39m[39m
[32m✔ extractVideoProviderUsage accepts every supported provider completion envelope [90m(2.581ms)[39m[39m
[32m✔ extractVideoProviderUsage never fabricates usage from a completed task [90m(0.9324ms)[39m[39m
[32m✔ Seedance completion usage is converted to the actual token settlement, not the reservation [90m(0.2718ms)[39m[39m
[32m✔ sanitizeVideoProviderResponse preserves usage but redacts sensitive fields [90m(0.7244ms)[39m[39m
[32m✔ Seedance omni request carries every image reference and the selected audio reference [90m(5.1943ms)[39m[39m
[32m✔ Seedance omni converts a library relative path to a data URL before sending it [90m(22.2753ms)[39m[39m
[34mℹ tests 206[39m
[34mℹ suites 11[39m
[34mℹ pass 206[39m
[34mℹ fail 0[39m
[34mℹ cancelled 0[39m
[34mℹ skipped 0[39m
[34mℹ todo 0[39m
[34mℹ duration_ms 9824.4857[39m
